{"source_name": "HAZUS_PC2M", "target_name": "SUPPASRI2013_RC3", "source_damage_states": [0, 1, 2, 3, 4], "target_damage_states": [0, 1, 2, 3, 4, 5, 6], "conv_matrix": "{\"0\":{\"0\":0.0000919139,\"1\":0.000534088,\"2\":0.0005066746,\"3\":0.0000000006,\"4\":8.848676362e-17},\"1\":{\"0\":0.0060707137,\"1\":0.2299682396,\"2\":0.0000038742,\"3\":0.4405296591,\"4\":0.0002059411},\"2\":{\"0\":0.9865690483,\"1\":0.25703939,\"2\":0.0001147119,\"3\":0.0530732027,\"4\":0.0000224699},\"3\":{\"0\":0.0072679416,\"1\":0.5120938856,\"2\":0.3613736937,\"3\":0.3872616169,\"4\":0.306425907},\"4\":{\"0\":0.0000003825,\"1\":0.0003643903,\"2\":0.2689708261,\"3\":0.1008406559,\"4\":0.2268250616},\"5\":{\"0\":0.0,\"1\":0.0000000062,\"2\":0.0637077545,\"3\":0.0126957935,\"4\":0.1559817792},\"6\":{\"0\":0.0,\"1\":0.0000000003,\"2\":0.3053224651,\"3\":0.0055990712,\"4\":0.3105388411}}"}