{"source_name": "HAZUS_C1H", "target_name": "SUPPASRI2013_RC3", "source_damage_states": [0, 1, 2, 3, 4], "target_damage_states": [0, 1, 2, 3, 4, 5, 6], "conv_matrix": "{\"0\":{\"0\":0.0167805703,\"1\":0.0000032488,\"2\":0.0000000015,\"3\":0.0,\"4\":0.0},\"1\":{\"0\":0.0001447549,\"1\":0.2198806141,\"2\":0.2189439159,\"3\":0.3450362259,\"4\":6.157570593e-16},\"2\":{\"0\":0.1586862054,\"1\":0.2617067493,\"2\":0.0283101338,\"3\":0.0066076503,\"4\":0.0000000002},\"3\":{\"0\":0.4224211867,\"1\":0.4131805464,\"2\":0.4399248687,\"3\":0.4525164825,\"4\":0.0118948167},\"4\":{\"0\":0.1316429601,\"1\":0.0593943277,\"2\":0.1756261866,\"3\":0.1705889069,\"4\":0.2002826499},\"5\":{\"0\":0.0012686922,\"1\":0.0009654777,\"2\":0.0194336058,\"3\":0.0175741278,\"4\":0.2241066027},\"6\":{\"0\":0.2690556304,\"1\":0.0448690361,\"2\":0.1177612876,\"3\":0.0076766067,\"4\":0.5637159304}}"}