{"source_name": "HAZUS_S4L", "target_name": "SUPPASRI2013_W2", "source_damage_states": [0, 1, 2, 3, 4], "target_damage_states": [0, 1, 2, 3, 4, 5, 6], "conv_matrix": "{\"0\":{\"0\":0.0281233747,\"1\":0.0000000271,\"2\":0.0000072622,\"3\":0.0,\"4\":9.443099379e-17},\"1\":{\"0\":0.0002437514,\"1\":0.6466647396,\"2\":0.0078238483,\"3\":0.1080996173,\"4\":0.0000000008},\"2\":{\"0\":0.2682176681,\"1\":0.1572550307,\"2\":0.0098553809,\"3\":0.0000573491,\"4\":0.000000009},\"3\":{\"0\":0.3079919941,\"1\":0.1960625326,\"2\":0.7240504662,\"3\":0.4435106711,\"4\":0.0470256721},\"4\":{\"0\":0.1021272481,\"1\":0.0000176696,\"2\":0.1480553369,\"3\":0.2525275137,\"4\":0.2599931309},\"5\":{\"0\":0.001240799,\"1\":0.0000000003,\"2\":0.0030645222,\"3\":0.0472334241,\"4\":0.2244156175},\"6\":{\"0\":0.2920551646,\"1\":0.0,\"2\":0.1071431832,\"3\":0.1485714247,\"4\":0.4685655696}}"}