{"source_schema": "HAZUS_v1.0", "source_taxonomy": "URML", "target_schema": "SUPPASRI2013_v2.0", "target_taxonomy": "W1", "source_damage_states": [0, 1, 2, 3, 4], "target_damage_states": [0, 1, 2, 3, 4, 5, 6], "conv_matrix": {"0": {"0": 0.0167636398, "1": 1.3858e-06, "2": 3.9e-09, "3": 0.0, "4": 0.0}, "1": {"0": 0.0001445575, "1": 0.3954361615, "2": 0.1949788711, "3": 0.1877415486, "4": 0.0}, "2": {"0": 0.1585811911, "1": 0.1422584498, "2": 0.0089791627, "3": 0.0030706024, "4": 3e-10}, "3": {"0": 0.4228477786, "1": 0.4314188671, "2": 0.3947405414, "3": 0.4561330068, "4": 0.013767408}, "4": {"0": 0.1316706904, "1": 0.0296956403, "2": 0.2223185311, "3": 0.2197227167, "4": 0.2153638508}, "5": {"0": 0.0012681632, "1": 0.0002274055, "2": 0.0317653803, "3": 0.0387421638, "4": 0.2266995397}, "6": {"0": 0.2687239794, "1": 0.00096209, "2": 0.1472175094, "3": 0.0945899616, "4": 0.5441692011}}}