{"source_name": "HAZUS_S1M", "target_name": "SUPPASRI2013_RC1", "source_damage_states": [0, 1, 2, 3, 4], "target_damage_states": [0, 1, 2, 3, 4, 5, 6], "conv_matrix": "{\"0\":{\"0\":0.0115536605,\"1\":0.0000835642,\"2\":0.0000000813,\"3\":0.0000002457,\"4\":0.0000000033},\"1\":{\"0\":0.0737542591,\"1\":0.2287372132,\"2\":0.0377964252,\"3\":0.00000002,\"4\":0.0},\"2\":{\"0\":0.0219694067,\"1\":0.2768588577,\"2\":0.289996092,\"3\":0.0000003673,\"4\":0.0000000138},\"3\":{\"0\":0.7874375681,\"1\":0.4909538657,\"2\":0.6483081085,\"3\":0.6987871493,\"4\":0.2876319963},\"4\":{\"0\":0.017499181,\"1\":0.0033626189,\"2\":0.0238916557,\"3\":0.126922953,\"4\":0.1559772133},\"5\":{\"0\":0.0062199479,\"1\":0.0000021254,\"2\":0.0000067918,\"3\":0.0465063345,\"4\":0.2772267669},\"6\":{\"0\":0.0815659767,\"1\":0.0000017548,\"2\":0.0000008455,\"3\":0.1277829302,\"4\":0.2791640065}}"}