{"source_schema": "HAZUS_v1.0", "source_taxonomy": "S4L", "target_schema": "SUPPASRI2013_v2.0", "target_taxonomy": "RC2", "source_damage_states": [0, 1, 2, 3, 4], "target_damage_states": [0, 1, 2, 3, 4, 5, 6], "conv_matrix": {"0": {"0": 0.0346062429, "1": 1.14887e-05, "2": 0.0001901057, "3": 1.3e-09, "4": 5e-10}, "1": {"0": 0.155061961, "1": 0.1010502242, "2": 0.0009926214, "3": 3.2691e-06, "4": 0.0}, "2": {"0": 0.0474410193, "1": 0.5013901211, "2": 0.0009624082, "3": 0.0021235186, "4": 8.1e-09}, "3": {"0": 0.7013619104, "1": 0.3918483104, "2": 0.9331846554, "3": 0.733872827, "4": 0.291807511}, "4": {"0": 0.0108705109, "1": 0.0056998219, "2": 0.0254037878, "3": 0.1173439282, "4": 0.1604298414}, "5": {"0": 0.0018927065, "1": 3.3e-08, "2": 0.0030471107, "3": 0.0346510459, "4": 0.2538271095}, "6": {"0": 0.0487656489, "1": 8e-10, "2": 0.0362193107, "3": 0.11200541, "4": 0.2939355295}}}