{"source_name": "HAZUS_S3", "target_name": "SUPPASRI2013_W2", "source_damage_states": [0, 1, 2, 3, 4], "target_damage_states": [0, 1, 2, 3, 4, 5, 6], "conv_matrix": "{\"0\":{\"0\":0.0214498139,\"1\":0.0000000584,\"2\":0.0000022069,\"3\":0.0,\"4\":6.297699643e-18},\"1\":{\"0\":0.0001853718,\"1\":0.6224616707,\"2\":0.1164480031,\"3\":0.2681227265,\"4\":0.0000000003},\"2\":{\"0\":0.2261328577,\"1\":0.2105815864,\"2\":0.0350455193,\"3\":0.0006786384,\"4\":0.0000000001},\"3\":{\"0\":0.4430784421,\"1\":0.1669189964,\"2\":0.4706362602,\"3\":0.4710577147,\"4\":0.0134719815},\"4\":{\"0\":0.0966751056,\"1\":0.0000376875,\"2\":0.1842083513,\"3\":0.1918439609,\"4\":0.2181390155},\"5\":{\"0\":0.0008661425,\"1\":0.0000000006,\"2\":0.0268694109,\"3\":0.0274632771,\"4\":0.252104237},\"6\":{\"0\":0.2116122663,\"1\":0.0000000001,\"2\":0.1667902483,\"3\":0.0408336824,\"4\":0.5162847657}}"}