{"source_name": "HAZUS_C1L", "target_name": "SUPPARSI2013_S2", "source_damage_states": [0, 1, 2, 3, 4], "target_damage_states": [0, 1, 2, 3, 4, 5, 6], "conv_matrix": "{\"0\":{\"0\":0.0167986094,\"1\":0.0000032577,\"2\":0.0000000015,\"3\":0.0,\"4\":0.0},\"1\":{\"0\":0.0001451658,\"1\":0.2195298112,\"2\":0.2188252313,\"3\":0.3448994376,\"4\":6.11428284e-16},\"2\":{\"0\":0.1584762932,\"1\":0.2623538787,\"2\":0.0284265991,\"3\":0.0066024329,\"4\":0.0000000002},\"3\":{\"0\":0.4218096126,\"1\":0.4126772234,\"2\":0.4397005412,\"3\":0.4526197977,\"4\":0.0118460869},\"4\":{\"0\":0.1325555589,\"1\":0.0596228715,\"2\":0.1758879611,\"3\":0.1706232056,\"4\":0.200340481},\"5\":{\"0\":0.0012737685,\"1\":0.0009669642,\"2\":0.0194346674,\"3\":0.0175908925,\"4\":0.2242755968},\"6\":{\"0\":0.2689409917,\"1\":0.0448459934,\"2\":0.1177249984,\"3\":0.0076642337,\"4\":0.563537835}}"}