{"source_schema": "HAZUS_v1.0", "source_taxonomy": "RM2L", "target_schema": "SUPPASRI2013_v2.0", "target_taxonomy": "RC2", "source_damage_states": [0, 1, 2, 3, 4], "target_damage_states": [0, 1, 2, 3, 4, 5, 6], "conv_matrix": {"0": {"0": 0.0580189082, "1": 2.8016e-06, "2": 0.0004363645, "3": 1.3054e-06, "4": 2.759284055e-19}, "1": {"0": 0.4636665856, "1": 0.0774509219, "2": 0.0136825513, "3": 5.4661e-06, "4": 0.0}, "2": {"0": 0.1418462084, "1": 0.4535750096, "2": 0.0058266231, "3": 0.0013854037, "4": 1.33e-08}, "3": {"0": 0.335722331, "1": 0.451872113, "2": 0.755209543, "3": 0.688453197, "4": 0.1811363797}, "4": {"0": 0.0007456566, "1": 0.0170967363, "2": 0.0605955183, "3": 0.1285275714, "4": 0.2276569807}, "5": {"0": 9.66e-08, "1": 2.3753e-06, "2": 0.0312956496, "3": 0.0700563596, "4": 0.3712306693}, "6": {"0": 2.136e-07, "1": 4.23e-08, "2": 0.1329537502, "3": 0.1115706968, "4": 0.219975957}}}