{"source_name": "HAZUS_S3", "target_name": "SUPPASRI2013_RC1", "source_damage_states": [0, 1, 2, 3, 4], "target_damage_states": [0, 1, 2, 3, 4, 5, 6], "conv_matrix": "{\"0\":{\"0\":0.0370171595,\"1\":0.0000229569,\"2\":0.0000833345,\"3\":0.0000000025,\"4\":0.0000000005},\"1\":{\"0\":0.1398426265,\"1\":0.1234142859,\"2\":0.0260043389,\"3\":0.0000962012,\"4\":0.0},\"2\":{\"0\":0.0370103373,\"1\":0.6872208525,\"2\":0.0348754609,\"3\":0.0794270911,\"4\":0.0000000011},\"3\":{\"0\":0.747023395,\"1\":0.1879422097,\"2\":0.7635984146,\"3\":0.7598805775,\"4\":0.2294410592},\"4\":{\"0\":0.0084223503,\"1\":0.0013996644,\"2\":0.0516376793,\"3\":0.1181164656,\"4\":0.143675459},\"5\":{\"0\":0.0016396265,\"1\":0.0000000279,\"2\":0.0255522199,\"3\":0.0189956586,\"4\":0.3137318498},\"6\":{\"0\":0.029044505,\"1\":0.0000000027,\"2\":0.0982485517,\"3\":0.0234840035,\"4\":0.3131516304}}"}