{"source_name": "HAZUS_PC2M", "target_name": "SUPPASRI2013_RC2", "source_damage_states": [0, 1, 2, 3, 4], "target_damage_states": [0, 1, 2, 3, 4, 5, 6], "conv_matrix": "{\"0\":{\"0\":0.0017236771,\"1\":0.0021726708,\"2\":0.0006731809,\"3\":0.0000008376,\"4\":0.0000000005},\"1\":{\"0\":0.6948061373,\"1\":0.2271531102,\"2\":0.0000028039,\"3\":0.023149674,\"4\":0.0000000369},\"2\":{\"0\":0.2850704749,\"1\":0.1161942543,\"2\":0.0000046269,\"3\":0.2785038707,\"4\":0.00014956},\"3\":{\"0\":0.0183810997,\"1\":0.6486533778,\"2\":0.6746033633,\"3\":0.6271325422,\"4\":0.4666986508},\"4\":{\"0\":0.0000186108,\"1\":0.0058263314,\"2\":0.0731509705,\"3\":0.062686892,\"4\":0.1622017336},\"5\":{\"0\":0.0000000001,\"1\":0.00000022,\"2\":0.0660909341,\"3\":0.0064487847,\"4\":0.1967269515},\"6\":{\"0\":0.0,\"1\":0.0000000354,\"2\":0.1854741204,\"3\":0.0020773988,\"4\":0.1742230668}}"}