{"source_name": "HAZUS_C2M", "target_name": "SUPPARSI2013_S1", "source_damage_states": [0, 1, 2, 3, 4], "target_damage_states": [0, 1, 2, 3, 4, 5, 6], "conv_matrix": "{\"0\":{\"0\":0.0258879832,\"1\":0.0000065794,\"2\":0.0000000411,\"3\":0.0,\"4\":7.08745346e-17},\"1\":{\"0\":0.0002245827,\"1\":0.2581534295,\"2\":0.1287283238,\"3\":0.3807420021,\"4\":0.0283369464},\"2\":{\"0\":0.2450073571,\"1\":0.1589578252,\"2\":0.0202619609,\"3\":0.0193740955,\"4\":0.0000616266},\"3\":{\"0\":0.273371823,\"1\":0.4449980224,\"2\":0.3770805739,\"3\":0.3621924957,\"4\":0.311998196},\"4\":{\"0\":0.096220358,\"1\":0.0907890812,\"2\":0.2132141429,\"3\":0.1373987759,\"4\":0.2282289216},\"5\":{\"0\":0.0014343774,\"1\":0.0024880242,\"2\":0.0490506269,\"3\":0.028930706,\"4\":0.1497199097},\"6\":{\"0\":0.3578535187,\"1\":0.044607038,\"2\":0.2116643305,\"3\":0.0713619247,\"4\":0.2816543997}}"}