{"source_schema": "HAZUS_v1.0", "source_taxonomy": "S2M", "target_schema": "SUPPASRI2013_v2.0", "target_taxonomy": "S2", "source_damage_states": [0, 1, 2, 3, 4], "target_damage_states": [0, 1, 2, 3, 4, 5, 6], "conv_matrix": {"0": {"0": 0.0056522314, "1": 8.7e-09, "2": 9.1e-09, "3": 0.0, "4": 1.055155128e-17}, "1": {"0": 5.11045e-05, "1": 0.6321032583, "2": 0.0082552005, "3": 0.1989563158, "4": 1.2e-09}, "2": {"0": 0.1149733417, "1": 0.1738295771, "2": 0.0055926866, "3": 0.0005232584, "4": 9e-10}, "3": {"0": 0.4008707802, "1": 0.194057935, "2": 0.5408330232, "3": 0.4727826906, "4": 0.0426466324}, "4": {"0": 0.1753183238, "1": 9.2208e-06, "2": 0.2186370581, "3": 0.201639989, "4": 0.2611785352}, "5": {"0": 0.0032933368, "1": 0.0, "2": 0.0240183682, "3": 0.0434128939, "4": 0.2454266237}, "6": {"0": 0.2998408816, "1": 0.0, "2": 0.2026636542, "3": 0.0826848522, "4": 0.4507482066}}}