{"source_name": "HAZUS_C2H", "target_name": "SUPPASRI2013_RC2", "source_damage_states": [0, 1, 2, 3, 4], "target_damage_states": [0, 1, 2, 3, 4, 5, 6], "conv_matrix": "{\"0\":{\"0\":0.0427723173,\"1\":0.0002382269,\"2\":0.0000052855,\"3\":0.0000000716,\"4\":0.0000000005},\"1\":{\"0\":0.167278076,\"1\":0.1299009556,\"2\":0.0038748943,\"3\":0.0008817199,\"4\":0.0000001735},\"2\":{\"0\":0.0423602421,\"1\":0.1712330079,\"2\":0.076812405,\"3\":0.2433930147,\"4\":0.0008088647},\"3\":{\"0\":0.67899279,\"1\":0.6601237491,\"2\":0.6636809218,\"3\":0.6105479625,\"4\":0.4944975207},\"4\":{\"0\":0.0113400323,\"1\":0.0190955451,\"2\":0.0712242991,\"3\":0.0753858149,\"4\":0.1636483023},\"5\":{\"0\":0.0029658337,\"1\":0.0020116975,\"2\":0.0443650121,\"3\":0.0280979423,\"4\":0.1826248768},\"6\":{\"0\":0.0542907086,\"1\":0.017396818,\"2\":0.1400371821,\"3\":0.0416934741,\"4\":0.1584202616}}"}