{"source_name": "HAZUS_PC1", "target_name": "SUPPARSI2013_BRICK", "source_damage_states": [0, 1, 2, 3, 4], "target_damage_states": [0, 1, 2, 3, 4, 5, 6], "conv_matrix": "{\"0\":{\"0\":0.0026652638,\"1\":0.000002359,\"2\":0.0005661648,\"3\":0.0,\"4\":9.391573675e-18},\"1\":{\"0\":0.0007118989,\"1\":0.238257702,\"2\":0.0000000074,\"3\":0.3731487849,\"4\":6.418621906e-19},\"2\":{\"0\":0.3263778382,\"1\":0.189250931,\"2\":0.0000289919,\"3\":0.0347857527,\"4\":0.0},\"3\":{\"0\":0.489319839,\"1\":0.571363072,\"2\":0.2984411744,\"3\":0.4031700937,\"4\":0.00005101},\"4\":{\"0\":0.1117335917,\"1\":0.0011258343,\"2\":0.29226935,\"3\":0.1513963491,\"4\":0.0224281144},\"5\":{\"0\":0.0015521775,\"1\":0.0000001011,\"2\":0.07115743,\"3\":0.0270203008,\"4\":0.2457841856},\"6\":{\"0\":0.0676393908,\"1\":0.0000000006,\"2\":0.3375368814,\"3\":0.0104787189,\"4\":0.7317366901}}"}