{"source_name": "HAZUS_W1", "target_name": "SUPPASRI2013_S1", "source_damage_states": [0, 1, 2, 3, 4], "target_damage_states": [0, 1, 2, 3, 4, 5, 6], "conv_matrix": "{\"0\":{\"0\":0.016730774,\"1\":0.0000027453,\"2\":0.0000000087,\"3\":0.0,\"4\":5.615582236e-16},\"1\":{\"0\":0.0001445125,\"1\":0.3321220801,\"2\":0.3280191726,\"3\":0.1411669178,\"4\":0.0000000017},\"2\":{\"0\":0.1856641511,\"1\":0.1480160373,\"2\":0.0552807811,\"3\":0.0001405419,\"4\":0.0000000017},\"3\":{\"0\":0.4316167677,\"1\":0.4487008887,\"2\":0.4206238364,\"3\":0.4181928742,\"4\":0.0254490366},\"4\":{\"0\":0.1004800156,\"1\":0.0502226657,\"2\":0.1216081001,\"3\":0.2429231151,\"4\":0.2443517998},\"5\":{\"0\":0.0011529205,\"1\":0.0004933564,\"2\":0.0201161507,\"3\":0.0363522734,\"4\":0.227066164},\"6\":{\"0\":0.2642108585,\"1\":0.0204422266,\"2\":0.0543519506,\"3\":0.1612242777,\"4\":0.5031329962}}"}