{"source_name": "HAZUS_RM2H", "target_name": "SUPPASRI2013_BRICK", "source_damage_states": [0, 1, 2, 3, 4], "target_damage_states": [0, 1, 2, 3, 4, 5, 6], "conv_matrix": "{\"0\":{\"0\":0.0362961857,\"1\":0.0000000066,\"2\":0.000252256,\"3\":0.0000000028,\"4\":2.71488142e-34},\"1\":{\"0\":0.0005705375,\"1\":0.7182919219,\"2\":0.0138546262,\"3\":0.0000702159,\"4\":0.0003007887},\"2\":{\"0\":0.6242640241,\"1\":0.108469005,\"2\":0.0353190692,\"3\":0.0006454543,\"4\":0.0000000089},\"3\":{\"0\":0.3365396167,\"1\":0.17295464,\"2\":0.4891621556,\"3\":0.4872782052,\"4\":0.1023555979},\"4\":{\"0\":0.00232876,\"1\":0.0002842969,\"2\":0.223176918,\"3\":0.2482297799,\"4\":0.2531245293},\"5\":{\"0\":0.0000001555,\"1\":0.0000001295,\"2\":0.0407708887,\"3\":0.0568701806,\"4\":0.4247896051},\"6\":{\"0\":0.0000007205,\"1\":0.0000000001,\"2\":0.1974640862,\"3\":0.2069061613,\"4\":0.2194294701}}"}