{"source_schema": "HAZUS_v1.0", "source_taxonomy": "S3", "target_schema": "SUPPASRI2013_v2.0", "target_taxonomy": "W3", "source_damage_states": [0, 1, 2, 3, 4], "target_damage_states": [0, 1, 2, 3, 4, 5, 6], "conv_matrix": {"0": {"0": 0.0253281886, "1": 6.45e-08, "2": 2.7487e-06, "3": 0.0, "4": 5.467618508e-18}, "1": {"0": 0.0002191075, "1": 0.6253141769, "2": 0.1104642396, "3": 0.2726582514, "4": 2e-10}, "2": {"0": 0.2608418379, "1": 0.209645647, "2": 0.0348069519, "3": 0.0007941688, "4": 1e-10}, "3": {"0": 0.4331656592, "1": 0.1650040587, "2": 0.468756177, "3": 0.4766410738, "4": 0.0125107588}, "4": {"0": 0.088043958, "1": 3.60523e-05, "2": 0.1869035272, "3": 0.1902513569, "4": 0.2143840612}, "5": {"0": 0.0007231544, "1": 6e-10, "2": 0.028227356, "3": 0.0251304653, "4": 0.2527378157}, "6": {"0": 0.1916780943, "1": 1e-10, "2": 0.1708389996, "3": 0.0345246838, "4": 0.520367364}}}