{"source_name": "HAZUS_PC1", "target_name": "SUPPASRI2013_W2", "source_damage_states": [0, 1, 2, 3, 4], "target_damage_states": [0, 1, 2, 3, 4, 5, 6], "conv_matrix": "{\"0\":{\"0\":0.0026499652,\"1\":0.0000023521,\"2\":0.0005662379,\"3\":0.0,\"4\":9.433041015e-18},\"1\":{\"0\":0.0007101611,\"1\":0.2386124276,\"2\":0.0000000074,\"3\":0.3733179491,\"4\":6.463167432e-19},\"2\":{\"0\":0.3267819814,\"1\":0.1885179011,\"2\":0.000029287,\"3\":0.0347279061,\"4\":0.0},\"3\":{\"0\":0.4893007689,\"1\":0.5717407834,\"2\":0.2988445846,\"3\":0.4031015745,\"4\":0.0000512322},\"4\":{\"0\":0.1112820701,\"1\":0.0011264341,\"2\":0.2918009525,\"3\":0.1513630679,\"4\":0.0223804244},\"5\":{\"0\":0.0015496745,\"1\":0.0000001011,\"2\":0.0711419329,\"3\":0.0269908917,\"4\":0.2455605991},\"6\":{\"0\":0.0677253788,\"1\":0.0000000006,\"2\":0.3376169977,\"3\":0.0104986107,\"4\":0.7320077443}}"}