{"source_schema": "HAZUS_v1.0", "source_taxonomy": "S2M", "target_schema": "SUPPASRI2013_v2.0", "target_taxonomy": "RC2", "source_damage_states": [0, 1, 2, 3, 4], "target_damage_states": [0, 1, 2, 3, 4, 5, 6], "conv_matrix": {"0": {"0": 0.0087573909, "1": 5.4685e-06, "2": 5.2513e-06, "3": 5e-10, "4": 2e-10}, "1": {"0": 0.0667203059, "1": 0.1132887475, "2": 0.0009670567, "3": 1.47687e-05, "4": 0.0}, "2": {"0": 0.0217898419, "1": 0.5384649048, "2": 0.0007057257, "3": 0.0337918851, "4": 9e-10}, "3": {"0": 0.7981185336, "1": 0.3445483451, "2": 0.8018380922, "3": 0.7534663388, "4": 0.2729543416}, "4": {"0": 0.0181856857, "1": 0.0036925193, "2": 0.0488800331, "3": 0.1153668958, "4": 0.1713168549}, "5": {"0": 0.0047053825, "1": 1.45e-08, "2": 0.0212614963, "3": 0.0325705946, "4": 0.2738039017}, "6": {"0": 0.0817228595, "1": 3e-10, "2": 0.1263423448, "3": 0.0647895165, "4": 0.2819249007}}}