{"source_name": "HAZUS_S2M", "target_name": "SUPPASRI2013_RC1", "source_damage_states": [0, 1, 2, 3, 4], "target_damage_states": [0, 1, 2, 3, 4, 5, 6], "conv_matrix": "{\"0\":{\"0\":0.0107058443,\"1\":0.0000058844,\"2\":0.0000072538,\"3\":0.0000000008,\"4\":0.0000000006},\"1\":{\"0\":0.0687782041,\"1\":0.1137692631,\"2\":0.0008431212,\"3\":0.0000148805,\"4\":0.0},\"2\":{\"0\":0.0205503969,\"1\":0.5306690716,\"2\":0.0008775734,\"3\":0.0349222922,\"4\":0.0000000035},\"3\":{\"0\":0.8026482422,\"1\":0.351403346,\"2\":0.8043315549,\"3\":0.7482312278,\"4\":0.2694218719},\"4\":{\"0\":0.0177844971,\"1\":0.0041524129,\"2\":0.0518722356,\"3\":0.119842567,\"4\":0.1675008924},\"5\":{\"0\":0.0056228875,\"1\":0.0000000214,\"2\":0.0252921218,\"3\":0.0368764312,\"4\":0.2968585803},\"6\":{\"0\":0.073909928,\"1\":0.0000000005,\"2\":0.1167761393,\"3\":0.0601126005,\"4\":0.2662186514}}"}