{"source_name": "HAZUS_C1H", "target_name": "SUPPASRI2013_RC2", "source_damage_states": [0, 1, 2, 3, 4], "target_damage_states": [0, 1, 2, 3, 4, 5, 6], "conv_matrix": "{\"0\":{\"0\":0.0293747752,\"1\":0.0002442235,\"2\":0.0000012811,\"3\":0.0000000025,\"4\":0.000000011},\"1\":{\"0\":0.1080646766,\"1\":0.1916976536,\"2\":0.0120429088,\"3\":0.0002586477,\"4\":0.0},\"2\":{\"0\":0.0273654851,\"1\":0.2133875362,\"2\":0.1446466836,\"3\":0.1804551866,\"4\":0.0000000013},\"3\":{\"0\":0.781245788,\"1\":0.5715616969,\"2\":0.708030196,\"3\":0.6995310938,\"4\":0.2483390283},\"4\":{\"0\":0.0110327669,\"1\":0.0083500882,\"2\":0.0485478043,\"3\":0.1077456912,\"4\":0.1257990191},\"5\":{\"0\":0.0022632986,\"1\":0.0011381659,\"2\":0.016068954,\"3\":0.0088480529,\"4\":0.2743535862},\"6\":{\"0\":0.0406532095,\"1\":0.0136206358,\"2\":0.0706621722,\"3\":0.0031613254,\"4\":0.3515083542}}"}