{"source_name": "HAZUS_PC1", "target_name": "SUPPASRI2013_RC2", "source_damage_states": [0, 1, 2, 3, 4], "target_damage_states": [0, 1, 2, 3, 4, 5, 6], "conv_matrix": "{\"0\":{\"0\":0.00995429,\"1\":0.0001597393,\"2\":0.0007385106,\"3\":0.0000001759,\"4\":0.0000000009},\"1\":{\"0\":0.1449945639,\"1\":0.1571543823,\"2\":0.0000007357,\"3\":0.014176589,\"4\":0.0},\"2\":{\"0\":0.1338192537,\"1\":0.0962416491,\"2\":0.0000005824,\"3\":0.2439354125,\"4\":0.0},\"3\":{\"0\":0.6846011908,\"1\":0.7324902233,\"2\":0.6366472546,\"3\":0.6325141741,\"4\":0.1112279825},\"4\":{\"0\":0.0113362577,\"1\":0.0139518339,\"2\":0.0811686656,\"3\":0.0909225753,\"4\":0.0620776358},\"5\":{\"0\":0.0021806292,\"1\":0.0000020198,\"2\":0.0740446094,\"3\":0.0148766088,\"4\":0.4067699177},\"6\":{\"0\":0.0131138147,\"1\":0.0000001523,\"2\":0.2073996418,\"3\":0.0035744643,\"4\":0.4199244631}}"}