{"source_schema": "HAZUS_v1.0", "source_taxonomy": "RM1L", "target_schema": "SUPPASRI2013_v2.0", "target_taxonomy": "RC2", "source_damage_states": [0, 1, 2, 3, 4], "target_damage_states": [0, 1, 2, 3, 4, 5, 6], "conv_matrix": {"0": {"0": 0.0063316288, "1": 2.9993e-06, "2": 5.2761e-06, "3": 5.042e-07, "4": 8.62e-08}, "1": {"0": 0.0706431866, "1": 0.0785383557, "2": 5.95991e-05, "3": 1.81e-08, "4": 0.0}, "2": {"0": 0.0243748878, "1": 0.4075022295, "2": 0.0167455554, "3": 6.938e-05, "4": 3e-10}, "3": {"0": 0.7823929052, "1": 0.4977676791, "2": 0.9128864648, "3": 0.6252752798, "4": 0.2382979}, "4": {"0": 0.0198451363, "1": 0.0161873273, "2": 0.0613924731, "3": 0.1540785495, "4": 0.1093680132}, "5": {"0": 0.0060331198, "1": 1.3585e-06, "2": 0.0027919837, "3": 0.0584425797, "4": 0.2762820289}, "6": {"0": 0.0903791355, "1": 5.07e-08, "2": 0.006118648, "3": 0.1621336888, "4": 0.3760519714}}}