{"source_name": "HAZUS_S5M", "target_name": "SUPPARSI2013_S3", "source_damage_states": [0, 1, 2, 3, 4], "target_damage_states": [0, 1, 2, 3, 4, 5, 6], "conv_matrix": "{\"0\":{\"0\":0.0417350784,\"1\":0.0000000307,\"2\":0.0000050765,\"3\":0.0000000002,\"4\":7.223161813e-18},\"1\":{\"0\":0.0003628238,\"1\":0.6441697144,\"2\":0.0000124749,\"3\":0.2018388512,\"4\":0.0000000008},\"2\":{\"0\":0.3954617859,\"1\":0.1711664813,\"2\":0.0036336553,\"3\":0.0075814867,\"4\":0.0000000001},\"3\":{\"0\":0.3276348613,\"1\":0.1846543608,\"2\":0.5319415189,\"3\":0.4880569124,\"4\":0.0136718619},\"4\":{\"0\":0.0670049033,\"1\":0.0000094128,\"2\":0.2512121929,\"3\":0.1848659107,\"4\":0.2174277788},\"5\":{\"0\":0.0004949238,\"1\":0.0,\"2\":0.040092463,\"3\":0.0237672067,\"4\":0.2568835942},\"6\":{\"0\":0.1673056235,\"1\":0.0,\"2\":0.1731026186,\"3\":0.0938896321,\"4\":0.5120167641}}"}