{"source_schema": "HAZUS_v1.0", "source_taxonomy": "C2M", "target_schema": "SUPPASRI2013_v2.0", "target_taxonomy": "RC2", "source_damage_states": [0, 1, 2, 3, 4], "target_damage_states": [0, 1, 2, 3, 4, 5, 6], "conv_matrix": {"0": {"0": 0.035247803, "1": 0.0001909241, "2": 3.4278e-06, "3": 4.51e-08, "4": 3e-10}, "1": {"0": 0.1598449561, "1": 0.1304587614, "2": 0.0035253561, "3": 0.0007034961, "4": 1.073e-07}, "2": {"0": 0.0489015384, "1": 0.180040705, "2": 0.0786391891, "3": 0.2411298105, "4": 0.000548451}, "3": {"0": 0.6816787944, "1": 0.6509683715, "2": 0.661656867, "3": 0.615273107, "4": 0.4982921083}, "4": {"0": 0.0121949809, "1": 0.0174700442, "2": 0.0659937668, "3": 0.0734134062, "4": 0.1659423789}, "5": {"0": 0.0024620973, "1": 0.0016799201, "2": 0.0381239411, "3": 0.0250833337, "4": 0.1684612193}, "6": {"0": 0.0596698299, "1": 0.0191912737, "2": 0.1520574521, "3": 0.0443968014, "4": 0.166755735}}}