{"source_name": "HAZUS_C3L", "target_name": "SUPPASRI2013_RC1", "source_damage_states": [0, 1, 2, 3, 4], "target_damage_states": [0, 1, 2, 3, 4, 5, 6], "conv_matrix": "{\"0\":{\"0\":0.0587841954,\"1\":0.0006392591,\"2\":0.0000035908,\"3\":0.0000000044,\"4\":0.0000000044},\"1\":{\"0\":0.5305646646,\"1\":0.0690279168,\"2\":0.0259112461,\"3\":0.000519749,\"4\":0.0},\"2\":{\"0\":0.1342586918,\"1\":0.0668845821,\"2\":0.2935970866,\"3\":0.2028862319,\"4\":0.0000000005},\"3\":{\"0\":0.2759063316,\"1\":0.6665497292,\"2\":0.6446429335,\"3\":0.685838944,\"4\":0.2246442919},\"4\":{\"0\":0.0004855739,\"1\":0.0488061293,\"2\":0.0322927865,\"3\":0.0995038783,\"4\":0.1353309711},\"5\":{\"0\":0.0000000824,\"1\":0.0321107511,\"2\":0.0016169206,\"3\":0.0082166519,\"4\":0.3082825953},\"6\":{\"0\":0.0000004604,\"1\":0.1159816324,\"2\":0.001935436,\"3\":0.0030345405,\"4\":0.3317421368}}"}