{"source_name": "HAZUS_C2H", "target_name": "SUPPASRI2013_W2", "source_damage_states": [0, 1, 2, 3, 4], "target_damage_states": [0, 1, 2, 3, 4, 5, 6], "conv_matrix": "{\"0\":{\"0\":0.0258600528,\"1\":0.0000065734,\"2\":0.0000000412,\"3\":0.0,\"4\":7.12578269e-17},\"1\":{\"0\":0.0002239469,\"1\":0.2584375296,\"2\":0.1288007566,\"3\":0.3808971505,\"4\":0.0283432584},\"2\":{\"0\":0.2453279446,\"1\":0.1584444207,\"2\":0.0202105337,\"3\":0.0193755672,\"4\":0.0000619872},\"3\":{\"0\":0.2736660377,\"1\":0.4454347475,\"2\":0.3772878929,\"3\":0.362108131,\"4\":0.3119966127},\"4\":{\"0\":0.0954976469,\"1\":0.0905630869,\"2\":0.2129473856,\"3\":0.1373126337,\"4\":0.2282497517},\"5\":{\"0\":0.0014280207,\"1\":0.0024867027,\"2\":0.0490466161,\"3\":0.0289105354,\"4\":0.1495658603},\"6\":{\"0\":0.3579963504,\"1\":0.044626939,\"2\":0.2117067739,\"3\":0.0713959822,\"4\":0.2817825297}}"}