{"source_name": "HAZUS_URML", "target_name": "SUPPARSI2013_W2", "source_damage_states": [0, 1, 2, 3, 4], "target_damage_states": [0, 1, 2, 3, 4, 5, 6], "conv_matrix": "{\"0\":{\"0\":0.0167795357,\"1\":0.000001389,\"2\":0.0000000039,\"3\":0.0,\"4\":0.0},\"1\":{\"0\":0.0001448981,\"1\":0.3952110763,\"2\":0.1949032533,\"3\":0.1876708256,\"4\":0.0},\"2\":{\"0\":0.1584094979,\"1\":0.1425966073,\"2\":0.0089854286,\"3\":0.0030623964,\"4\":0.0000000003},\"3\":{\"0\":0.4223537304,\"1\":0.4312290881,\"2\":0.3946220887,\"3\":0.4561494524,\"4\":0.0137220891},\"4\":{\"0\":0.1324091148,\"1\":0.029773601,\"2\":0.2225393548,\"3\":0.2197900587,\"4\":0.215418307},\"5\":{\"0\":0.0012722984,\"1\":0.0002274189,\"2\":0.0317656859,\"3\":0.0387648543,\"4\":0.2268656843},\"6\":{\"0\":0.2686309247,\"1\":0.0009608192,\"2\":0.1471841848,\"3\":0.0945624126,\"4\":0.5439939193}}"}