{"source_name": "HAZUS_S1L", "target_name": "SUPPASRI2013_S1", "source_damage_states": [0, 1, 2, 3, 4], "target_damage_states": [0, 1, 2, 3, 4, 5, 6], "conv_matrix": "{\"0\":{\"0\":0.006117015,\"1\":0.0000000959,\"2\":0.0,\"3\":0.0,\"4\":7.080260209e-16},\"1\":{\"0\":0.000055256,\"1\":0.0836888075,\"2\":0.5040960679,\"3\":0.0000833363,\"4\":0.0000000007},\"2\":{\"0\":0.1186792406,\"1\":0.4774940064,\"2\":0.0468477278,\"3\":0.0000024,\"4\":0.0000000045},\"3\":{\"0\":0.3954700314,\"1\":0.4330314419,\"2\":0.4458073918,\"3\":0.3933448913,\"4\":0.0440275306},\"4\":{\"0\":0.1427113945,\"1\":0.0057825521,\"2\":0.0032455388,\"3\":0.3510873713,\"4\":0.2585358591},\"5\":{\"0\":0.0031640226,\"1\":0.0000014925,\"2\":0.0000022642,\"3\":0.0553389272,\"4\":0.2248223292},\"6\":{\"0\":0.3338030399,\"1\":0.0000016037,\"2\":0.0000010096,\"3\":0.2001430738,\"4\":0.4726142758}}"}