{"source_name": "HAZUS_C3L", "target_name": "SUPPASRI2013_S3", "source_damage_states": [0, 1, 2, 3, 4], "target_damage_states": [0, 1, 2, 3, 4, 5, 6], "conv_matrix": "{\"0\":{\"0\":0.0193495246,\"1\":0.0004090811,\"2\":0.0000000045,\"3\":0.0,\"4\":4.877632881e-16},\"1\":{\"0\":0.000712326,\"1\":0.1203374317,\"2\":0.355282307,\"3\":0.3541338738,\"4\":0.0},\"2\":{\"0\":0.7711184811,\"1\":0.0841635582,\"2\":0.0829996573,\"3\":0.0095889159,\"4\":0.0000000001},\"3\":{\"0\":0.2082953921,\"1\":0.3811959738,\"2\":0.4800964034,\"3\":0.4448850322,\"4\":0.0088657308},\"4\":{\"0\":0.0005121494,\"1\":0.1865392488,\"2\":0.070888395,\"3\":0.1648117052,\"4\":0.1929136458},\"5\":{\"0\":0.0000002513,\"1\":0.0338079607,\"2\":0.0035137374,\"3\":0.0165629588,\"4\":0.2441166048},\"6\":{\"0\":0.0000118754,\"1\":0.1935467457,\"2\":0.0072194953,\"3\":0.0100175141,\"4\":0.5541040185}}"}