{"source_schema": "HAZUS_v1.0", "source_taxonomy": "RM2M", "target_schema": "SUPPASRI2013_v2.0", "target_taxonomy": "W3", "source_damage_states": [0, 1, 2, 3, 4], "target_damage_states": [0, 1, 2, 3, 4, 5, 6], "conv_matrix": {"0": {"0": 0.0259570063, "1": 6.6e-09, "2": 0.0003627723, "3": 2.8e-09, "4": 5.187626171e-34}, "1": {"0": 0.0006519873, "1": 0.715812539, "2": 0.0115748435, "3": 0.0001757888, "4": 0.0002812653}, "2": {"0": 0.7124392879, "1": 0.107395338, "2": 0.0349970312, "3": 0.0010719882, "4": 7.7e-09}, "3": {"0": 0.2598329558, "1": 0.1764327073, "2": 0.4897229363, "3": 0.4861636314, "4": 0.0969224425}, "4": {"0": 0.0011183667, "1": 0.0003592195, "2": 0.2233362598, "3": 0.249795857, "4": 0.2530643547}, "5": {"0": 7.29e-08, "1": 1.895e-07, "2": 0.0404222591, "3": 0.0576000045, "4": 0.4267689953}, "6": {"0": 3.232e-07, "1": 1e-10, "2": 0.1995838978, "3": 0.2051927272, "4": 0.2229629345}}}