{"source_schema": "HAZUS_v1.0", "source_taxonomy": "PC2L", "target_schema": "SUPPASRI2013_v2.0", "target_taxonomy": "W2", "source_damage_states": [0, 1, 2, 3, 4], "target_damage_states": [0, 1, 2, 3, 4, 5, 6], "conv_matrix": {"0": {"0": 9.40586e-05, "1": 0.0003601029, "2": 0.0005602925, "3": 6e-10, "4": 8.231330244e-17}, "1": {"0": 0.0060031529, "1": 0.2247530076, "2": 3.4e-09, "3": 0.4261593326, "4": 0.0476367706}, "2": {"0": 0.9863442146, "1": 0.1716303752, "2": 3.16307e-05, "3": 0.0553449145, "4": 0.0002306502}, "3": {"0": 0.0075580401, "1": 0.6018399287, "2": 0.3017330927, "3": 0.3881442904, "4": 0.3190135622}, "4": {"0": 5.339e-07, "1": 0.0014163812, "2": 0.2899647672, "3": 0.1100074116, "4": 0.2072095405}, "5": {"0": 0.0, "1": 1.977e-07, "2": 0.070348544, "3": 0.0134436527, "4": 0.142692596}, "6": {"0": 0.0, "1": 6.6e-09, "2": 0.3373616695, "3": 0.0069003977, "4": 0.2832168804}}}