{"source_name": "HAZUS_PC2L", "target_name": "SUPPARSI2013_S1", "source_damage_states": [0, 1, 2, 3, 4], "target_damage_states": [0, 1, 2, 3, 4, 5, 6], "conv_matrix": "{\"0\":{\"0\":0.000092686,\"1\":0.0005371871,\"2\":0.0005066127,\"3\":0.0000000006,\"4\":8.797634829e-17},\"1\":{\"0\":0.0060600292,\"1\":0.2295041702,\"2\":0.0000038675,\"3\":0.4403173461,\"4\":0.0002050065},\"2\":{\"0\":0.9865268352,\"1\":0.2578973608,\"2\":0.0001152775,\"3\":0.0531950725,\"4\":0.0000222839},\"3\":{\"0\":0.0073200642,\"1\":0.5116960866,\"2\":0.3609825737,\"3\":0.3873143228,\"4\":0.3064246395},\"4\":{\"0\":0.0000003855,\"1\":0.0003651887,\"2\":0.269427718,\"3\":0.10087534,\"4\":0.2268107811},\"5\":{\"0\":0.0,\"1\":0.0000000062,\"2\":0.0637215384,\"3\":0.0127079343,\"4\":0.1561408932},\"6\":{\"0\":0.0,\"1\":0.0000000003,\"2\":0.305242412,\"3\":0.0055899839,\"4\":0.3103963958}}"}