{"source_name": "HAZUS_S2M", "target_name": "SUPPARSI2013_BRICK", "source_damage_states": [0, 1, 2, 3, 4], "target_damage_states": [0, 1, 2, 3, 4, 5, 6], "conv_matrix": "{\"0\":{\"0\":0.0056604742,\"1\":0.0000000087,\"2\":0.0000000091,\"3\":0.0,\"4\":1.049941136e-17},\"1\":{\"0\":0.0000512508,\"1\":0.6317000481,\"2\":0.0081689382,\"3\":0.1991001195,\"4\":0.0000000012},\"2\":{\"0\":0.1148820052,\"1\":0.1743085287,\"2\":0.005616286,\"3\":0.0005304509,\"4\":0.0000000009},\"3\":{\"0\":0.4004391159,\"1\":0.1939822427,\"2\":0.5404317237,\"3\":0.472802149,\"4\":0.042631392},\"4\":{\"0\":0.1760414535,\"1\":0.0000091717,\"2\":0.2189933039,\"3\":0.2015982627,\"4\":0.261159236},\"5\":{\"0\":0.0033004135,\"1\":0.0,\"2\":0.0240158664,\"3\":0.0434142946,\"4\":0.2456069203},\"6\":{\"0\":0.299625287,\"1\":0.0,\"2\":0.2027738727,\"3\":0.0825547233,\"4\":0.4506024497}}"}