{"source_name": "HAZUS_S5M", "target_name": "SUPPASRI2013_RC2", "source_damage_states": [0, 1, 2, 3, 4], "target_damage_states": [0, 1, 2, 3, 4, 5, 6], "conv_matrix": "{\"0\":{\"0\":0.0675786937,\"1\":0.0000141129,\"2\":0.0001782241,\"3\":0.0000002857,\"4\":0.0000000005},\"1\":{\"0\":0.2700791108,\"1\":0.1164477527,\"2\":0.0001875931,\"3\":0.0000474007,\"4\":0.0},\"2\":{\"0\":0.0683829066,\"1\":0.4375426385,\"2\":0.000305559,\"3\":0.1007444935,\"4\":0.0000000007},\"3\":{\"0\":0.5696617171,\"1\":0.4371256222,\"2\":0.7888361211,\"3\":0.7218468837,\"4\":0.2224161622},\"4\":{\"0\":0.0051095136,\"1\":0.0088697748,\"2\":0.0698065361,\"3\":0.1085600128,\"4\":0.1473769417},\"5\":{\"0\":0.0008026409,\"1\":0.0000000977,\"2\":0.0320941651,\"3\":0.0218635648,\"4\":0.3186091021},\"6\":{\"0\":0.0183854175,\"1\":0.0000000011,\"2\":0.1085918014,\"3\":0.0469373588,\"4\":0.3115977928}}"}