{"source_name": "HAZUS_RM1M", "target_name": "SUPPARSI2013_W2", "source_damage_states": [0, 1, 2, 3, 4], "target_damage_states": [0, 1, 2, 3, 4, 5, 6], "conv_matrix": "{\"0\":{\"0\":0.0041533045,\"1\":0.0000000061,\"2\":0.0000000133,\"3\":0.0000000007,\"4\":0.0},\"1\":{\"0\":0.0000524074,\"1\":0.6639400238,\"2\":0.0045134553,\"3\":0.0000877768,\"4\":5.094333726e-17},\"2\":{\"0\":0.1266337242,\"1\":0.11778087,\"2\":0.0081461228,\"3\":0.0000226131,\"4\":0.0000000003},\"3\":{\"0\":0.4297650153,\"1\":0.2178812285,\"2\":0.7730618721,\"3\":0.3199926442,\"4\":0.0075572053},\"4\":{\"0\":0.1766329225,\"1\":0.0003977806,\"2\":0.1892124211,\"3\":0.3616742875,\"4\":0.0752537667},\"5\":{\"0\":0.0049275966,\"1\":0.0000000908,\"2\":0.0084119475,\"3\":0.0987185869,\"4\":0.2020207083},\"6\":{\"0\":0.2578350295,\"1\":0.0000000001,\"2\":0.0166541679,\"3\":0.2195040907,\"4\":0.7151683194}}"}