{"source_name": "HAZUS_S4M", "target_name": "SUPPASRI2013_RC2", "source_damage_states": [0, 1, 2, 3, 4], "target_damage_states": [0, 1, 2, 3, 4, 5, 6], "conv_matrix": "{\"0\":{\"0\":0.0466087957,\"1\":0.0000124233,\"2\":0.000261582,\"3\":0.0000000024,\"4\":0.000000001},\"1\":{\"0\":0.1820834907,\"1\":0.1025311177,\"2\":0.0010114841,\"3\":0.0000032394,\"4\":0.0},\"2\":{\"0\":0.0461223131,\"1\":0.5010332811,\"2\":0.0014286016,\"3\":0.0025790456,\"4\":0.000000027},\"3\":{\"0\":0.669235566,\"1\":0.3904680868,\"2\":0.9347833542,\"3\":0.7326924882,\"4\":0.2896040426},\"4\":{\"0\":0.0097536011,\"1\":0.0059550424,\"2\":0.0254004114,\"3\":0.122538913,\"4\":0.1567922038},\"5\":{\"0\":0.002251712,\"1\":0.0000000475,\"2\":0.003674576,\"3\":0.0396018656,\"4\":0.2764156254},\"6\":{\"0\":0.0439445214,\"1\":0.0000000012,\"2\":0.0334399907,\"3\":0.102584446,\"4\":0.2771881002}}"}