{"source_name": "HAZUS_S3", "target_name": "SUPPARSI2013_RC3", "source_damage_states": [0, 1, 2, 3, 4], "target_damage_states": [0, 1, 2, 3, 4, 5, 6], "conv_matrix": "{\"0\":{\"0\":0.0214729816,\"1\":0.0000000587,\"2\":0.0000022085,\"3\":0.0,\"4\":6.266946316e-18},\"1\":{\"0\":0.0001858981,\"1\":0.6220724214,\"2\":0.1163542029,\"3\":0.2680021393,\"4\":0.0000000002},\"2\":{\"0\":0.2256552442,\"1\":0.210870461,\"2\":0.0352401576,\"3\":0.0006861461,\"4\":0.0000000001},\"3\":{\"0\":0.442916507,\"1\":0.1670193154,\"2\":0.4702640865,\"3\":0.4711173252,\"4\":0.013432909},\"4\":{\"0\":0.0973755802,\"1\":0.0000377428,\"2\":0.1845230936,\"3\":0.1919019558,\"4\":0.2181462695},\"5\":{\"0\":0.0008698565,\"1\":0.0000000006,\"2\":0.0268730884,\"3\":0.0274820978,\"4\":0.2523299146},\"6\":{\"0\":0.2115239325,\"1\":0.0000000001,\"2\":0.1667431624,\"3\":0.0408103359,\"4\":0.5160909065}}"}