{"source_schema": "HAZUS_v1.0", "source_taxonomy": "PC1", "target_schema": "SUPPASRI2013_v2.0", "target_taxonomy": "RC2", "source_damage_states": [0, 1, 2, 3, 4], "target_damage_states": [0, 1, 2, 3, 4, 5, 6], "conv_matrix": {"0": {"0": 0.0087648483, "1": 0.0001668201, "2": 0.0005330921, "3": 1.375e-07, "4": 4e-10}, "1": {"0": 0.1317430041, "1": 0.1898292011, "2": 6.698e-07, "3": 0.012754359, "4": 0.0}, "2": {"0": 0.1386665781, "1": 0.1164748047, "2": 3.857e-07, "3": 0.2410015068, "4": 0.0}, "3": {"0": 0.6929810651, "1": 0.6846033385, "2": 0.6436139651, "3": 0.6414383659, "4": 0.1131084437}, "4": {"0": 0.0133409643, "1": 0.008924897, "2": 0.0751633805, "3": 0.0881213904, "4": 0.0663887474}, "5": {"0": 0.0017640479, "1": 8.555e-07, "2": 0.0625473606, "3": 0.0132627373, "4": 0.3764744432}, "6": {"0": 0.012739492, "1": 8.31e-08, "2": 0.2181411462, "3": 0.0034215032, "4": 0.4440283653}}}