{"source_name": "HAZUS_S5M", "target_name": "SUPPASRI2013_BRICK", "source_damage_states": [0, 1, 2, 3, 4], "target_damage_states": [0, 1, 2, 3, 4, 5, 6], "conv_matrix": "{\"0\":{\"0\":0.04168991,\"1\":0.0000000306,\"2\":0.0000050741,\"3\":0.0000000002,\"4\":7.245556589e-18},\"1\":{\"0\":0.0003617966,\"1\":0.6445720372,\"2\":0.0000125087,\"3\":0.2019454613,\"4\":0.0000000008},\"2\":{\"0\":0.3959779503,\"1\":0.1706313023,\"2\":0.0036506973,\"3\":0.0075958384,\"4\":0.0000000001},\"3\":{\"0\":0.3276589506,\"1\":0.1847871825,\"2\":0.5322740465,\"3\":0.4880095121,\"4\":0.0137011075},\"4\":{\"0\":0.0664478064,\"1\":0.0000094473,\"2\":0.250823168,\"3\":0.184766179,\"4\":0.2174428247},\"5\":{\"0\":0.0004925839,\"1\":0.0,\"2\":0.0400926111,\"3\":0.0237432562,\"4\":0.2566529259},\"6\":{\"0\":0.1673710022,\"1\":0.0,\"2\":0.1731418942,\"3\":0.0939397528,\"4\":0.512203141}}"}