{"source_schema": "HAZUS_v1.0", "source_taxonomy": "PC1", "target_schema": "SUPPASRI2013_v2.0", "target_taxonomy": "W2", "source_damage_states": [0, 1, 2, 3, 4], "target_damage_states": [0, 1, 2, 3, 4, 5, 6], "conv_matrix": {"0": {"0": 0.0026215189, "1": 4.6337e-06, "2": 0.0005457152, "3": 0.0, "4": 7.907218395e-18}, "1": {"0": 0.0007487544, "1": 0.2308302694, "2": 1.4244e-06, "3": 0.3761813898, "4": 4.433192668e-19}, "2": {"0": 0.3200664453, "1": 0.2171687555, "2": 3.45694e-05, "3": 0.0348304355, "4": 0.0}, "3": {"0": 0.4850847671, "1": 0.551156824, "2": 0.3195041006, "3": 0.4043223391, "4": 4.61405e-05}, "4": {"0": 0.1219663386, "1": 0.0008394607, "2": 0.2833562988, "3": 0.1479835369, "4": 0.0223261579}, "5": {"0": 0.0017261614, "1": 5.36e-08, "2": 0.0690237927, "3": 0.0264569384, "4": 0.2456059166}, "6": {"0": 0.0677860143, "1": 3.2e-09, "2": 0.3275340988, "3": 0.0102253602, "4": 0.732021785}}}