{"source_name": "HAZUS_W1", "target_name": "SUPPARSI2013_S1", "source_damage_states": [0, 1, 2, 3, 4], "target_damage_states": [0, 1, 2, 3, 4, 5, 6], "conv_matrix": "{\"0\":{\"0\":0.0167488635,\"1\":0.000002745,\"2\":0.0000000087,\"3\":0.0,\"4\":5.602262354e-16},\"1\":{\"0\":0.0001449227,\"1\":0.3319121954,\"2\":0.3278097241,\"3\":0.1411073768,\"4\":0.0000000017},\"2\":{\"0\":0.1853005453,\"1\":0.1480458708,\"2\":0.0555799872,\"3\":0.0001424519,\"4\":0.0000000017},\"3\":{\"0\":0.4313490317,\"1\":0.4486916317,\"2\":0.4204045904,\"3\":0.4181097376,\"4\":0.0254000868},\"4\":{\"0\":0.1011908858,\"1\":0.0504354978,\"2\":0.1217410251,\"3\":0.2431020441,\"4\":0.2443895096},\"5\":{\"0\":0.0011577698,\"1\":0.0004940209,\"2\":0.0201128104,\"3\":0.0363767846,\"4\":0.2272753276},\"6\":{\"0\":0.2641079812,\"1\":0.0204180385,\"2\":0.0543518541,\"3\":0.161161605,\"4\":0.5029350726}}"}