{"source_name": "HAZUS_S1H", "target_name": "SUPPARSI2013_W2", "source_damage_states": [0, 1, 2, 3, 4], "target_damage_states": [0, 1, 2, 3, 4, 5, 6], "conv_matrix": "{\"0\":{\"0\":0.0061236122,\"1\":0.0000000962,\"2\":0.0,\"3\":0.0,\"4\":7.050483041e-16},\"1\":{\"0\":0.0000554125,\"1\":0.0833407218,\"2\":0.5038290689,\"3\":0.0000828709,\"4\":0.0000000007},\"2\":{\"0\":0.1184926867,\"1\":0.4778127144,\"2\":0.0470985271,\"3\":0.0000024234,\"4\":0.0000000045},\"3\":{\"0\":0.3949616824,\"1\":0.4330223494,\"2\":0.4458172684,\"3\":0.3930428384,\"4\":0.0439901408},\"4\":{\"0\":0.143536982,\"1\":0.0058210142,\"2\":0.0032518574,\"3\":0.3514300369,\"4\":0.2585566288},\"5\":{\"0\":0.0031737602,\"1\":0.0000014986,\"2\":0.0000022693,\"3\":0.0553572832,\"4\":0.2250287094},\"6\":{\"0\":0.333655864,\"1\":0.0000016053,\"2\":0.0000010088,\"3\":0.2000845472,\"4\":0.4724245158}}"}