{"source_name": "HAZUS_S2H", "target_name": "SUPPASRI2013_S1", "source_damage_states": [0, 1, 2, 3, 4], "target_damage_states": [0, 1, 2, 3, 4, 5, 6], "conv_matrix": "{\"0\":{\"0\":0.0056543758,\"1\":0.0000000087,\"2\":0.0000000091,\"3\":0.0,\"4\":1.056207218e-17},\"1\":{\"0\":0.0000511062,\"1\":0.6320903769,\"2\":0.0081824979,\"3\":0.1992031574,\"4\":0.0000000012},\"2\":{\"0\":0.1150680226,\"1\":0.173818366,\"2\":0.005592341,\"3\":0.0005262222,\"4\":0.0000000009},\"3\":{\"0\":0.4010184237,\"1\":0.1940820496,\"2\":0.5407769061,\"3\":0.4727678944,\"4\":0.04264628},\"4\":{\"0\":0.1751584121,\"1\":0.0000091987,\"2\":0.2185955755,\"3\":0.2015345052,\"4\":0.2611818361},\"5\":{\"0\":0.0032916894,\"1\":0.0,\"2\":0.0240106632,\"3\":0.0433930504,\"4\":0.2453856257},\"6\":{\"0\":0.2997579703,\"1\":0.0,\"2\":0.2028420072,\"3\":0.0825751705,\"4\":0.4507862561}}"}