{"source_name": "HAZUS_URMM", "target_name": "SUPPASRI2013_BRICK", "source_damage_states": [0, 1, 2, 3, 4], "target_damage_states": [0, 1, 2, 3, 4, 5, 6], "conv_matrix": "{\"0\":{\"0\":0.0167615169,\"1\":0.0000013852,\"2\":0.0000000039,\"3\":0.0,\"4\":0.0},\"1\":{\"0\":0.0001444879,\"1\":0.3954873069,\"2\":0.1950152774,\"3\":0.1877401867,\"4\":0.0},\"2\":{\"0\":0.1586204122,\"1\":0.1421842106,\"2\":0.0089776789,\"3\":0.0030722925,\"4\":0.0000000003},\"3\":{\"0\":0.4229634089,\"1\":0.4314592183,\"2\":0.3947626422,\"3\":0.4561368554,\"4\":0.0137785592},\"4\":{\"0\":0.1314975149,\"1\":0.0296780237,\"2\":0.2222601018,\"3\":0.2197098482,\"4\":0.2153575877},\"5\":{\"0\":0.001267228,\"1\":0.0002274098,\"2\":0.0317644716,\"3\":0.0387379409,\"4\":0.226659709},\"6\":{\"0\":0.2687454312,\"1\":0.0009624454,\"2\":0.1472198241,\"3\":0.0946028763,\"4\":0.5442041438}}"}