{"source_name": "HAZUS_W1", "target_name": "SUPPASRI2013_RC2", "source_damage_states": [0, 1, 2, 3, 4], "target_damage_states": [0, 1, 2, 3, 4, 5, 6], "conv_matrix": "{\"0\":{\"0\":0.0302016315,\"1\":0.0001133553,\"2\":0.0000073318,\"3\":0.0000007971,\"4\":0.0000000044},\"1\":{\"0\":0.1117857319,\"1\":0.0342532769,\"2\":0.0588571814,\"3\":0.0000090518,\"4\":0.0},\"2\":{\"0\":0.028799181,\"1\":0.4305263937,\"2\":0.1519031244,\"3\":0.042010955,\"4\":0.0000000058},\"3\":{\"0\":0.7764629046,\"1\":0.522501263,\"2\":0.6811516294,\"3\":0.7203936628,\"4\":0.2736845583},\"4\":{\"0\":0.0100634209,\"1\":0.0086505314,\"2\":0.0506333713,\"3\":0.1159677074,\"4\":0.1472018226},\"5\":{\"0\":0.00224174,\"1\":0.0004017604,\"2\":0.0137336259,\"3\":0.0332431042,\"4\":0.2830444703},\"6\":{\"0\":0.0404453902,\"1\":0.0035534193,\"2\":0.0437137359,\"3\":0.0883747216,\"4\":0.2960691385}}"}