{"source_name": "HAZUS_C3L", "target_name": "SUPPARSI2013_S3", "source_damage_states": [0, 1, 2, 3, 4], "target_damage_states": [0, 1, 2, 3, 4, 5, 6], "conv_matrix": "{\"0\":{\"0\":0.0194471875,\"1\":0.0004090266,\"2\":0.0000000045,\"3\":0.0,\"4\":4.866354367e-16},\"1\":{\"0\":0.0007143482,\"1\":0.1201838358,\"2\":0.3551001347,\"3\":0.3539912423,\"4\":0.0},\"2\":{\"0\":0.7701734129,\"1\":0.0844455015,\"2\":0.0831329326,\"3\":0.0095920444,\"4\":0.0000000001},\"3\":{\"0\":0.2091359981,\"1\":0.3807886599,\"2\":0.4800440323,\"3\":0.444976009,\"4\":0.0088327454},\"4\":{\"0\":0.0005169428,\"1\":0.1868642804,\"2\":0.0709961856,\"3\":0.1648657515,\"4\":0.1929187238},\"5\":{\"0\":0.0000002521,\"1\":0.0338106519,\"2\":0.0035157088,\"3\":0.016578487,\"4\":0.2443331714},\"6\":{\"0\":0.0000118584,\"1\":0.1934980439,\"2\":0.0072110015,\"3\":0.0099964658,\"4\":0.5539153595}}"}