{"source_name": "HAZUS_RM2H", "target_name": "SUPPARSI2013_S2", "source_damage_states": [0, 1, 2, 3, 4], "target_damage_states": [0, 1, 2, 3, 4, 5, 6], "conv_matrix": "{\"0\":{\"0\":0.0364130858,\"1\":0.0000000067,\"2\":0.0002518739,\"3\":0.0000000028,\"4\":2.703482446e-34},\"1\":{\"0\":0.0005721573,\"1\":0.7178868273,\"2\":0.0138264939,\"3\":0.0000698437,\"4\":0.0002989684},\"2\":{\"0\":0.6234527946,\"1\":0.1087405884,\"2\":0.0354362477,\"3\":0.0006392488,\"4\":0.0000000092},\"3\":{\"0\":0.3372101133,\"1\":0.1730894481,\"2\":0.4887684781,\"3\":0.4871645465,\"4\":0.1024674635},\"4\":{\"0\":0.0023509711,\"1\":0.000283,\"2\":0.2235234155,\"3\":0.248386008,\"4\":0.2527804672},\"5\":{\"0\":0.0000001563,\"1\":0.0000001293,\"2\":0.0407747933,\"3\":0.0569448007,\"4\":0.4250112719},\"6\":{\"0\":0.0000007215,\"1\":0.0000000001,\"2\":0.1974186976,\"3\":0.2067955495,\"4\":0.2194418197}}"}