{"source_name": "HAZUS_URMM", "target_name": "SUPPASRI2013_RC1", "source_damage_states": [0, 1, 2, 3, 4], "target_damage_states": [0, 1, 2, 3, 4, 5, 6], "conv_matrix": "{\"0\":{\"0\":0.0293514812,\"1\":0.0001029212,\"2\":0.0000029062,\"3\":0.0000001844,\"4\":0.0000000154},\"1\":{\"0\":0.1079142051,\"1\":0.0969878415,\"2\":0.0001746375,\"3\":0.0000246238,\"4\":0.0},\"2\":{\"0\":0.0273348533,\"1\":0.2892292095,\"2\":0.0948390462,\"3\":0.1024881858,\"4\":0.0000000016},\"3\":{\"0\":0.7815086827,\"1\":0.6000817943,\"2\":0.7159843513,\"3\":0.6828824586,\"4\":0.2593480616},\"4\":{\"0\":0.0110238433,\"1\":0.0134364472,\"2\":0.0727671914,\"3\":0.1270367812,\"4\":0.1325541087},\"5\":{\"0\":0.0022606819,\"1\":0.0000534399,\"2\":0.0242723597,\"3\":0.0313233173,\"4\":0.2904151665},\"6\":{\"0\":0.0406062524,\"1\":0.0001083463,\"2\":0.0919595076,\"3\":0.0562444489,\"4\":0.3176826462}}"}