{"source_name": "HAZUS_RM2H", "target_name": "SUPPASRI2013_RC2", "source_damage_states": [0, 1, 2, 3, 4], "target_damage_states": [0, 1, 2, 3, 4, 5, 6], "conv_matrix": "{\"0\":{\"0\":0.07098262,\"1\":0.0000029214,\"2\":0.0004638103,\"3\":0.0000019959,\"4\":7.236390489e-19},\"1\":{\"0\":0.4258887273,\"1\":0.0792905265,\"2\":0.0128772401,\"3\":0.000008483,\"4\":0.0},\"2\":{\"0\":0.1078319407,\"1\":0.4524282994,\"2\":0.0059430687,\"3\":0.0005632997,\"4\":0.0000000277},\"3\":{\"0\":0.3942899146,\"1\":0.4502650573,\"2\":0.7561889779,\"3\":0.6896142778,\"4\":0.1761982029},\"4\":{\"0\":0.0010059851,\"1\":0.0180108583,\"2\":0.0657045187,\"3\":0.1262626357,\"4\":0.2354432213},\"5\":{\"0\":0.000000277,\"1\":0.0000022933,\"2\":0.0366208024,\"3\":0.0774127847,\"4\":0.389282624},\"6\":{\"0\":0.0000005353,\"1\":0.0000000437,\"2\":0.1222015819,\"3\":0.1061365232,\"4\":0.199075924}}"}