{"source_name": "HAZUS_RM1L", "target_name": "SUPPASRI2013_W2", "source_damage_states": [0, 1, 2, 3, 4], "target_damage_states": [0, 1, 2, 3, 4, 5, 6], "conv_matrix": "{\"0\":{\"0\":0.0041488299,\"1\":0.0000000061,\"2\":0.0000000133,\"3\":0.0000000007,\"4\":0.0},\"1\":{\"0\":0.0000523334,\"1\":0.6643281924,\"2\":0.0045261724,\"3\":0.0000882991,\"4\":5.133485515e-17},\"2\":{\"0\":0.1267639121,\"1\":0.117386092,\"2\":0.0081762983,\"3\":0.0000228346,\"4\":0.0000000003},\"3\":{\"0\":0.430281481,\"1\":0.2178868016,\"2\":0.7732781361,\"3\":0.320140266,\"4\":0.0075907479},\"4\":{\"0\":0.175883591,\"1\":0.0003988169,\"2\":0.1889483556,\"3\":0.3615183275,\"4\":0.0751260942},\"5\":{\"0\":0.004918626,\"1\":0.0000000909,\"2\":0.0084100051,\"3\":0.0986636038,\"4\":0.2018371715},\"6\":{\"0\":0.2579512266,\"1\":0.0000000001,\"2\":0.0166610192,\"3\":0.2195666684,\"4\":0.7154459862}}"}