{"source_name": "HAZUS_S4L", "target_name": "SUPPARSI2013_RC3", "source_damage_states": [0, 1, 2, 3, 4], "target_damage_states": [0, 1, 2, 3, 4, 5, 6], "conv_matrix": "{\"0\":{\"0\":0.0281537613,\"1\":0.0000000273,\"2\":0.0000072679,\"3\":0.0,\"4\":9.396915651e-17},\"1\":{\"0\":0.0002444434,\"1\":0.6462493423,\"2\":0.007807692,\"3\":0.1080612765,\"4\":0.0000000008},\"2\":{\"0\":0.2678607256,\"1\":0.1576887041,\"2\":0.0098586731,\"3\":0.0000586088,\"4\":0.000000009},\"3\":{\"0\":0.3076753532,\"1\":0.1960442835,\"2\":0.7236421324,\"3\":0.4434194092,\"4\":0.0469893626},\"4\":{\"0\":0.1028822569,\"1\":0.0000176424,\"2\":0.1485345615,\"3\":0.2526737481,\"4\":0.2600120575},\"5\":{\"0\":0.0012459793,\"1\":0.0000000003,\"2\":0.0030683199,\"3\":0.0472485347,\"4\":0.2246215398},\"6\":{\"0\":0.2919374804,\"1\":0.0,\"2\":0.1070813533,\"3\":0.1485384227,\"4\":0.4683770303}}"}