{"source_name": "HAZUS_RM1L", "target_name": "SUPPASRI2013_RC1", "source_damage_states": [0, 1, 2, 3, 4], "target_damage_states": [0, 1, 2, 3, 4, 5, 6], "conv_matrix": "{\"0\":{\"0\":0.0078592861,\"1\":0.0000030597,\"2\":0.0000074734,\"3\":0.0000008364,\"4\":0.0000001638},\"1\":{\"0\":0.0750029272,\"1\":0.0786181693,\"2\":0.0000769297,\"3\":0.0000000395,\"4\":0.0},\"2\":{\"0\":0.0249085306,\"1\":0.4027620104,\"2\":0.0175140027,\"3\":0.0001497232,\"4\":0.0000000017},\"3\":{\"0\":0.782645013,\"1\":0.5005546644,\"2\":0.9025452141,\"3\":0.6157019083,\"4\":0.1916418427},\"4\":{\"0\":0.0198651196,\"1\":0.0180602224,\"2\":0.0654459949,\"3\":0.1654251282,\"4\":0.0699859072},\"5\":{\"0\":0.0073034837,\"1\":0.0000018117,\"2\":0.0039865296,\"3\":0.07454833,\"4\":0.3293350188},\"6\":{\"0\":0.0824156397,\"1\":0.0000000621,\"2\":0.0104238557,\"3\":0.1441740343,\"4\":0.4090370658}}"}