{"source_name": "SARA_CR_LWAL_DUC_H_4_7", "target_name": "SUPPARSI_2013_W2", "source_damage_states": [0, 1, 2, 3, 4], "target_damage_states": [0, 1, 2, 3, 4, 5, 6], "conv_matrix": "{\"0\":{\"0\":0.0000000007,\"1\":0.0,\"2\":0.0,\"3\":1.054003438e-16,\"4\":3.209725636e-26},\"1\":{\"0\":0.0001174376,\"1\":0.8049624065,\"2\":0.3251122813,\"3\":0.0000398693,\"4\":8.457980613e-18},\"2\":{\"0\":0.9998510101,\"1\":0.1797300451,\"2\":0.0328046761,\"3\":0.0000160986,\"4\":0.0},\"3\":{\"0\":0.0000315516,\"1\":0.0153072668,\"2\":0.639637836,\"3\":0.4093609166,\"4\":0.0003229328},\"4\":{\"0\":0.0,\"1\":0.0000002816,\"2\":0.0024449095,\"3\":0.3884935097,\"4\":0.0432936106},\"5\":{\"0\":1.133595483e-18,\"1\":0.0,\"2\":0.0000002788,\"3\":0.0868316459,\"4\":0.3437068302},\"6\":{\"0\":5.157596469e-20,\"1\":0.0,\"2\":0.0000000183,\"3\":0.1152579599,\"4\":0.6126766264}}"}