{"source_name": "SARA_CR-LWAL-DNO-H4-7", "target_name": "SUPPARSI2013_S2", "source_damage_states": [0, 1, 2, 3, 4], "target_damage_states": [0, 1, 2, 3, 4, 5, 6], "conv_matrix": "{\"0\":{\"0\":0.0002719596,\"1\":0.0008982081,\"2\":0.0000000529,\"3\":0.0,\"4\":5.19990701e-18},\"1\":{\"0\":0.5066929517,\"1\":0.0320454154,\"2\":0.0000042263,\"3\":0.3530288984,\"4\":4.636864256e-19},\"2\":{\"0\":0.3111026007,\"1\":0.0250087399,\"2\":0.0009688958,\"3\":0.0286489023,\"4\":0.0},\"3\":{\"0\":0.1819068997,\"1\":0.6108981311,\"2\":0.2376273178,\"3\":0.4186793154,\"4\":0.0000405816},\"4\":{\"0\":0.0000255879,\"1\":0.1814823911,\"2\":0.3011348194,\"3\":0.1603780634,\"4\":0.025569938},\"5\":{\"0\":0.0000000003,\"1\":0.0187045886,\"2\":0.0737384505,\"3\":0.0286240823,\"4\":0.2622672446},\"6\":{\"0\":0.0,\"1\":0.1309625257,\"2\":0.3865262373,\"3\":0.0106407381,\"4\":0.7121222359}}"}