{"source_name": "SARA_MR-DUC-H1-3", "target_name": "SUPPASRI2013_BRICK", "source_damage_states": [0, 1, 2, 3, 4], "target_damage_states": [0, 1, 2, 3, 4, 5, 6], "conv_matrix": "{\"0\":{\"0\":0.0089611509,\"1\":0.0000000064,\"2\":0.0000000195,\"3\":0.0,\"4\":7.608287506e-17},\"1\":{\"0\":0.0000803516,\"1\":0.6879119581,\"2\":0.0000164568,\"3\":0.0001537556,\"4\":0.0000001749},\"2\":{\"0\":0.1741989233,\"1\":0.1313472526,\"2\":0.002280365,\"3\":0.0001230568,\"4\":0.0000002538},\"3\":{\"0\":0.3594351048,\"1\":0.1807252886,\"2\":0.6031213817,\"3\":0.4557831018,\"4\":0.1689918255},\"4\":{\"0\":0.1383726792,\"1\":0.0000154922,\"2\":0.2345641747,\"3\":0.2391181266,\"4\":0.285987238},\"5\":{\"0\":0.0021920149,\"1\":0.0000000021,\"2\":0.0303416417,\"3\":0.0712870789,\"4\":0.1888672295},\"6\":{\"0\":0.3167597753,\"1\":0.0,\"2\":0.1296759607,\"3\":0.2335348803,\"4\":0.3561532783}}"}