{"source_name": "SARA_CR-LFM-DNO-SOS-H1-3", "target_name": "SUPPASRI2013_RC2", "source_damage_states": [0, 1, 2, 3, 4], "target_damage_states": [0, 1, 2, 3, 4, 5, 6], "conv_matrix": "{\"0\":{\"0\":0.0009127072,\"1\":0.0011179401,\"2\":0.000003636,\"3\":0.0000006771,\"4\":0.0000000168},\"1\":{\"0\":0.6033889419,\"1\":0.0734461717,\"2\":0.0000001058,\"3\":0.0036451853,\"4\":0.0},\"2\":{\"0\":0.3868131489,\"1\":0.0885639955,\"2\":0.0000017784,\"3\":0.2218106542,\"4\":0.0},\"3\":{\"0\":0.0088774185,\"1\":0.6863804287,\"2\":0.6337417176,\"3\":0.6597019331,\"4\":0.131528239},\"4\":{\"0\":0.0000077835,\"1\":0.0421221471,\"2\":0.1027168427,\"3\":0.0954579573,\"4\":0.0625590045},\"5\":{\"0\":0.0,\"1\":0.0205967683,\"2\":0.0785197376,\"3\":0.0156220507,\"4\":0.3641214691},\"6\":{\"0\":0.0,\"1\":0.0877725487,\"2\":0.1850161819,\"3\":0.0037615423,\"4\":0.4417912705}}"}