{"source_name": "SARA_MUR-ADO-H1-2", "target_name": "Supparsi2013_RC1", "source_damage_states": [0, 1, 2, 3, 4], "target_damage_states": [0, 1, 2, 3, 4, 5, 6], "conv_matrix": "{\"0\":{\"0\":0.0215353553,\"1\":0.0000416806,\"2\":0.0000004177,\"3\":0.0000017539,\"4\":0.0000000053},\"1\":{\"0\":0.0859857126,\"1\":0.0877330471,\"2\":0.0003776303,\"3\":0.0000000006,\"4\":0.0},\"2\":{\"0\":0.025590351,\"1\":0.2527403685,\"2\":0.2212021743,\"3\":0.0000004233,\"4\":0.0000000044},\"3\":{\"0\":0.7986986344,\"1\":0.6412006284,\"2\":0.7260551274,\"3\":0.6251611631,\"4\":0.267261239},\"4\":{\"0\":0.0128478118,\"1\":0.0173211305,\"2\":0.0518706154,\"3\":0.1386394962,\"4\":0.1419326714},\"5\":{\"0\":0.0027117279,\"1\":0.0003532765,\"2\":0.000284847,\"3\":0.0579768451,\"4\":0.2707038014},\"6\":{\"0\":0.0526304069,\"1\":0.0006098684,\"2\":0.0002091879,\"3\":0.1782203178,\"4\":0.3201022785}}"}