{"source_name": "SARA_CR-LFM-DNO-H4-7", "target_name": "SUPPASRI2013_BRICK", "source_damage_states": [0, 1, 2, 3, 4], "target_damage_states": [0, 1, 2, 3, 4, 5, 6], "conv_matrix": "{\"0\":{\"0\":0.0000780959,\"1\":0.0005869876,\"2\":0.0000000046,\"3\":0.0,\"4\":0.0},\"1\":{\"0\":0.0077916601,\"1\":0.0760715479,\"2\":0.3661236244,\"3\":0.341261748,\"4\":1.511826716e-19},\"2\":{\"0\":0.9873266381,\"1\":0.0532593589,\"2\":0.1127903422,\"3\":0.0200071502,\"4\":0.0},\"3\":{\"0\":0.004803574,\"1\":0.3869723919,\"2\":0.4864938975,\"3\":0.4047423285,\"4\":0.0000402932},\"4\":{\"0\":0.0000000319,\"1\":0.2246351769,\"2\":0.0341342253,\"3\":0.1876276548,\"4\":0.025899896},\"5\":{\"0\":0.0,\"1\":0.0429713916,\"2\":0.0002472957,\"3\":0.0330592866,\"4\":0.2258632789},\"6\":{\"0\":0.0,\"1\":0.2155031451,\"2\":0.0002106102,\"3\":0.0133018318,\"4\":0.7481965318}}"}