{"source_name": "SARA_CR_LWAL_DUC_H_4_7", "target_name": "Supparsi_2013_RC1", "source_damage_states": [0, 1, 2, 3, 4], "target_damage_states": [0, 1, 2, 3, 4, 5, 6], "conv_matrix": "{\"0\":{\"0\":0.0000000142,\"1\":0.0000000005,\"2\":0.0000000001,\"3\":0.0,\"4\":1.242350777e-19},\"1\":{\"0\":0.8385593393,\"1\":0.2071561848,\"2\":0.0215055233,\"3\":0.0000002352,\"4\":0.0},\"2\":{\"0\":0.1614320909,\"1\":0.7530496969,\"2\":0.1703171581,\"3\":0.0000003101,\"4\":0.0},\"3\":{\"0\":0.0000085529,\"1\":0.0395037025,\"2\":0.7788730429,\"3\":0.7264913157,\"4\":0.0762223158},\"4\":{\"0\":0.0000000027,\"1\":0.0002904153,\"2\":0.0293036979,\"3\":0.1400129555,\"4\":0.0259570465},\"5\":{\"0\":5.879096263e-18,\"1\":0.0,\"2\":0.0000005673,\"3\":0.0331614741,\"4\":0.2798004447},\"6\":{\"0\":1.091119821e-18,\"1\":0.0,\"2\":0.0000000104,\"3\":0.1003337093,\"4\":0.618020193}}"}