{"source_name": "SARA_MR_DNO_H_1_3", "target_name": "SUPPARSI_2013_S1", "source_damage_states": [0, 1, 2, 3, 4], "target_damage_states": [0, 1, 2, 3, 4, 5, 6], "conv_matrix": "{\"0\":{\"0\":0.0000000007,\"1\":0.0,\"2\":0.0,\"3\":7.379367231e-19,\"4\":7.323485442e-24},\"1\":{\"0\":0.0001146338,\"1\":0.4968139459,\"2\":0.0000011581,\"3\":0.0000000014,\"4\":0.0},\"2\":{\"0\":0.9998555557,\"1\":0.0705266832,\"2\":0.0066281811,\"3\":0.0000025386,\"4\":0.0000000003},\"3\":{\"0\":0.0000298097,\"1\":0.4303663661,\"2\":0.9300436304,\"3\":0.3773976011,\"4\":0.0089170955},\"4\":{\"0\":0.0,\"1\":0.0022926457,\"2\":0.0630540664,\"3\":0.5305448443,\"4\":0.1755769049},\"5\":{\"0\":8.876700677e-21,\"1\":0.0000003548,\"2\":0.000249677,\"3\":0.0621689071,\"4\":0.2906009601},\"6\":{\"0\":1.153299428e-22,\"1\":0.0000000044,\"2\":0.000023287,\"3\":0.0298861076,\"4\":0.5249050391}}"}