{"source_name": "SARA_CR-LWAL-DUC-H1-3", "target_name": "SUPPASRI2013_S1", "source_damage_states": [0, 1, 2, 3, 4], "target_damage_states": [0, 1, 2, 3, 4, 5, 6], "conv_matrix": "{\"0\":{\"0\":0.0257208761,\"1\":0.0000065492,\"2\":0.000000043,\"3\":0.0,\"4\":7.138197269e-17},\"1\":{\"0\":0.0002227169,\"1\":0.2595156241,\"2\":0.1279373045,\"3\":0.3818325501,\"4\":0.0248735592},\"2\":{\"0\":0.24399684,\"1\":0.1584549659,\"2\":0.0202214989,\"3\":0.019341263,\"4\":0.0000575993},\"3\":{\"0\":0.2745601205,\"1\":0.4456229834,\"2\":0.3771609545,\"3\":0.3616511621,\"4\":0.3127994208},\"4\":{\"0\":0.0953750612,\"1\":0.0904337684,\"2\":0.2130732996,\"3\":0.1370617256,\"4\":0.229169113},\"5\":{\"0\":0.0014332592,\"1\":0.00244472,\"2\":0.0490846881,\"3\":0.0288581884,\"4\":0.1501686751},\"6\":{\"0\":0.3586911261,\"1\":0.0435213891,\"2\":0.2125222114,\"3\":0.0712551108,\"4\":0.2829316327}}"}