{"source_name": "SARA_CR-LFM-DUC-H1-3", "target_name": "SUPPARSI2013_S1", "source_damage_states": [0, 1, 2, 3, 4], "target_damage_states": [0, 1, 2, 3, 4, 5, 6], "conv_matrix": "{\"0\":{\"0\":0.0182345021,\"1\":0.0000036325,\"2\":0.0000000068,\"3\":0.0,\"4\":0.0},\"1\":{\"0\":0.0001572486,\"1\":0.2973206606,\"2\":0.1578873272,\"3\":0.3499684039,\"4\":6.398912871e-16},\"2\":{\"0\":0.1725266642,\"1\":0.1813028053,\"2\":0.0280691501,\"3\":0.0071851172,\"4\":0.0000000002},\"3\":{\"0\":0.3733126915,\"1\":0.447288658,\"2\":0.419509695,\"3\":0.4507143029,\"4\":0.0123572421},\"4\":{\"0\":0.1415383595,\"1\":0.0573685131,\"2\":0.2033977903,\"3\":0.1673131976,\"4\":0.205745846},\"5\":{\"0\":0.0013794708,\"1\":0.0007820062,\"2\":0.0269727152,\"3\":0.0173288768,\"4\":0.225219714},\"6\":{\"0\":0.2928510634,\"1\":0.0159337242,\"2\":0.1641633154,\"3\":0.0074901016,\"4\":0.5566771976}}"}