{"source_name": "SARA_CR-LFM-DUC-H1-3", "target_name": "SUPPASRI2013_RC1", "source_damage_states": [0, 1, 2, 3, 4], "target_damage_states": [0, 1, 2, 3, 4, 5, 6], "conv_matrix": "{\"0\":{\"0\":0.0314069106,\"1\":0.0001893924,\"2\":0.0000036863,\"3\":0.0000000025,\"4\":0.000000011},\"1\":{\"0\":0.1175280509,\"1\":0.1442471437,\"2\":0.0032329686,\"3\":0.000289936,\"4\":0.0},\"2\":{\"0\":0.0297626576,\"1\":0.2129230217,\"2\":0.1206620945,\"3\":0.1856532723,\"4\":0.0000000013},\"3\":{\"0\":0.7630770224,\"1\":0.6250183552,\"2\":0.7001263405,\"3\":0.6954479395,\"4\":0.2492336237},\"4\":{\"0\":0.0115187122,\"1\":0.01267746,\"2\":0.055614655,\"3\":0.1067528017,\"4\":0.1282496207},\"5\":{\"0\":0.0024629244,\"1\":0.0004453268,\"2\":0.0227915408,\"3\":0.0087529153,\"4\":0.2779555923},\"6\":{\"0\":0.0442437219,\"1\":0.0044993002,\"2\":0.0975687142,\"3\":0.0031031327,\"4\":0.344561151}}"}