{"source_name": "SARA_W-WBB-H1", "target_name": "SUPPASRI2013_RC2", "source_damage_states": [0, 1, 2, 3, 4], "target_damage_states": [0, 1, 2, 3, 4, 5, 6], "conv_matrix": "{\"0\":{\"0\":0.0419585285,\"1\":0.0000138964,\"2\":0.000103533,\"3\":0.0000000093,\"4\":0.0000000053},\"1\":{\"0\":0.1670977393,\"1\":0.077860562,\"2\":0.0465323968,\"3\":0.0005620677,\"4\":0.0},\"2\":{\"0\":0.0445467938,\"1\":0.5925058784,\"2\":0.0476643398,\"3\":0.1540405433,\"4\":0.0000000164},\"3\":{\"0\":0.7111327917,\"1\":0.3266982138,\"2\":0.7042890138,\"3\":0.7296985202,\"4\":0.2895365926},\"4\":{\"0\":0.0077408085,\"1\":0.0029101516,\"2\":0.0572069185,\"3\":0.0972478689,\"4\":0.1549359735},\"5\":{\"0\":0.0014879981,\"1\":0.0000043357,\"2\":0.0360895932,\"3\":0.009303714,\"4\":0.2734026205},\"6\":{\"0\":0.0260353401,\"1\":0.000006962,\"2\":0.1081142049,\"3\":0.0091472765,\"4\":0.2821247917}}"}