{"source_schema": "SARA_v1.0", "source_taxonomy": "CR-PC-LWAL-DUC-H1-3", "target_schema": "SUPPASRI2013_v2.0", "target_taxonomy": "RC2", "source_damage_states": [0, 1, 2, 3, 4], "target_damage_states": [0, 1, 2, 3, 4, 5, 6], "conv_matrix": {"0": {"0": 0.0017870653, "1": 0.0013449883, "2": 0.0005555602, "3": 7.866e-07, "4": 3e-10}, "1": {"0": 0.6584295467, "1": 0.1838950318, "2": 6.011e-07, "3": 0.0174763063, "4": 1.328e-07}, "2": {"0": 0.3205983049, "1": 0.1016295483, "2": 6.131e-07, "3": 0.2837534542, "4": 0.0006409821}, "3": {"0": 0.0191652217, "1": 0.7014622589, "2": 0.6420781214, "3": 0.6294820409, "4": 0.4934244905}, "4": {"0": 1.98613e-05, "1": 0.0116664235, "2": 0.0722806418, "3": 0.0610195156, "4": 0.1602257716}, "5": {"0": 1e-10, "1": 1.6124e-06, "2": 0.0634161484, "3": 0.0060385719, "4": 0.1720081604}, "6": {"0": 0.0, "1": 1.368e-07, "2": 0.2216683139, "3": 0.0022293245, "4": 0.1737004623}}}