{"source_name": "SARA_W-WLI-H1-3", "target_name": "SUPPASRI2013_BRICK", "source_damage_states": [0, 1, 2, 3, 4], "target_damage_states": [0, 1, 2, 3, 4, 5, 6], "conv_matrix": "{\"0\":{\"0\":0.0166975593,\"1\":0.000002641,\"2\":0.0000000092,\"3\":0.0,\"4\":2.3989033e-17},\"1\":{\"0\":0.0001444709,\"1\":0.3269972294,\"2\":0.3279743477,\"3\":0.1382990717,\"4\":0.000000003},\"2\":{\"0\":0.1898456438,\"1\":0.1366400051,\"2\":0.0572742776,\"3\":0.0001009883,\"4\":0.0000000022},\"3\":{\"0\":0.4309111804,\"1\":0.4564334243,\"2\":0.4200095201,\"3\":0.4114352623,\"4\":0.0283947158},\"4\":{\"0\":0.0997186878,\"1\":0.0548634984,\"2\":0.1213608456,\"3\":0.2450434889,\"4\":0.2457406657},\"5\":{\"0\":0.0011417909,\"1\":0.0006626116,\"2\":0.0197991777,\"3\":0.0377628087,\"4\":0.2282597497},\"6\":{\"0\":0.2615406669,\"1\":0.0244005903,\"2\":0.053581822,\"3\":0.1673583802,\"4\":0.4976048636}}"}