{"source_name": "SARA_W-WHE-H1-3", "target_name": "SUPPARSI2013_W1", "source_damage_states": [0, 1, 2, 3, 4], "target_damage_states": [0, 1, 2, 3, 4, 5, 6], "conv_matrix": "{\"0\":{\"0\":0.0061088363,\"1\":0.0000000962,\"2\":0.0,\"3\":0.0,\"4\":7.06878875e-16},\"1\":{\"0\":0.0000551677,\"1\":0.0821729385,\"2\":0.5099381088,\"3\":0.0000863387,\"4\":0.0000000008},\"2\":{\"0\":0.1186903489,\"1\":0.4791483795,\"2\":0.0478470224,\"3\":0.0000033433,\"4\":0.0000000043},\"3\":{\"0\":0.3968872691,\"1\":0.4329434795,\"2\":0.4388977392,\"3\":0.4020499857,\"4\":0.0455224091},\"4\":{\"0\":0.1421812169,\"1\":0.0057320634,\"2\":0.0033133446,\"3\":0.3453623444,\"4\":0.2596671436},\"5\":{\"0\":0.0031491638,\"1\":0.0000014753,\"2\":0.0000026483,\"3\":0.0546071082,\"4\":0.2243771709},\"6\":{\"0\":0.3329279974,\"1\":0.0000015675,\"2\":0.0000011367,\"3\":0.1978908797,\"4\":0.4704332713}}"}