{"source_name": "SARA_MUR_STRUB_H_1_2", "target_name": "SUPPARSI_2013_RC3", "source_damage_states": [0, 1, 2, 3, 4], "target_damage_states": [0, 1, 2, 3, 4, 5, 6], "conv_matrix": "{\"0\":{\"0\":0.0000000006,\"1\":0.0,\"2\":0.0,\"3\":1.893745803e-23,\"4\":9.32193257e-24},\"1\":{\"0\":0.0005002072,\"1\":0.6007946516,\"2\":0.2129828776,\"3\":0.0191681283,\"4\":7.624047952e-19},\"2\":{\"0\":0.9994589293,\"1\":0.1639622222,\"2\":0.0036818378,\"3\":0.0000138877,\"4\":0.0},\"3\":{\"0\":0.0000408629,\"1\":0.2352168091,\"2\":0.6417222836,\"3\":0.3814224822,\"4\":0.0008672592},\"4\":{\"0\":0.0,\"1\":0.000026314,\"2\":0.1247593177,\"3\":0.4454850348,\"4\":0.0542347597},\"5\":{\"0\":3.423063508e-19,\"1\":0.0000000015,\"2\":0.0101379481,\"3\":0.089633096,\"4\":0.317620842},\"6\":{\"0\":3.235029697e-20,\"1\":0.0000000016,\"2\":0.0067157352,\"3\":0.0642773709,\"4\":0.6272771391}}"}