{"source_name": "SARA_ER_ETR_H_1_2", "target_name": "SUPPARSI_2013_S2", "source_damage_states": [0, 1, 2, 3, 4], "target_damage_states": [0, 1, 2, 3, 4, 5, 6], "conv_matrix": "{\"0\":{\"0\":0.0000000007,\"1\":0.0,\"2\":0.0,\"3\":4.836276736e-22,\"4\":3.066994783e-29},\"1\":{\"0\":0.0001142789,\"1\":0.7155476337,\"2\":0.1742429017,\"3\":0.0000140184,\"4\":0.0},\"2\":{\"0\":0.9998253525,\"1\":0.1598282487,\"2\":0.0032952207,\"3\":0.0000006181,\"4\":0.000000002},\"3\":{\"0\":0.0000603676,\"1\":0.1246193877,\"2\":0.748855507,\"3\":0.2155483904,\"4\":0.0160919072},\"4\":{\"0\":0.0000000002,\"1\":0.0000047299,\"2\":0.0673479622,\"3\":0.3806981588,\"4\":0.2289466573},\"5\":{\"0\":3.575801028e-17,\"1\":0.0,\"2\":0.0036450713,\"3\":0.1524519464,\"4\":0.3017826444},\"6\":{\"0\":3.746924859e-18,\"1\":0.0,\"2\":0.0026133371,\"3\":0.2512868679,\"4\":0.4531787891}}"}