{"source_name": "SARA_MCF-DNO-H1-3", "target_name": "Supparsi2013_RC2", "source_damage_states": [0, 1, 2, 3, 4], "target_damage_states": [0, 1, 2, 3, 4, 5, 6], "conv_matrix": "{\"0\":{\"0\":0.0039557475,\"1\":0.0000162133,\"2\":0.000000042,\"3\":0.0000000038,\"4\":0.0000000002},\"1\":{\"0\":0.0240038502,\"1\":0.1189101094,\"2\":0.0049796376,\"3\":0.0000311581,\"4\":0.0000243317},\"2\":{\"0\":0.02122061,\"1\":0.1620676527,\"2\":0.2304939043,\"3\":0.022280702,\"4\":0.1361992428},\"3\":{\"0\":0.7516263917,\"1\":0.6392839268,\"2\":0.6287797969,\"3\":0.6879485752,\"4\":0.4870497391},\"4\":{\"0\":0.0325714465,\"1\":0.0258132789,\"2\":0.053492072,\"3\":0.127644692,\"4\":0.1266726281},\"5\":{\"0\":0.0172449852,\"1\":0.0081401759,\"2\":0.0213193205,\"3\":0.0621794478,\"4\":0.12597476},\"6\":{\"0\":0.1493769689,\"1\":0.0457686431,\"2\":0.0609352266,\"3\":0.099915421,\"4\":0.1240792981}}"}