{"source_name": "SARA_CR-LFLS-DNO-H1-3", "target_name": "SUPPARSI2013_W3", "source_damage_states": [0, 1, 2, 3, 4], "target_damage_states": [0, 1, 2, 3, 4, 5, 6], "conv_matrix": "{\"0\":{\"0\":0.0000938958,\"1\":0.0007052813,\"2\":0.0000000058,\"3\":0.0000000005,\"4\":6.363976294e-17},\"1\":{\"0\":0.0060820579,\"1\":0.0897329198,\"2\":0.0000007307,\"3\":0.3656266167,\"4\":6.339932122e-20},\"2\":{\"0\":0.9879466123,\"1\":0.0645830787,\"2\":0.0000089949,\"3\":0.0475370725,\"4\":0.0},\"3\":{\"0\":0.0058773675,\"1\":0.4526261947,\"2\":0.2374433108,\"3\":0.4055096505,\"4\":0.0000284662},\"4\":{\"0\":0.0000000666,\"1\":0.1897427559,\"2\":0.2525632885,\"3\":0.1454426944,\"4\":0.0221380314},\"5\":{\"0\":0.0,\"1\":0.0292389637,\"2\":0.1024424708,\"3\":0.0255860136,\"4\":0.2455500909},\"6\":{\"0\":0.0,\"1\":0.1733708059,\"2\":0.4075411986,\"3\":0.0102979519,\"4\":0.7322834116}}"}