{"source_schema": "SARA_v1.0", "source_taxonomy": "W-WLI-H1-3", "target_schema": "SUPPASRI2013_v2.0", "target_taxonomy": "W2", "source_damage_states": [0, 1, 2, 3, 4], "target_damage_states": [0, 1, 2, 3, 4, 5, 6], "conv_matrix": {"0": {"0": 0.0166185611, "1": 2.765e-06, "2": 9.2e-09, "3": 0.0, "4": 6.826950017e-16}, "1": {"0": 0.0001438535, "1": 0.3333001809, "2": 0.3278016662, "3": 0.140995885, "4": 1e-09}, "2": {"0": 0.1893279256, "1": 0.1414383737, "2": 0.0583952416, "3": 0.0001392679, "4": 1.4e-09}, "3": {"0": 0.4298838223, "1": 0.4543929043, "2": 0.4186386749, "3": 0.419220465, "4": 0.0231683444}, "4": {"0": 0.1002873467, "1": 0.050237343, "2": 0.1211599866, "3": 0.2438001984, "4": 0.2422832979}, "5": {"0": 0.0011476054, "1": 0.0004933998, "2": 0.0199503119, "3": 0.0362683423, "4": 0.2272246626}, "6": {"0": 0.2625908854, "1": 0.0201350333, "2": 0.0540541097, "3": 0.1595758413, "4": 0.5073236928}}}