{"source_name": "SARA_CR_LFM_DNO_H_4_7", "target_name": "SUPPARSI_2013_RC3", "source_damage_states": [0, 1, 2, 3, 4], "target_damage_states": [0, 1, 2, 3, 4, 5, 6], "conv_matrix": "{\"0\":{\"0\":0.0000000007,\"1\":0.0,\"2\":0.0,\"3\":4.09164883e-20,\"4\":1.366169367e-23},\"1\":{\"0\":0.0001137194,\"1\":0.6180371772,\"2\":0.0036365908,\"3\":0.0000713543,\"4\":0.0000000054},\"2\":{\"0\":0.9998151516,\"1\":0.0884960437,\"2\":0.0053244163,\"3\":0.0000000768,\"4\":0.0000000004},\"3\":{\"0\":0.0000711281,\"1\":0.2934206569,\"2\":0.9322614081,\"3\":0.3989871952,\"4\":0.0132549325},\"4\":{\"0\":0.0000000003,\"1\":0.0000461202,\"2\":0.0564311908,\"3\":0.4854062339,\"4\":0.2147388835},\"5\":{\"0\":2.132873546e-16,\"1\":0.000000002,\"2\":0.0009268098,\"3\":0.0561354095,\"4\":0.2896126735},\"6\":{\"0\":3.556484519e-17,\"1\":0.0,\"2\":0.0014195842,\"3\":0.0593997303,\"4\":0.4823935047}}"}