{"source_schema": "SARA_v1.0", "source_taxonomy": "MCF-DUC-H1-3", "target_schema": "SUPPASRI2013_v2.0", "target_taxonomy": "BRICK", "source_damage_states": [0, 1, 2, 3, 4], "target_damage_states": [0, 1, 2, 3, 4, 5, 6], "conv_matrix": {"0": {"0": 0.0089622635, "1": 6.4e-09, "2": 1.95e-08, "3": 0.0, "4": 7.596861112e-17}, "1": {"0": 8.03866e-05, "1": 0.6878038781, "2": 1.64287e-05, "3": 0.0001535871, "4": 1.752e-07}, "2": {"0": 0.1741462199, "1": 0.1314131008, "2": 0.0022790561, "3": 0.0001228442, "4": 2.531e-07}, "3": {"0": 0.3593484854, "1": 0.1807669112, "2": 0.6030489886, "3": 0.4557623809, "4": 0.1689886565}, "4": {"0": 0.1385306307, "1": 1.61011e-05, "2": 0.2346375886, "3": 0.2391470416, "4": 0.2859822063}, "5": {"0": 0.0021934579, "1": 2.4e-09, "2": 0.0303427262, "3": 0.0712947857, "4": 0.1889047868}, "6": {"0": 0.316738556, "1": 0.0, "2": 0.1296751924, "3": 0.2335193605, "4": 0.356123922}}}