{"source_name": "SARA_CR_LFM_DUC_H_1_3", "target_name": "SUPPARSI_2013_RC3", "source_damage_states": [0, 1, 2, 3, 4], "target_damage_states": [0, 1, 2, 3, 4, 5, 6], "conv_matrix": "{\"0\":{\"0\":0.0000000002,\"1\":0.0,\"2\":0.0,\"3\":3.722292946e-16,\"4\":5.277570224e-24},\"1\":{\"0\":0.0037554861,\"1\":0.6226391888,\"2\":0.0252515671,\"3\":0.0000026089,\"4\":4.826165428e-19},\"2\":{\"0\":0.9959883495,\"1\":0.0825421659,\"2\":0.0069010454,\"3\":0.0000296381,\"4\":0.0},\"3\":{\"0\":0.0002561641,\"1\":0.2947911854,\"2\":0.9607656526,\"3\":0.4590323298,\"4\":0.0002529673},\"4\":{\"0\":0.0000000001,\"1\":0.0000274599,\"2\":0.0070807443,\"3\":0.4480416581,\"4\":0.0441211809},\"5\":{\"0\":6.670120289e-19,\"1\":0.0,\"2\":0.0000009764,\"3\":0.0629434889,\"4\":0.317157516},\"6\":{\"0\":2.158769876e-20,\"1\":0.0,\"2\":0.0000000142,\"3\":0.0299502763,\"4\":0.6384683358}}"}