{"source_name": "SARA_S-LFM-H4-7", "target_name": "Supparsi2013_RC1", "source_damage_states": [0, 1, 2, 3, 4], "target_damage_states": [0, 1, 2, 3, 4, 5, 6], "conv_matrix": "{\"0\":{\"0\":0.0253389763,\"1\":0.0000212854,\"2\":0.0000403111,\"3\":0.0000000026,\"4\":0.0000000003},\"1\":{\"0\":0.1031073373,\"1\":0.108831803,\"2\":0.0242264299,\"3\":0.000064247,\"4\":0.0},\"2\":{\"0\":0.0315076544,\"1\":0.6927453749,\"2\":0.0407997761,\"3\":0.0753798367,\"4\":0.0000000005},\"3\":{\"0\":0.7924519416,\"1\":0.196863158,\"2\":0.7640108471,\"3\":0.7623492286,\"4\":0.2353938271},\"4\":{\"0\":0.0105346197,\"1\":0.0015383526,\"2\":0.0496202113,\"3\":0.1158676509,\"4\":0.1485442736},\"5\":{\"0\":0.0016863463,\"1\":0.0000000236,\"2\":0.0226269639,\"3\":0.0187269406,\"4\":0.2910639316},\"6\":{\"0\":0.0353731244,\"1\":0.0000000025,\"2\":0.0986754606,\"3\":0.0276120936,\"4\":0.324997967}}"}