{"source_name": "SARA_MR-DNO-H1-3", "target_name": "SUPPARSI2013_RC3", "source_damage_states": [0, 1, 2, 3, 4], "target_damage_states": [0, 1, 2, 3, 4, 5, 6], "conv_matrix": "{\"0\":{\"0\":0.0024300471,\"1\":0.0000000246,\"2\":0.0,\"3\":0.0,\"4\":2.697990769e-16},\"1\":{\"0\":0.000026015,\"1\":0.2130834049,\"2\":0.3446000534,\"3\":0.1008907856,\"4\":0.2432153186},\"2\":{\"0\":0.0570686691,\"1\":0.1560082372,\"2\":0.0298849181,\"3\":0.007817367,\"4\":0.0036733807},\"3\":{\"0\":0.3256729235,\"1\":0.4442494147,\"2\":0.3947878566,\"3\":0.4105573571,\"4\":0.2656778584},\"4\":{\"0\":0.1896531427,\"1\":0.1152112961,\"2\":0.1278364607,\"3\":0.2625385264,\"4\":0.1677368012},\"5\":{\"0\":0.0084912875,\"1\":0.0115634326,\"2\":0.0275268593,\"3\":0.0723143276,\"4\":0.1091652108},\"6\":{\"0\":0.4166579151,\"1\":0.0598841899,\"2\":0.075363852,\"3\":0.1458816364,\"4\":0.2105314304}}"}