{"source_name": "SARA_CR_LFINF_DUC_H_4_7", "target_name": "SUPPARSI_2013_S2", "source_damage_states": [0, 1, 2, 3, 4], "target_damage_states": [0, 1, 2, 3, 4, 5, 6], "conv_matrix": "{\"0\":{\"0\":0.0000000002,\"1\":0.0,\"2\":0.0,\"3\":2.178064152e-18,\"4\":1.990422518e-28},\"1\":{\"0\":0.0063876592,\"1\":0.7596580127,\"2\":0.2182254652,\"3\":0.0000003619,\"4\":0.0},\"2\":{\"0\":0.9931084837,\"1\":0.1531054642,\"2\":0.0061570317,\"3\":0.000001433,\"4\":0.0},\"3\":{\"0\":0.0005038567,\"1\":0.0872339474,\"2\":0.7640451969,\"3\":0.3411893891,\"4\":0.000906307},\"4\":{\"0\":0.0000000002,\"1\":0.0000025757,\"2\":0.0115520475,\"3\":0.4421213296,\"4\":0.0809865914},\"5\":{\"0\":1.740980769e-17,\"1\":0.0,\"2\":0.0000174617,\"3\":0.080873174,\"4\":0.3658480109},\"6\":{\"0\":7.610626345e-19,\"1\":0.0,\"2\":0.000002797,\"3\":0.1358143125,\"4\":0.5522590906}}"}