{"source_name": "SARA_CR-PC-LWAL-DUC-H1-3", "target_name": "SUPPARSI2013_S2", "source_damage_states": [0, 1, 2, 3, 4], "target_damage_states": [0, 1, 2, 3, 4, 5, 6], "conv_matrix": "{\"0\":{\"0\":0.0000912185,\"1\":0.0005225591,\"2\":0.0005098538,\"3\":0.0000000006,\"4\":8.60878935e-17},\"1\":{\"0\":0.0060423982,\"1\":0.2204760146,\"2\":0.0000047633,\"3\":0.439570338,\"4\":0.0002302057},\"2\":{\"0\":0.9856453855,\"1\":0.2514109598,\"2\":0.0001018447,\"3\":0.0527237879,\"4\":0.0000184339},\"3\":{\"0\":0.0082203901,\"1\":0.5271770467,\"2\":0.3564846635,\"3\":0.3893741866,\"4\":0.29895565},\"4\":{\"0\":0.0000006077,\"1\":0.000413411,\"2\":0.2711353347,\"3\":0.1001917756,\"4\":0.2293475365},\"5\":{\"0\":0.0,\"1\":0.0000000081,\"2\":0.0641823905,\"3\":0.0125884868,\"4\":0.1577149537},\"6\":{\"0\":0.0,\"1\":0.0000000006,\"2\":0.3075811495,\"3\":0.0055514245,\"4\":0.3137332201}}"}