{"source_name": "SARA_S-LFM-H4-7", "target_name": "SUPPARSI2013_RC3", "source_damage_states": [0, 1, 2, 3, 4], "target_damage_states": [0, 1, 2, 3, 4, 5, 6], "conv_matrix": "{\"0\":{\"0\":0.0163755321,\"1\":0.0000000554,\"2\":0.000001059,\"3\":0.0,\"4\":7.709675465e-18},\"1\":{\"0\":0.0001411587,\"1\":0.6179702807,\"2\":0.1235328957,\"3\":0.262786876,\"4\":0.0000000003},\"2\":{\"0\":0.1798281397,\"1\":0.2116377478,\"2\":0.0347904446,\"3\":0.0006363598,\"4\":0.0000000002},\"3\":{\"0\":0.4542372077,\"1\":0.1703512545,\"2\":0.4707171115,\"3\":0.4681539908,\"4\":0.014065148},\"4\":{\"0\":0.1098214161,\"1\":0.0000406608,\"2\":0.1826059846,\"3\":0.19320775,\"4\":0.2201349399},\"5\":{\"0\":0.0010836635,\"1\":0.0000000007,\"2\":0.0263173486,\"3\":0.0286256077,\"4\":0.2520647553},\"6\":{\"0\":0.2385128822,\"1\":0.0000000001,\"2\":0.1620351561,\"3\":0.0465894158,\"4\":0.5137351564}}"}