{"source_name": "SARA_MUR-H1", "target_name": "SUPPASRI2013_RC1", "source_damage_states": [0, 1, 2, 3, 4], "target_damage_states": [0, 1, 2, 3, 4, 5, 6], "conv_matrix": "{\"0\":{\"0\":0.0293515034,\"1\":0.0001029068,\"2\":0.0000029078,\"3\":0.0000001841,\"4\":0.0000000155},\"1\":{\"0\":0.1079145026,\"1\":0.0969742922,\"2\":0.0001745999,\"3\":0.0000246762,\"4\":0.0},\"2\":{\"0\":0.0273349191,\"1\":0.2892051079,\"2\":0.094702588,\"3\":0.10265321,\"4\":0.0000000016},\"3\":{\"0\":0.7815082803,\"1\":0.6001127249,\"2\":0.7160500794,\"3\":0.6827984285,\"4\":0.2593469131},\"4\":{\"0\":0.0110238475,\"1\":0.0134429968,\"2\":0.0727807543,\"3\":0.1270157242,\"4\":0.132542898},\"5\":{\"0\":0.0022606822,\"1\":0.0000535152,\"2\":0.0242845761,\"3\":0.0313078723,\"4\":0.2904120925},\"6\":{\"0\":0.0406062648,\"1\":0.0001084561,\"2\":0.0920044945,\"3\":0.0561999046,\"4\":0.3176980793}}"}