{"source_schema": "SARA_v1.0", "source_taxonomy": "CR-LFINF-DNO-H1-3", "target_schema": "SUPPASRI2013_v2.0", "target_taxonomy": "BRICK", "source_damage_states": [0, 1, 2, 3, 4], "target_damage_states": [0, 1, 2, 3, 4, 5, 6], "conv_matrix": {"0": {"0": 7.0891e-06, "1": 0.0013126589, "2": 4.475e-07, "3": 0.0, "4": 0.0}, "1": {"0": 0.4814168079, "1": 0.001190553, "2": 0.000134576, "3": 0.3293918085, "4": 3.046902559e-19}, "2": {"0": 0.199492862, "1": 0.0386749385, "2": 0.0034666988, "3": 0.0204192112, "4": 0.0}, "3": {"0": 0.3161231136, "1": 0.5585576764, "2": 0.3140406382, "3": 0.4277220606, "4": 4.26458e-05}, "4": {"0": 0.0029500931, "1": 0.2132901736, "2": 0.3059756135, "3": 0.1784061884, "4": 0.0259979841}, "5": {"0": 9.9309e-06, "1": 0.0237043881, "2": 0.0691697977, "3": 0.0314373765, "4": 0.2273106895}, "6": {"0": 1.033e-07, "1": 0.1632696114, "2": 0.3072122284, "3": 0.0126233549, "4": 0.7466486806}}}