{"source_name": "SARA_CR-LFM-DNO-SOS-H1-3", "target_name": "SUPPARSI2013_RC3", "source_damage_states": [0, 1, 2, 3, 4], "target_damage_states": [0, 1, 2, 3, 4, 5, 6], "conv_matrix": "{\"0\":{\"0\":0.0000518177,\"1\":0.0005960148,\"2\":0.0000000069,\"3\":0.0000000005,\"4\":0.0},\"1\":{\"0\":0.0475558072,\"1\":0.1678497939,\"2\":0.0000000133,\"3\":0.3446155238,\"4\":1.450257058e-19},\"2\":{\"0\":0.9491489106,\"1\":0.0804390447,\"2\":0.0000117406,\"3\":0.0291088971,\"4\":0.0},\"3\":{\"0\":0.0032434377,\"1\":0.4195533915,\"2\":0.3069522432,\"3\":0.4253143135,\"4\":0.0000505804},\"4\":{\"0\":0.0000000268,\"1\":0.16036022,\"2\":0.3166491889,\"3\":0.1611856454,\"4\":0.0257559411},\"5\":{\"0\":0.0,\"1\":0.0247059997,\"2\":0.0765619512,\"3\":0.0283595813,\"4\":0.2284708451},\"6\":{\"0\":0.0,\"1\":0.1464955355,\"2\":0.299824856,\"3\":0.0114160384,\"4\":0.7457226335}}"}