{"source_name": "SARA_MR_DUC_H_1_3", "target_name": "SUPPARSI_2013_BRICK", "source_damage_states": [0, 1, 2, 3, 4], "target_damage_states": [0, 1, 2, 3, 4, 5, 6], "conv_matrix": "{\"0\":{\"0\":0.0000000003,\"1\":0.0,\"2\":0.0,\"3\":2.815073349e-22,\"4\":2.583007871e-28},\"1\":{\"0\":0.0014091804,\"1\":0.7190109209,\"2\":0.1842171732,\"3\":0.1178474256,\"4\":0.0000871157},\"2\":{\"0\":0.9984637239,\"1\":0.1994602264,\"2\":0.0061372881,\"3\":0.0002859213,\"4\":0.0000004956},\"3\":{\"0\":0.0001270954,\"1\":0.0815267603,\"2\":0.6907326461,\"3\":0.3538293745,\"4\":0.1862355317},\"4\":{\"0\":0.0,\"1\":0.0000020923,\"2\":0.0868373166,\"3\":0.2309283635,\"4\":0.312856576},\"5\":{\"0\":7.538584896e-20,\"1\":0.0,\"2\":0.0098949316,\"3\":0.1055747529,\"4\":0.2325419391},\"6\":{\"0\":9.283659941e-22,\"1\":0.0,\"2\":0.0221806443,\"3\":0.1915341623,\"4\":0.2682783419}}"}