{"source_name": "SARA_CR-LWAL-DNO-H4-7", "target_name": "Supparsi2013_RC2", "source_damage_states": [0, 1, 2, 3, 4], "target_damage_states": [0, 1, 2, 3, 4, 5, 6], "conv_matrix": "{\"0\":{\"0\":0.0010008341,\"1\":0.0011968852,\"2\":0.0000083928,\"3\":0.0000000857,\"4\":0.0000000005},\"1\":{\"0\":0.272799206,\"1\":0.0024535363,\"2\":0.0000212502,\"3\":0.0029132277,\"4\":0.0},\"2\":{\"0\":0.3556246552,\"1\":0.0085469595,\"2\":0.0003000797,\"3\":0.2220896897,\"4\":0.0},\"3\":{\"0\":0.367545325,\"1\":0.8565861095,\"2\":0.6033543524,\"3\":0.6596567748,\"4\":0.103704274},\"4\":{\"0\":0.0030299564,\"1\":0.0415795797,\"2\":0.0879409359,\"3\":0.0970439498,\"4\":0.0649082153},\"5\":{\"0\":0.0000000212,\"1\":0.0129001696,\"2\":0.072948992,\"3\":0.0145193722,\"4\":0.373666395},\"6\":{\"0\":0.000000002,\"1\":0.0767367603,\"2\":0.235425997,\"3\":0.0037769001,\"4\":0.4577211152}}"}