{"source_schema": "SARA_v1.0", "source_taxonomy": "S-LFM-H4-7", "target_schema": "SUPPASRI2013_v2.0", "target_taxonomy": "S3", "source_damage_states": [0, 1, 2, 3, 4], "target_damage_states": [0, 1, 2, 3, 4, 5, 6], "conv_matrix": {"0": {"0": 0.020515131, "1": 6.04e-08, "2": 2.0539e-06, "3": 0.0, "4": 6.75826302e-18}, "1": {"0": 0.0001773049, "1": 0.6152794426, "2": 0.1213278786, "3": 0.265707994, "4": 3e-10}, "2": {"0": 0.2169659152, "1": 0.210980347, "2": 0.0350843792, "3": 0.0006477804, "4": 1e-10}, "3": {"0": 0.4420311982, "1": 0.1736966895, "2": 0.4687377504, "3": 0.4695640123, "4": 0.013741314}, "4": {"0": 0.0996477202, "1": 4.34596e-05, "2": 0.1834034643, "3": 0.1925258251, "4": 0.2190958948}, "5": {"0": 0.0009209003, "1": 8e-10, "2": 0.0266653923, "3": 0.0278721005, "4": 0.2523608137}, "6": {"0": 0.2197418301, "1": 2e-10, "2": 0.1647790812, "3": 0.0436822877, "4": 0.5148019771}}}