{"source_name": "SARA_CR_LWAL_DNO_H_1_3", "target_name": "SUPPARSI_2013_S1", "source_damage_states": [0, 1, 2, 3, 4], "target_damage_states": [0, 1, 2, 3, 4, 5, 6], "conv_matrix": "{\"0\":{\"0\":0.0000000002,\"1\":0.0,\"2\":0.0,\"3\":3.355188578e-18,\"4\":6.446988084e-26},\"1\":{\"0\":0.0051885695,\"1\":0.7318047298,\"2\":0.142167239,\"3\":0.0000000125,\"4\":0.0604383121},\"2\":{\"0\":0.9942629251,\"1\":0.126931489,\"2\":0.007137833,\"3\":0.000001407,\"4\":0.0000339858},\"3\":{\"0\":0.000548505,\"1\":0.1412491649,\"2\":0.8374455024,\"3\":0.2838182261,\"4\":0.3327377303},\"4\":{\"0\":0.0000000002,\"1\":0.0000146162,\"2\":0.0132206846,\"3\":0.3417549368,\"4\":0.2570942713},\"5\":{\"0\":8.291326138e-18,\"1\":0.0000000001,\"2\":0.000024163,\"3\":0.1232160338,\"4\":0.1568780006},\"6\":{\"0\":3.388144753e-19,\"1\":0.0,\"2\":0.000004578,\"3\":0.2512093837,\"4\":0.1928176999}}"}