{"source_name": "SARA_S_LFM_H_4_7", "target_name": "Supparsi_2013_RC1", "source_damage_states": [0, 1, 2, 3, 4], "target_damage_states": [0, 1, 2, 3, 4, 5, 6], "conv_matrix": "{\"0\":{\"0\":0.0000000138,\"1\":0.0000000003,\"2\":0.0000000001,\"3\":8.041929945e-17,\"4\":5.933647975e-23},\"1\":{\"0\":0.8338916,\"1\":0.1102238032,\"2\":0.0054851545,\"3\":0.0000000025,\"4\":0.0},\"2\":{\"0\":0.1661000795,\"1\":0.5592129969,\"2\":0.0122134845,\"3\":0.000003056,\"4\":0.0000000277},\"3\":{\"0\":0.0000083044,\"1\":0.324940193,\"2\":0.9442543024,\"3\":0.5991571948,\"4\":0.3372814511},\"4\":{\"0\":0.0000000024,\"1\":0.0056230035,\"2\":0.0380079897,\"3\":0.1118821035,\"4\":0.1652830153},\"5\":{\"0\":3.456401326e-18,\"1\":0.000000003,\"2\":0.0000132787,\"3\":0.0574229168,\"4\":0.2217412417},\"6\":{\"0\":6.333120257e-19,\"1\":0.0000000001,\"2\":0.0000257902,\"3\":0.2315347263,\"4\":0.2756942641}}"}