{"source_name": "SARA_CR-LFM-DUC-H1-3", "target_name": "Supparsi2013_RC1", "source_damage_states": [0, 1, 2, 3, 4], "target_damage_states": [0, 1, 2, 3, 4, 5, 6], "conv_matrix": "{\"0\":{\"0\":0.0270537056,\"1\":0.0001624065,\"2\":0.000002755,\"3\":0.0000000018,\"4\":0.0000000071},\"1\":{\"0\":0.1132952143,\"1\":0.1300147389,\"2\":0.002535914,\"3\":0.0002167183,\"4\":0.0},\"2\":{\"0\":0.0334859907,\"1\":0.2283666441,\"2\":0.1204642195,\"3\":0.1818156357,\"4\":0.0000000005},\"3\":{\"0\":0.767574368,\"1\":0.6244550046,\"2\":0.7030096509,\"3\":0.7025603359,\"4\":0.2531711937},\"4\":{\"0\":0.0124717084,\"1\":0.0120812104,\"2\":0.0534992788,\"3\":0.1042192468,\"4\":0.1317266003},\"5\":{\"0\":0.0020962001,\"1\":0.000390138,\"2\":0.0207437322,\"3\":0.008062011,\"4\":0.2572032921},\"6\":{\"0\":0.0440228129,\"1\":0.0045298576,\"2\":0.0997444496,\"3\":0.0031260505,\"4\":0.3578989062}}"}