{"source_name": "SARA_W_WS_H_1_2", "target_name": "SUPPARSI_2013_W1", "source_damage_states": [0, 1, 2, 3, 4], "target_damage_states": [0, 1, 2, 3, 4, 5, 6], "conv_matrix": "{\"0\":{\"0\":0.0000000007,\"1\":0.0,\"2\":4.388197009e-16,\"3\":6.119944528e-19,\"4\":1.408523694e-28},\"1\":{\"0\":0.00011473,\"1\":0.5815169521,\"2\":0.1148393185,\"3\":0.0000000002,\"4\":0.0000000224},\"2\":{\"0\":0.9997764221,\"1\":0.1008672944,\"2\":0.0000792295,\"3\":0.0000002297,\"4\":0.0000003648},\"3\":{\"0\":0.0001088468,\"1\":0.3174383685,\"2\":0.8564124776,\"3\":0.22003898,\"4\":0.1563609011},\"4\":{\"0\":0.0000000004,\"1\":0.0001773716,\"2\":0.0286029899,\"3\":0.364565549,\"4\":0.3322815391},\"5\":{\"0\":5.313018646e-17,\"1\":0.0000000101,\"2\":0.0000577452,\"3\":0.1455491932,\"4\":0.2377674014},\"6\":{\"0\":2.43662718e-18,\"1\":0.0000000032,\"2\":0.0000082393,\"3\":0.269846048,\"4\":0.2735897712}}"}