{"source_schema": "SARA_v1.0", "source_taxonomy": "CR-LFINF-DUC-H4-7", "target_schema": "SUPPASRI2013_v2.0", "target_taxonomy": "RC2", "source_damage_states": [0, 1, 2, 3, 4], "target_damage_states": [0, 1, 2, 3, 4, 5, 6], "conv_matrix": {"0": {"0": 0.0564079674, "1": 0.0001509438, "2": 1.2956e-06, "3": 2.17e-08, "4": 6.5e-09}, "1": {"0": 0.2703183519, "1": 0.0637897328, "2": 0.0182669211, "3": 4.5745e-06, "4": 0.0}, "2": {"0": 0.0828092721, "1": 0.0595064635, "2": 0.4043278419, "3": 0.0221908402, "4": 2e-10}, "3": {"0": 0.5669114931, "1": 0.6692997093, "2": 0.5547713157, "3": 0.8186398199, "4": 0.2427335275}, "4": {"0": 0.0051597448, "1": 0.0510208322, "2": 0.0225890424, "3": 0.143868122, "4": 0.1397705148}, "5": {"0": 0.0005851173, "1": 0.0297075782, "2": 3.58707e-05, "3": 0.0110664368, "4": 0.2749462116}, "6": {"0": 0.0178080535, "1": 0.1265247402, "2": 7.7126e-06, "3": 0.0042301848, "4": 0.3425497394}}}