{"source_name": "SARA_W-WHE-H1-3", "target_name": "SUPPASRI2013_W3", "source_damage_states": [0, 1, 2, 3, 4], "target_damage_states": [0, 1, 2, 3, 4, 5, 6], "conv_matrix": "{\"0\":{\"0\":0.0061095395,\"1\":0.0000000963,\"2\":0.0,\"3\":0.0,\"4\":7.06211241e-16},\"1\":{\"0\":0.0000551951,\"1\":0.0821025918,\"2\":0.5098822223,\"3\":0.0000862414,\"4\":0.0000000008},\"2\":{\"0\":0.1186539299,\"1\":0.4792127614,\"2\":0.0478949886,\"3\":0.0000033516,\"4\":0.0000000043},\"3\":{\"0\":0.3967883303,\"1\":0.4329419967,\"2\":0.4389043877,\"3\":0.4019916935,\"4\":0.0455155444},\"4\":{\"0\":0.1423418549,\"1\":0.0057395094,\"2\":0.0033146153,\"3\":0.3454278544,\"4\":0.2596703029},\"5\":{\"0\":0.0031511593,\"1\":0.0000014766,\"2\":0.0000026494,\"3\":0.0546115063,\"4\":0.2244171582},\"6\":{\"0\":0.332899991,\"1\":0.0000015679,\"2\":0.0000011366,\"3\":0.1978793528,\"4\":0.4703969894}}"}