{"source_name": "SARA_CR-PC-LWAL-DUC-H1-3", "target_name": "SUPPASRI2013_RC1", "source_damage_states": [0, 1, 2, 3, 4], "target_damage_states": [0, 1, 2, 3, 4, 5, 6], "conv_matrix": "{\"0\":{\"0\":0.0017196007,\"1\":0.0021219942,\"2\":0.000677436,\"3\":0.0000008183,\"4\":0.0000000005},\"1\":{\"0\":0.6923220171,\"1\":0.2196213342,\"2\":0.0000025072,\"3\":0.0233783181,\"4\":0.0000000298},\"2\":{\"0\":0.2860743415,\"1\":0.1122857527,\"2\":0.0000039122,\"3\":0.2776427831,\"4\":0.0001226039},\"3\":{\"0\":0.0198624696,\"1\":0.659794034,\"2\":0.672473638,\"3\":0.6278474133,\"4\":0.461683333},\"4\":{\"0\":0.0000215709,\"1\":0.0061765752,\"2\":0.0734739252,\"3\":0.0626641945,\"4\":0.1633289519},\"5\":{\"0\":0.0000000001,\"1\":0.0000002683,\"2\":0.0665670556,\"3\":0.0063981467,\"4\":0.1988461863},\"6\":{\"0\":0.0,\"1\":0.0000000413,\"2\":0.1868015258,\"3\":0.002068326,\"4\":0.1760188946}}"}