{"source_name": "SARA_W_WS_H_1_2", "target_name": "Supparsi_2013_RC2", "source_damage_states": [0, 1, 2, 3, 4], "target_damage_states": [0, 1, 2, 3, 4, 5, 6], "conv_matrix": "{\"0\":{\"0\":0.000000015,\"1\":0.0000000003,\"2\":0.0,\"3\":0.0,\"4\":5.470069761e-22},\"1\":{\"0\":0.8387141594,\"1\":0.0947273513,\"2\":0.0002694023,\"3\":0.0000000013,\"4\":0.0000000001},\"2\":{\"0\":0.1611766994,\"1\":0.4640130263,\"2\":0.0022474474,\"3\":0.0000000147,\"4\":0.0000000876},\"3\":{\"0\":0.0001090662,\"1\":0.4349735927,\"2\":0.9435470235,\"3\":0.5690113983,\"4\":0.3703127258},\"4\":{\"0\":0.00000006,\"1\":0.0062860222,\"2\":0.0539250131,\"3\":0.107944489,\"4\":0.1656011732},\"5\":{\"0\":2.737464763e-16,\"1\":0.0000000064,\"2\":0.000009291,\"3\":0.0638267969,\"4\":0.2071308638},\"6\":{\"0\":5.135337723e-17,\"1\":0.0000000009,\"2\":0.0000018227,\"3\":0.2592172998,\"4\":0.2569551495}}"}