{"source_name": "SARA_MR-DNO-H1-3", "target_name": "SUPPASRI2013_S2", "source_damage_states": [0, 1, 2, 3, 4], "target_damage_states": [0, 1, 2, 3, 4, 5, 6], "conv_matrix": "{\"0\":{\"0\":0.0024303269,\"1\":0.0000000246,\"2\":0.0,\"3\":0.0,\"4\":2.694425163e-16},\"1\":{\"0\":0.0000260313,\"1\":0.2130294787,\"2\":0.3445702212,\"3\":0.1008702557,\"4\":0.2431986996},\"2\":{\"0\":0.057047497,\"1\":0.156111701,\"2\":0.0298988001,\"3\":0.0078161906,\"4\":0.003671204},\"3\":{\"0\":0.3255713698,\"1\":0.4441662453,\"2\":0.3947841479,\"3\":0.4105584067,\"4\":0.2656959317},\"4\":{\"0\":0.1898064173,\"1\":0.1152474525,\"2\":0.127856722,\"3\":0.2625606287,\"4\":0.1677350504},\"5\":{\"0\":0.0084956566,\"1\":0.0115632347,\"2\":0.0275279271,\"3\":0.0723231428,\"4\":0.1091865657},\"6\":{\"0\":0.4166227011,\"1\":0.0598818631,\"2\":0.0753621817,\"3\":0.1458713754,\"4\":0.2105125486}}"}