{"source_schema": "SARA_v1.0", "source_taxonomy": "MR-DNO-H1-3", "target_schema": "SUPPASRI2013_v2.0", "target_taxonomy": "W1", "source_damage_states": [0, 1, 2, 3, 4], "target_damage_states": [0, 1, 2, 3, 4, 5, 6], "conv_matrix": {"0": {"0": 0.0024348113, "1": 2.7e-08, "2": 0.0, "3": 0.0, "4": 2.62213656e-16}, "1": {"0": 2.5888e-05, "1": 0.2127838104, "2": 0.3434215601, "3": 0.1019749397, "4": 0.2431263024}, "2": {"0": 0.0555061191, "1": 0.1567865174, "2": 0.0296083174, "3": 0.0083188454, "4": 0.0036702347}, "3": {"0": 0.325933153, "1": 0.443654721, "2": 0.3935644397, "3": 0.413053084, "4": 0.2657937279}, "4": {"0": 0.1902812858, "1": 0.115327401, "2": 0.1276771175, "3": 0.2636117508, "4": 0.1675839729}, "5": {"0": 0.0085142064, "1": 0.011568725, "2": 0.0283248007, "3": 0.0709590709, "4": 0.1092342511}, "6": {"0": 0.4173045363, "1": 0.0598787981, "2": 0.0774037647, "3": 0.1420823093, "4": 0.210591511}}}