{"source_name": "SARA_W_WHE_H_1_3", "target_name": "SUPPARSI_2013_BRICK", "source_damage_states": [0, 1, 2, 3, 4], "target_damage_states": [0, 1, 2, 3, 4, 5, 6], "conv_matrix": "{\"0\":{\"0\":0.0000000007,\"1\":0.0,\"2\":2.530484722e-16,\"3\":3.352208323e-16,\"4\":1.996721697e-30},\"1\":{\"0\":0.000114469,\"1\":0.3948049031,\"2\":0.4156642806,\"3\":0.0000000799,\"4\":0.0},\"2\":{\"0\":0.9998482924,\"1\":0.5192052417,\"2\":0.0123070119,\"3\":0.0000603529,\"4\":0.0000000005},\"3\":{\"0\":0.0000372378,\"1\":0.0859753445,\"2\":0.5688385022,\"3\":0.4052663218,\"4\":0.0145872823},\"4\":{\"0\":0.0,\"1\":0.0000145104,\"2\":0.0031860669,\"3\":0.3326308363,\"4\":0.2604590227},\"5\":{\"0\":1.281275758e-17,\"1\":0.0000000001,\"2\":0.0000039348,\"3\":0.0923327226,\"4\":0.3111356763},\"6\":{\"0\":1.669409466e-18,\"1\":0.0,\"2\":0.0000002037,\"3\":0.1697096865,\"4\":0.4138180181}}"}