{"source_name": "SARA_CR_LFLS_DNO_H_1_3", "target_name": "SUPPARSI_2013_RC3", "source_damage_states": [0, 1, 2, 3, 4], "target_damage_states": [0, 1, 2, 3, 4, 5, 6], "conv_matrix": "{\"0\":{\"0\":0.0000000007,\"1\":0.0,\"2\":0.0,\"3\":4.313211932e-16,\"4\":3.209224755e-23},\"1\":{\"0\":0.0001142875,\"1\":0.6194882608,\"2\":0.0001603271,\"3\":0.0000003482,\"4\":0.0},\"2\":{\"0\":0.9998403093,\"1\":0.0877000762,\"2\":0.007086732,\"3\":0.0000343778,\"4\":0.0000000001},\"3\":{\"0\":0.0000454024,\"1\":0.2927805239,\"2\":0.9853334683,\"3\":0.5287678259,\"4\":0.007550656},\"4\":{\"0\":0.0000000001,\"1\":0.0000311389,\"2\":0.0074184004,\"3\":0.4123021218,\"4\":0.1836295279},\"5\":{\"0\":1.049063074e-17,\"1\":0.0000000001,\"2\":0.0000010535,\"3\":0.0380249213,\"4\":0.2941666155},\"6\":{\"0\":4.796575281e-19,\"1\":0.0,\"2\":0.0000000188,\"3\":0.020870405,\"4\":0.5146532005}}"}