{"source_name": "SARA_CR-LFINF-DUC-H4-7", "target_name": "SUPPASRI2013_W2", "source_damage_states": [0, 1, 2, 3, 4], "target_damage_states": [0, 1, 2, 3, 4, 5, 6], "conv_matrix": "{\"0\":{\"0\":0.0422127286,\"1\":0.0000293128,\"2\":0.0000000028,\"3\":0.0000000002,\"4\":0.0},\"1\":{\"0\":0.0003816974,\"1\":0.0975561677,\"2\":0.5203761143,\"3\":0.2274761981,\"4\":0.0},\"2\":{\"0\":0.4171084591,\"1\":0.0843722738,\"2\":0.0672717544,\"3\":0.007205276,\"4\":0.0},\"3\":{\"0\":0.3341976573,\"1\":0.4213519361,\"2\":0.3880911999,\"3\":0.4781477117,\"4\":0.0073785916},\"4\":{\"0\":0.0642401416,\"1\":0.186569318,\"2\":0.0236931908,\"3\":0.2480255974,\"4\":0.1738182676},\"5\":{\"0\":0.0004320154,\"1\":0.0282823022,\"2\":0.0002114392,\"3\":0.0236195194,\"4\":0.2395370361},\"6\":{\"0\":0.1414273007,\"1\":0.1818386894,\"2\":0.0003562986,\"3\":0.0155256972,\"4\":0.5792661047}}"}