{"source_name": "SARA_CR-LFM-DNO-SOS-H1-3", "target_name": "SUPPASRI2013_S3", "source_damage_states": [0, 1, 2, 3, 4], "target_damage_states": [0, 1, 2, 3, 4, 5, 6], "conv_matrix": "{\"0\":{\"0\":0.0000518969,\"1\":0.0005960818,\"2\":0.0000000069,\"3\":0.0000000005,\"4\":0.0},\"1\":{\"0\":0.0475191966,\"1\":0.1678129357,\"2\":0.0000000133,\"3\":0.3445842628,\"4\":1.448348764e-19},\"2\":{\"0\":0.9491805866,\"1\":0.0804990337,\"2\":0.0000117128,\"3\":0.0291152676,\"4\":0.0},\"3\":{\"0\":0.0032482931,\"1\":0.4194787282,\"2\":0.3068892844,\"3\":0.4253295563,\"4\":0.0000505336},\"4\":{\"0\":0.0000000268,\"1\":0.1604184077,\"2\":0.3167210547,\"3\":0.1611934753,\"4\":0.0257669884},\"5\":{\"0\":0.0,\"1\":0.0247060853,\"2\":0.07656895,\"3\":0.028365581,\"4\":0.2285070544},\"6\":{\"0\":0.0,\"1\":0.1464887276,\"2\":0.299808978,\"3\":0.0114118565,\"4\":0.7456754236}}"}