{"source_name": "SARA_MUR-H2-3", "target_name": "SUPPASRI2013_W1", "source_damage_states": [0, 1, 2, 3, 4], "target_damage_states": [0, 1, 2, 3, 4, 5, 6], "conv_matrix": "{\"0\":{\"0\":0.0136386618,\"1\":0.0000004335,\"2\":0.0000000011,\"3\":0.000000003,\"4\":0.0},\"1\":{\"0\":0.0001174847,\"1\":0.3347571484,\"2\":0.4100422548,\"3\":0.0000040644,\"4\":0.0000000001},\"2\":{\"0\":0.1488062202,\"1\":0.1373509344,\"2\":0.0167514363,\"3\":0.000000674,\"4\":0.0000000029},\"3\":{\"0\":0.4306327086,\"1\":0.4554510014,\"2\":0.5379080879,\"3\":0.2463839981,\"4\":0.0191217419},\"4\":{\"0\":0.1120785218,\"1\":0.0689514068,\"2\":0.0345984937,\"3\":0.394966406,\"4\":0.2259119116},\"5\":{\"0\":0.0016309099,\"1\":0.0014050566,\"2\":0.0005807768,\"3\":0.0766226568,\"4\":0.2296632014},\"6\":{\"0\":0.293095493,\"1\":0.002084019,\"2\":0.0001189493,\"3\":0.2820221978,\"4\":0.5253031421}}"}