{"source_name": "SARA_CR-LFINF-DNO-H1-3", "target_name": "SUPPASRI2013_W1", "source_damage_states": [0, 1, 2, 3, 4], "target_damage_states": [0, 1, 2, 3, 4, 5, 6], "conv_matrix": "{\"0\":{\"0\":0.0000047037,\"1\":0.0010905982,\"2\":0.0000003858,\"3\":0.0,\"4\":5.36557482e-18},\"1\":{\"0\":0.4956101242,\"1\":0.0012909358,\"2\":0.000000161,\"3\":0.351111953,\"4\":2.532639804e-18},\"2\":{\"0\":0.2903761681,\"1\":0.0084867352,\"2\":0.0009515416,\"3\":0.0288415945,\"4\":0.0},\"3\":{\"0\":0.2139972113,\"1\":0.6204670139,\"2\":0.2553808825,\"3\":0.4157710872,\"4\":0.0000496832},\"4\":{\"0\":0.0000117926,\"1\":0.2100489641,\"2\":0.2878381244,\"3\":0.1638163366,\"4\":0.0263353631},\"5\":{\"0\":0.0000000001,\"1\":0.0214122035,\"2\":0.0731821535,\"3\":0.0288993976,\"4\":0.2522776805},\"6\":{\"0\":0.0,\"1\":0.1372035493,\"2\":0.3826467512,\"3\":0.011559631,\"4\":0.7213372732}}"}