{"source_name": "SARA_CR-LFM-DUC-H4-7", "target_name": "SUPPARSI2013_W3", "source_damage_states": [0, 1, 2, 3, 4], "target_damage_states": [0, 1, 2, 3, 4, 5, 6], "conv_matrix": "{\"0\":{\"0\":0.041175963,\"1\":0.0000040112,\"2\":0.0000015684,\"3\":0.0,\"4\":6.89633089e-17},\"1\":{\"0\":0.0003565969,\"1\":0.3170499742,\"2\":0.0954772719,\"3\":0.3289979498,\"4\":0.0027993158},\"2\":{\"0\":0.3909615463,\"1\":0.1186261993,\"2\":0.0234624268,\"3\":0.0131831229,\"4\":0.000032032},\"3\":{\"0\":0.3288108989,\"1\":0.4378579352,\"2\":0.3295939988,\"3\":0.3748181408,\"4\":0.3130312309},\"4\":{\"0\":0.0706680257,\"1\":0.0899380019,\"2\":0.2438649653,\"3\":0.1470693193,\"4\":0.2366800367},\"5\":{\"0\":0.0005110746,\"1\":0.009588734,\"2\":0.0421009613,\"3\":0.0381889091,\"4\":0.1550733376},\"6\":{\"0\":0.1675158946,\"1\":0.0269351443,\"2\":0.2654988075,\"3\":0.0977425582,\"4\":0.2923840471}}"}