{"source_name": "SARA_CR_LFM_DNO_H_1_3", "target_name": "Supparsi_2013_RC2", "source_damage_states": [0, 1, 2, 3, 4], "target_damage_states": [0, 1, 2, 3, 4, 5, 6], "conv_matrix": "{\"0\":{\"0\":0.0000000142,\"1\":0.0000000002,\"2\":0.0000000002,\"3\":0.0,\"4\":4.315861182e-18},\"1\":{\"0\":0.8390575512,\"1\":0.0855257618,\"2\":0.0009602638,\"3\":0.0000004783,\"4\":0.0},\"2\":{\"0\":0.1609360831,\"1\":0.421531383,\"2\":0.0007603602,\"3\":0.0000003479,\"4\":0.0},\"3\":{\"0\":0.0000063501,\"1\":0.4792439949,\"2\":0.9435260871,\"3\":0.8042944496,\"4\":0.0959107509},\"4\":{\"0\":0.0000000014,\"1\":0.0136988526,\"2\":0.0547505098,\"3\":0.1524052977,\"4\":0.0257531055},\"5\":{\"0\":7.821814596e-20,\"1\":0.0000000074,\"2\":0.0000027548,\"3\":0.023909016,\"4\":0.2306753671},\"6\":{\"0\":3.226410118e-21,\"1\":0.0,\"2\":0.0000000242,\"3\":0.0193904105,\"4\":0.6476607765}}"}