{"source_name": "SARA_CR_LDUAL_DUC_H_8_19", "target_name": "SUPPARSI_2013_W3", "source_damage_states": [0, 1, 2, 3, 4], "target_damage_states": [0, 1, 2, 3, 4, 5, 6], "conv_matrix": "{\"0\":{\"0\":0.0000000007,\"1\":0.0,\"2\":0.0,\"3\":9.508124986e-28,\"4\":1.049564569e-27},\"1\":{\"0\":0.0001146338,\"1\":0.0032081699,\"2\":0.4662543502,\"3\":0.0000002636,\"4\":0.000007087},\"2\":{\"0\":0.9998555563,\"1\":0.1147563047,\"2\":0.0399868528,\"3\":0.0000012814,\"4\":0.0000157741},\"3\":{\"0\":0.0000298091,\"1\":0.7230904162,\"2\":0.478425211,\"3\":0.3068489039,\"4\":0.201862591},\"4\":{\"0\":0.0,\"1\":0.0881622005,\"2\":0.0151860715,\"3\":0.3220515708,\"4\":0.3117699882},\"5\":{\"0\":8.452804081e-21,\"1\":0.0091711975,\"2\":0.0001417311,\"3\":0.1354594327,\"4\":0.2260792992},\"6\":{\"0\":9.593664639e-23,\"1\":0.0616117112,\"2\":0.0000057835,\"3\":0.2356385477,\"4\":0.2602652605}}"}