{"source_name": "SARA_MUR_ADO_H_1_2", "target_name": "Supparsi_2013_RC2", "source_damage_states": [0, 1, 2, 3, 4], "target_damage_states": [0, 1, 2, 3, 4, 5, 6], "conv_matrix": "{\"0\":{\"0\":0.0000000142,\"1\":0.0000000002,\"2\":0.0000000001,\"3\":7.768508494e-20,\"4\":0.0},\"1\":{\"0\":0.8390575513,\"1\":0.0822332113,\"2\":0.0037595367,\"3\":0.0000000033,\"4\":0.0000000006},\"2\":{\"0\":0.1609360831,\"1\":0.4149585099,\"2\":0.0024789433,\"3\":0.0000026976,\"4\":0.0000000003},\"3\":{\"0\":0.00000635,\"1\":0.4869737092,\"2\":0.9444873413,\"3\":0.7282670478,\"4\":0.3498634924},\"4\":{\"0\":0.0000000014,\"1\":0.0158344859,\"2\":0.0487734001,\"3\":0.2240388071,\"4\":0.0572611927},\"5\":{\"0\":7.794490057e-20,\"1\":0.0000000822,\"2\":0.0003012843,\"3\":0.0394573933,\"4\":0.154201029},\"6\":{\"0\":3.175159638e-21,\"1\":0.0000000012,\"2\":0.0001994941,\"3\":0.0082340508,\"4\":0.438674285}}"}