{"source_name": "SARA_CR_LFM_DNO_SOS_H_4_7", "target_name": "SUPPARSI_2013_S3", "source_damage_states": [0, 1, 2, 3, 4], "target_damage_states": [0, 1, 2, 3, 4, 5, 6], "conv_matrix": "{\"0\":{\"0\":0.0000000007,\"1\":0.0,\"2\":0.0,\"3\":9.556651261e-19,\"4\":1.377798586e-31},\"1\":{\"0\":0.0001138575,\"1\":0.5906000278,\"2\":0.1519070082,\"3\":0.000000001,\"4\":0.0},\"2\":{\"0\":0.9998106355,\"1\":0.1135769311,\"2\":0.0026793901,\"3\":0.0000005247,\"4\":0.0000000004},\"3\":{\"0\":0.0000755034,\"1\":0.2957999333,\"2\":0.8049087182,\"3\":0.227101128,\"4\":0.0115148231},\"4\":{\"0\":0.0000000029,\"1\":0.0000231077,\"2\":0.0403595826,\"3\":0.4212918948,\"4\":0.2088525753},\"5\":{\"0\":0.0,\"1\":0.0000000001,\"2\":0.0001319501,\"3\":0.1289215039,\"4\":0.323615453},\"6\":{\"0\":0.0,\"1\":0.0,\"2\":0.0000133507,\"3\":0.2226849476,\"4\":0.456017148}}"}