{"source_name": "SARA_CR_LWAL_DNO_H_4_7", "target_name": "Supparsi_2013_RC1", "source_damage_states": [0, 1, 2, 3, 4], "target_damage_states": [0, 1, 2, 3, 4, 5, 6], "conv_matrix": "{\"0\":{\"0\":0.0000000037,\"1\":0.0000000004,\"2\":0.0000000001,\"3\":0.0,\"4\":2.928056134e-22},\"1\":{\"0\":0.7104264701,\"1\":0.1483164018,\"2\":0.0060750883,\"3\":0.0000000087,\"4\":6.331199245e-16},\"2\":{\"0\":0.2895016108,\"1\":0.7429885111,\"2\":0.0482878629,\"3\":0.0000001011,\"4\":0.0},\"3\":{\"0\":0.0000718793,\"1\":0.1078592387,\"2\":0.9063790891,\"3\":0.7255632643,\"4\":0.0650109423},\"4\":{\"0\":0.000000036,\"1\":0.000835848,\"2\":0.0392541572,\"3\":0.1462252684,\"4\":0.0545791169},\"5\":{\"0\":8.526877728e-17,\"1\":0.0,\"2\":0.0000031903,\"3\":0.0229755688,\"4\":0.2915739358},\"6\":{\"0\":1.516661866e-17,\"1\":0.0,\"2\":0.0000006121,\"3\":0.1052357886,\"4\":0.588836005}}"}