{"source_name": "SARA_CR_LFLS_DUC_H_1_3", "target_name": "SUPPARSI_2013_S2", "source_damage_states": [0, 1, 2, 3, 4], "target_damage_states": [0, 1, 2, 3, 4, 5, 6], "conv_matrix": "{\"0\":{\"0\":0.0000000007,\"1\":0.0,\"2\":0.0,\"3\":4.381729764e-16,\"4\":3.836258393e-23},\"1\":{\"0\":0.000111989,\"1\":0.5410961993,\"2\":0.4033828134,\"3\":0.0000000011,\"4\":0.0},\"2\":{\"0\":0.9997381997,\"1\":0.4231084247,\"2\":0.0323252713,\"3\":0.0000347759,\"4\":0.0000000001},\"3\":{\"0\":0.0001498097,\"1\":0.0357934738,\"2\":0.5616072393,\"3\":0.5288888721,\"4\":0.007709918},\"4\":{\"0\":0.0000000009,\"1\":0.0000019023,\"2\":0.0026842962,\"3\":0.4122433315,\"4\":0.1838556035},\"5\":{\"0\":0.0,\"1\":0.0,\"2\":0.0000003747,\"3\":0.0382574777,\"4\":0.2936911829},\"6\":{\"0\":2.504780694e-16,\"1\":0.0,\"2\":0.0000000052,\"3\":0.0205755416,\"4\":0.5147432955}}"}