{"source_schema": "SARA_v1.0", "source_taxonomy": "S-LFM-H4-7", "target_schema": "SUPPASRI2013_v2.0", "target_taxonomy": "RC2", "source_damage_states": [0, 1, 2, 3, 4], "target_damage_states": [0, 1, 2, 3, 4, 5, 6], "conv_matrix": {"0": {"0": 0.0292169222, "1": 2.14176e-05, "2": 6.12951e-05, "3": 1.7e-09, "4": 2e-10}, "1": {"0": 0.1272612198, "1": 0.1123069126, "2": 0.0299102212, "3": 9.48918e-05, "4": 0.0}, "2": {"0": 0.0398120943, "1": 0.6863947392, "2": 0.0395632953, "3": 0.0791462179, "4": 2e-10}, "3": {"0": 0.7591055814, "1": 0.1997408233, "2": 0.7551509807, "3": 0.7620194585, "4": 0.2321406434}, "4": {"0": 0.0094844098, "1": 0.0015360837, "2": 0.0479668548, "3": 0.1148187769, "4": 0.1480790482}, "5": {"0": 0.001439896, "1": 2.15e-08, "2": 0.0215069119, "3": 0.0173961156, "4": 0.2883473958}, "6": {"0": 0.0336798765, "1": 2e-09, "2": 0.105840441, "3": 0.0265245376, "4": 0.3314329122}}}