{"source_name": "SARA_CR-LFM-DUC-H4-7", "target_name": "Supparsi2013_RC1", "source_damage_states": [0, 1, 2, 3, 4], "target_damage_states": [0, 1, 2, 3, 4, 5, 6], "conv_matrix": "{\"0\":{\"0\":0.0578963328,\"1\":0.0001266131,\"2\":0.0000446362,\"3\":0.0000000573,\"4\":0.0000000003},\"1\":{\"0\":0.2569469935,\"1\":0.0826102644,\"2\":0.0014143132,\"3\":0.000202546,\"4\":0.0000000331},\"2\":{\"0\":0.0759421026,\"1\":0.2021882552,\"2\":0.1057432784,\"3\":0.1794932827,\"4\":0.0001478489},\"3\":{\"0\":0.5842786482,\"1\":0.6587383171,\"2\":0.6381691403,\"3\":0.6413245511,\"4\":0.4839146322},\"4\":{\"0\":0.0057667249,\"1\":0.0264846882,\"2\":0.0688142978,\"3\":0.0811314592,\"4\":0.1685870078},\"5\":{\"0\":0.0006925986,\"1\":0.0056597122,\"2\":0.0365357873,\"3\":0.0345778476,\"4\":0.1757368183},\"6\":{\"0\":0.0184765995,\"1\":0.0241921499,\"2\":0.1492785468,\"3\":0.0632702561,\"4\":0.1716136594}}"}