{"source_schema": "SARA_v1.0", "source_taxonomy": "ER-ETR-H1-2", "target_schema": "SUPPASRI2013_v2.0", "target_taxonomy": "S1", "source_damage_states": [0, 1, 2, 3, 4], "target_damage_states": [0, 1, 2, 3, 4, 5, 6], "conv_matrix": {"0": {"0": 0.0104891793, "1": 7.67e-08, "2": 9.9e-09, "3": 0.0, "4": 0.0}, "1": {"0": 9.03532e-05, "1": 0.5111151829, "2": 0.2650663214, "3": 0.1335634397, "4": 3e-10}, "2": {"0": 0.1231645236, "1": 0.2911535487, "2": 0.0178723684, "3": 0.0028700546, "4": 8.4e-09}, "3": {"0": 0.3975027135, "1": 0.1976588349, "2": 0.4598827576, "3": 0.4519698852, "4": 0.0291388062}, "4": {"0": 0.1378927933, "1": 7.23499e-05, "2": 0.150602678, "3": 0.2312712313, "4": 0.2385614333}, "5": {"0": 0.0022151041, "1": 3.2e-09, "2": 0.0189420956, "3": 0.047007035, "4": 0.2308413347}, "6": {"0": 0.3286453329, "1": 3.7e-09, "2": 0.0876337691, "3": 0.1333183543, "4": 0.5014584171}}}