{"source_name": "SARA_CR-LWAL-DUC-H4-7", "target_name": "SUPPARSI2013_W3", "source_damage_states": [0, 1, 2, 3, 4], "target_damage_states": [0, 1, 2, 3, 4, 5, 6], "conv_matrix": "{\"0\":{\"0\":0.0397236532,\"1\":0.0000225099,\"2\":0.0000000077,\"3\":0.0,\"4\":0.0},\"1\":{\"0\":0.0013458847,\"1\":0.1699892008,\"2\":0.3033603578,\"3\":0.146030875,\"4\":0.2839504117},\"2\":{\"0\":0.470274216,\"1\":0.0962041653,\"2\":0.0593550479,\"3\":0.0086628511,\"4\":0.0073954668},\"3\":{\"0\":0.3165309888,\"1\":0.4168264445,\"2\":0.3793073976,\"3\":0.3773720116,\"4\":0.3338514053},\"4\":{\"0\":0.0596683171,\"1\":0.1574236803,\"2\":0.144258118,\"3\":0.1881377307,\"4\":0.165478337},\"5\":{\"0\":0.0003595016,\"1\":0.0219613556,\"2\":0.0181945966,\"3\":0.0762961465,\"4\":0.074492719},\"6\":{\"0\":0.1120974386,\"1\":0.1375726435,\"2\":0.0955244745,\"3\":0.2035003851,\"4\":0.1348316601}}"}