{"source_name": "SARA_W-WS-H1-2", "target_name": "SUPPASRI2013_W1", "source_damage_states": [0, 1, 2, 3, 4], "target_damage_states": [0, 1, 2, 3, 4, 5, 6], "conv_matrix": "{\"0\":{\"0\":0.0248460786,\"1\":0.0000000281,\"2\":0.0000027399,\"3\":0.0,\"4\":0.0},\"1\":{\"0\":0.0002155872,\"1\":0.4679284396,\"2\":0.1291307234,\"3\":0.3502025257,\"4\":0.0000000007},\"2\":{\"0\":0.2626135884,\"1\":0.2183618667,\"2\":0.0455006738,\"3\":0.0022181578,\"4\":0.0000000054},\"3\":{\"0\":0.4209869452,\"1\":0.3094884235,\"2\":0.4252205496,\"3\":0.4571988343,\"4\":0.0340938011},\"4\":{\"0\":0.0889430209,\"1\":0.0037752059,\"2\":0.1884281853,\"3\":0.1533034149,\"4\":0.2586428762},\"5\":{\"0\":0.000753737,\"1\":0.0000238582,\"2\":0.04000423,\"3\":0.0149617956,\"4\":0.2148573203},\"6\":{\"0\":0.2016410428,\"1\":0.000422178,\"2\":0.1717128979,\"3\":0.0221152717,\"4\":0.4924059964}}"}