{"source_name": "SARA_CR_LFM_DNO_SOS_H_1_3", "target_name": "SUPPARSI_2013_W3", "source_damage_states": [0, 1, 2, 3, 4], "target_damage_states": [0, 1, 2, 3, 4, 5, 6], "conv_matrix": "{\"0\":{\"0\":0.0000000007,\"1\":0.0,\"2\":0.0,\"3\":3.382858415e-18,\"4\":8.728563347e-24},\"1\":{\"0\":0.0001145657,\"1\":0.6199413802,\"2\":0.0004219,\"3\":0.0000101894,\"4\":4.180454176e-23},\"2\":{\"0\":0.9998525581,\"1\":0.0877739708,\"2\":0.0054130826,\"3\":0.0000008651,\"4\":0.0},\"3\":{\"0\":0.0000328754,\"1\":0.2919997754,\"2\":0.9687550649,\"3\":0.3726982892,\"4\":0.0002653998},\"4\":{\"0\":0.0,\"1\":0.0002848582,\"2\":0.0253335236,\"3\":0.519573102,\"4\":0.0442188838},\"5\":{\"0\":2.069672265e-18,\"1\":0.0000000149,\"2\":0.0000531971,\"3\":0.0748345406,\"4\":0.3159064916},\"6\":{\"0\":9.439685882e-20,\"1\":0.0000000004,\"2\":0.0000232318,\"3\":0.0328830136,\"4\":0.6396092248}}"}