{"source_name": "SARA_MUR_H1", "target_name": "SUPPARSI_2013_W2", "source_damage_states": [0, 1, 2, 3, 4], "target_damage_states": [0, 1, 2, 3, 4, 5, 6], "conv_matrix": "{\"0\":{\"0\":0.0000000002,\"1\":0.0,\"2\":0.0,\"3\":2.147685954e-17,\"4\":2.145446725e-28},\"1\":{\"0\":0.0000086656,\"1\":0.7459888204,\"2\":0.1504939233,\"3\":0.0000888709,\"4\":0.0000365473},\"2\":{\"0\":0.930845288,\"1\":0.1369097151,\"2\":0.0077772084,\"3\":0.0000032166,\"4\":0.0000003428},\"3\":{\"0\":0.0691299428,\"1\":0.1170862991,\"2\":0.8141617798,\"3\":0.2440518227,\"4\":0.1663251378},\"4\":{\"0\":0.0000161032,\"1\":0.0000151652,\"2\":0.026983067,\"3\":0.3521409672,\"4\":0.3202199444},\"5\":{\"0\":0.0000000001,\"1\":0.0000000002,\"2\":0.0003126823,\"3\":0.1427770899,\"4\":0.2373093386},\"6\":{\"0\":0.0000000001,\"1\":0.0,\"2\":0.0002713393,\"3\":0.2609380327,\"4\":0.2761086893}}"}