{"source_name": "SARA_MUR_H3", "target_name": "SUPPARSI_2013_W1", "source_damage_states": [0, 1, 2, 3, 4], "target_damage_states": [0, 1, 2, 3, 4, 5, 6], "conv_matrix": "{\"0\":{\"0\":0.0000000001,\"1\":0.0,\"2\":5.038853672e-16,\"3\":2.821923654e-24,\"4\":9.12627146e-24},\"1\":{\"0\":0.2897649099,\"1\":0.5101496182,\"2\":0.218410406,\"3\":0.1015413852,\"4\":2.906784109e-19},\"2\":{\"0\":0.7098578029,\"1\":0.1205757347,\"2\":0.0089550125,\"3\":0.0005970223,\"4\":0.0},\"3\":{\"0\":0.000377287,\"1\":0.369177369,\"2\":0.5937610934,\"3\":0.4338357172,\"4\":0.0003543204},\"4\":{\"0\":0.0000000002,\"1\":0.000097276,\"2\":0.1547026968,\"3\":0.3774709593,\"4\":0.0465756277},\"5\":{\"0\":5.344385455e-18,\"1\":0.000000002,\"2\":0.0153744865,\"3\":0.0634413503,\"4\":0.3152509593},\"6\":{\"0\":1.840061048e-19,\"1\":0.0000000001,\"2\":0.0087963049,\"3\":0.0231135657,\"4\":0.6378190926}}"}