{"source_schema": "SARA_v1.0", "source_taxonomy": "CR-LFM-DNO-H1-3", "target_schema": "SUPPASRI2013_v2.0", "target_taxonomy": "RC2", "source_damage_states": [0, 1, 2, 3, 4], "target_damage_states": [0, 1, 2, 3, 4, 5, 6], "conv_matrix": {"0": {"0": 0.0009345153, "1": 0.0009108072, "2": 2.2318e-06, "3": 5.091e-07, "4": 8.1e-09}, "1": {"0": 0.5530240933, "1": 0.0750549342, "2": 6.48e-08, "3": 0.0030962869, "4": 0.0}, "2": {"0": 0.43642532, "1": 0.0929800143, "2": 8.519e-07, "3": 0.2213042399, "4": 0.0}, "3": {"0": 0.0096072186, "1": 0.6792056742, "2": 0.6340483545, "3": 0.6636619846, "4": 0.1317061604}, "4": {"0": 8.8528e-06, "1": 0.0383530422, "2": 0.0981272948, "3": 0.0940538462, "4": 0.0652674259}, "5": {"0": 0.0, "1": 0.0174226263, "2": 0.0687720126, "3": 0.0142084736, "4": 0.3340507242}, "6": {"0": 0.0, "1": 0.0960729016, "2": 0.1990491896, "3": 0.0036746598, "4": 0.4689756814}}}