{"source_name": "SARA_CR_LWAL_DNO_H_1_3", "target_name": "Supparsi_2013_RC2", "source_damage_states": [0, 1, 2, 3, 4], "target_damage_states": [0, 1, 2, 3, 4, 5, 6], "conv_matrix": "{\"0\":{\"0\":0.0000000046,\"1\":0.0000000003,\"2\":0.0000000001,\"3\":0.0,\"4\":8.498321815e-20},\"1\":{\"0\":0.7889470206,\"1\":0.1144503989,\"2\":0.0118984619,\"3\":0.0000000125,\"4\":0.000000131},\"2\":{\"0\":0.2109995095,\"1\":0.6411147923,\"2\":0.0244760272,\"3\":0.000000052,\"4\":0.0004930163},\"3\":{\"0\":0.0000534399,\"1\":0.2405549676,\"2\":0.9354089945,\"3\":0.6281799485,\"4\":0.5452103486},\"4\":{\"0\":0.0000000255,\"1\":0.0038798405,\"2\":0.0282126472,\"3\":0.0889070049,\"4\":0.1441758369},\"5\":{\"0\":3.836613113e-17,\"1\":0.0000000004,\"2\":0.0000029913,\"3\":0.0445966666,\"4\":0.1248081518},\"6\":{\"0\":6.540232672e-18,\"1\":0.0,\"2\":0.0000008777,\"3\":0.2383163156,\"4\":0.1853125154}}"}