{"source_schema": "SARA_v1.0", "source_taxonomy": "CR-LDUAL-DUC-H8-19", "target_schema": "SUPPASRI2013_v2.0", "target_taxonomy": "RC2", "source_damage_states": [0, 1, 2, 3, 4], "target_damage_states": [0, 1, 2, 3, 4, 5, 6], "conv_matrix": {"0": {"0": 0.0350653467, "1": 0.0001901206, "2": 3.4685e-06, "3": 4.5e-08, "4": 3e-10}, "1": {"0": 0.1589495527, "1": 0.130272156, "2": 0.0035062921, "3": 0.0007023007, "4": 9.07e-08}, "2": {"0": 0.0486276684, "1": 0.180271846, "2": 0.078339362, "3": 0.2406626512, "4": 0.0004568156}, "3": {"0": 0.6827166732, "1": 0.6513116991, "2": 0.6613641881, "3": 0.6158674353, "4": 0.4964305709}, "4": {"0": 0.0122286145, "1": 0.017508356, "2": 0.0660328366, "3": 0.0734396351, "4": 0.1663173257}, "5": {"0": 0.0024719578, "1": 0.0016505088, "2": 0.0382017435, "3": 0.0250292589, "4": 0.169252346}, "6": {"0": 0.0599401868, "1": 0.0187953135, "2": 0.1525521092, "3": 0.0442986739, "4": 0.1675428508}}}