{"source_name": "SARA_ER_ETR_H_1_2", "target_name": "Supparsi_2013_RC1", "source_damage_states": [0, 1, 2, 3, 4], "target_damage_states": [0, 1, 2, 3, 4, 5, 6], "conv_matrix": "{\"0\":{\"0\":0.0000000145,\"1\":0.0000000004,\"2\":0.0000000001,\"3\":1.804371975e-17,\"4\":2.112583364e-22},\"1\":{\"0\":0.8389890691,\"1\":0.1460001219,\"2\":0.0048964282,\"3\":0.0000000003,\"4\":0.0},\"2\":{\"0\":0.1609648101,\"1\":0.7065058643,\"2\":0.0279940289,\"3\":0.0000000888,\"4\":0.0000000002},\"3\":{\"0\":0.0000460821,\"1\":0.1462360378,\"2\":0.9193972205,\"3\":0.5462192066,\"4\":0.20959571},\"4\":{\"0\":0.0000000241,\"1\":0.0012579756,\"2\":0.0471718302,\"3\":0.1400735929,\"4\":0.0960141179},\"5\":{\"0\":1.161753229e-16,\"1\":0.0000000001,\"2\":0.0002170691,\"3\":0.0718816586,\"4\":0.2578927682},\"6\":{\"0\":2.87344234e-17,\"1\":0.0,\"2\":0.000323423,\"3\":0.2418254528,\"4\":0.4364974037}}"}