{"source_name": "SARA_CR-LWAL-DNO-H1-3", "target_name": "SUPPASRI2013_RC2", "source_damage_states": [0, 1, 2, 3, 4], "target_damage_states": [0, 1, 2, 3, 4, 5, 6], "conv_matrix": "{\"0\":{\"0\":0.0010932887,\"1\":0.0014235397,\"2\":0.0000114535,\"3\":0.0000001015,\"4\":0.0000000008},\"1\":{\"0\":0.3006149436,\"1\":0.0028003048,\"2\":0.0000264606,\"3\":0.0037004432,\"4\":0.0},\"2\":{\"0\":0.3245598349,\"1\":0.0085914752,\"2\":0.0003537409,\"3\":0.2245961441,\"4\":0.0},\"3\":{\"0\":0.3703789902,\"1\":0.8541071891,\"2\":0.6000266396,\"3\":0.6537984496,\"4\":0.1000643246},\"4\":{\"0\":0.0033529152,\"1\":0.0439959721,\"2\":0.0897178383,\"3\":0.0982998393,\"4\":0.0610433985},\"5\":{\"0\":0.0000000251,\"1\":0.0141060627,\"2\":0.0800373921,\"3\":0.0158252764,\"4\":0.4016054131},\"6\":{\"0\":0.0000000023,\"1\":0.0749754565,\"2\":0.229826475,\"3\":0.003779746,\"4\":0.4372868631}}"}