{"source_name": "SARA_CR-PC-LWAL-DUC-H1-3", "target_name": "Supparsi2013_RC1", "source_damage_states": [0, 1, 2, 3, 4], "target_damage_states": [0, 1, 2, 3, 4, 5, 6], "conv_matrix": "{\"0\":{\"0\":0.0016571031,\"1\":0.0019251156,\"2\":0.0005566031,\"3\":0.0000006713,\"4\":0.0000000003},\"1\":{\"0\":0.660314266,\"1\":0.2037761495,\"2\":0.0000020589,\"3\":0.0197660312,\"4\":0.0000000172},\"2\":{\"0\":0.3172887989,\"1\":0.1270077882,\"2\":0.0000030932,\"3\":0.2785187057,\"4\":0.0000755509},\"3\":{\"0\":0.0207156047,\"1\":0.6614151774,\"2\":0.6753376611,\"3\":0.6327065783,\"4\":0.4656023413},\"4\":{\"0\":0.0000242271,\"1\":0.0058755101,\"2\":0.0711790621,\"3\":0.0610766095,\"4\":0.165993329},\"5\":{\"0\":0.0000000001,\"1\":0.0000002225,\"2\":0.06106303,\"3\":0.0058638839,\"4\":0.1844861612},\"6\":{\"0\":0.0,\"1\":0.0000000367,\"2\":0.1918584915,\"3\":0.0020675202,\"4\":0.1838426001}}"}