{"source_name": "SARA_CR-LFM-DUC-H4-7", "target_name": "SUPPASRI2013_RC1", "source_damage_states": [0, 1, 2, 3, 4], "target_damage_states": [0, 1, 2, 3, 4, 5, 6], "conv_matrix": "{\"0\":{\"0\":0.0667967442,\"1\":0.0001497385,\"2\":0.0000586258,\"3\":0.0000000795,\"4\":0.0000000005},\"1\":{\"0\":0.2665454098,\"1\":0.0919492407,\"2\":0.0017498835,\"3\":0.0002660259,\"4\":0.0000000567},\"2\":{\"0\":0.0674957429,\"1\":0.1916134452,\"2\":0.1061623614,\"3\":0.1843269112,\"4\":0.0002332321},\"3\":{\"0\":0.5746266995,\"1\":0.6581523058,\"2\":0.6351192558,\"3\":0.6340359308,\"4\":0.4798464284},\"4\":{\"0\":0.0052351442,\"1\":0.0285229248,\"2\":0.070792333,\"3\":0.0824512703,\"4\":0.1661715499},\"5\":{\"0\":0.0008118333,\"1\":0.0061221988,\"2\":0.0400726457,\"3\":0.0376261916,\"4\":0.1894049478},\"6\":{\"0\":0.0184884261,\"1\":0.0234901462,\"2\":0.146044895,\"3\":0.0612935906,\"4\":0.1643437846}}"}