{"source_name": "SARA_CR_LFM_DNO_H_4_7", "target_name": "Supparsi_2013_RC2", "source_damage_states": [0, 1, 2, 3, 4], "target_damage_states": [0, 1, 2, 3, 4, 5, 6], "conv_matrix": "{\"0\":{\"0\":0.0000000146,\"1\":0.0000000002,\"2\":0.0000000001,\"3\":1.24562565e-16,\"4\":2.525860007e-18},\"1\":{\"0\":0.8390259716,\"1\":0.0863312464,\"2\":0.0007825082,\"3\":0.0000000009,\"4\":0.0},\"2\":{\"0\":0.1609138252,\"1\":0.42072621,\"2\":0.0019245297,\"3\":0.0000001026,\"4\":0.0000000001},\"3\":{\"0\":0.0000601563,\"1\":0.4792223266,\"2\":0.9557327417,\"3\":0.792715952,\"4\":0.2143498991},\"4\":{\"0\":0.0000000323,\"1\":0.0137202058,\"2\":0.0414089083,\"3\":0.1639907358,\"4\":0.1000378462},\"5\":{\"0\":2.681645133e-16,\"1\":0.0000000109,\"2\":0.0000268773,\"3\":0.011059905,\"4\":0.2004142131},\"6\":{\"0\":1.350266978e-16,\"1\":0.0000000001,\"2\":0.0001244346,\"3\":0.0322333037,\"4\":0.4851980415}}"}