{"source_name": "SARA_MUR_H3", "target_name": "Supparsi_2013_RC1", "source_damage_states": [0, 1, 2, 3, 4], "target_damage_states": [0, 1, 2, 3, 4, 5, 6], "conv_matrix": "{\"0\":{\"0\":0.0000000015,\"1\":0.0000000005,\"2\":0.0,\"3\":1.007229419e-18,\"4\":1.043220194e-17},\"1\":{\"0\":0.3376414536,\"1\":0.1511345408,\"2\":0.0005322904,\"3\":0.0000052989,\"4\":0.0},\"2\":{\"0\":0.6622612481,\"1\":0.4417177967,\"2\":0.1320129264,\"3\":0.0094606343,\"4\":0.0},\"3\":{\"0\":0.0000972064,\"1\":0.4035820413,\"2\":0.8128199466,\"3\":0.7605769549,\"4\":0.1064360387},\"4\":{\"0\":0.0000000903,\"1\":0.0035656188,\"2\":0.0512436637,\"3\":0.1895464318,\"4\":0.0270226136},\"5\":{\"0\":6.566543796e-17,\"1\":0.0000000016,\"2\":0.0018545371,\"3\":0.0314886706,\"4\":0.222535462},\"6\":{\"0\":4.660303869e-18,\"1\":0.0000000002,\"2\":0.0015366359,\"3\":0.0089220096,\"4\":0.6440058857}}"}