{"source_name": "SARA_CR-LWAL-DUC-H8-19", "target_name": "Supparsi2013_RC2", "source_damage_states": [0, 1, 2, 3, 4], "target_damage_states": [0, 1, 2, 3, 4, 5, 6], "conv_matrix": "{\"0\":{\"0\":0.0367864129,\"1\":0.0001996902,\"2\":0.0000040145,\"3\":0.0000000525,\"4\":0.0000000003},\"1\":{\"0\":0.1603751411,\"1\":0.1172720608,\"2\":0.0030512691,\"3\":0.000671956,\"4\":0.000000096},\"2\":{\"0\":0.04740132,\"1\":0.1855506143,\"2\":0.0773470017,\"3\":0.2384691132,\"4\":0.0005127265},\"3\":{\"0\":0.6862875022,\"1\":0.6600506549,\"2\":0.6664507506,\"3\":0.6179800907,\"4\":0.4971279969},\"4\":{\"0\":0.0123654334,\"1\":0.0181155615,\"2\":0.0682041583,\"3\":0.0742464612,\"4\":0.1661249741},\"5\":{\"0\":0.0025337387,\"1\":0.0017325163,\"2\":0.0407475016,\"3\":0.0257288827,\"4\":0.1701316534},\"6\":{\"0\":0.0542504516,\"1\":0.017078902,\"2\":0.1441953042,\"3\":0.0429034437,\"4\":0.1661025527}}"}