{"source_name": "SARA_CR_LFM_DUC_H_4_7", "target_name": "Supparsi_2013_RC1", "source_damage_states": [0, 1, 2, 3, 4], "target_damage_states": [0, 1, 2, 3, 4, 5, 6], "conv_matrix": "{\"0\":{\"0\":0.0000000143,\"1\":0.0000000004,\"2\":0.0,\"3\":1.737182402e-16,\"4\":0.0},\"1\":{\"0\":0.8390533262,\"1\":0.1312680877,\"2\":0.0001912986,\"3\":0.0000000004,\"4\":0.0000000007},\"2\":{\"0\":0.1609331471,\"1\":0.5740607487,\"2\":0.042544001,\"3\":0.0000000119,\"4\":0.0000000002},\"3\":{\"0\":0.0000135069,\"1\":0.2921468926,\"2\":0.9125245391,\"3\":0.7613857106,\"4\":0.132336111},\"4\":{\"0\":0.0000000055,\"1\":0.0025242704,\"2\":0.0447310633,\"3\":0.1976753322,\"4\":0.0255446403},\"5\":{\"0\":2.085512599e-17,\"1\":0.0000000001,\"2\":0.000007266,\"3\":0.0320591785,\"4\":0.2156353779},\"6\":{\"0\":5.060264062e-18,\"1\":0.0,\"2\":0.0000018321,\"3\":0.0088797665,\"4\":0.62648387}}"}