{"source_name": "SARA_MR-DUC-H1-3", "target_name": "Supparsi2013_RC2", "source_damage_states": [0, 1, 2, 3, 4], "target_damage_states": [0, 1, 2, 3, 4, 5, 6], "conv_matrix": "{\"0\":{\"0\":0.0145124413,\"1\":0.0000040363,\"2\":0.0000106707,\"3\":0.0000001732,\"4\":0.0000000003},\"1\":{\"0\":0.1044702378,\"1\":0.0755826445,\"2\":0.0000661954,\"3\":0.000000239,\"4\":0.0000000001},\"2\":{\"0\":0.035330962,\"1\":0.4340417974,\"2\":0.0002538788,\"3\":0.0002698411,\"4\":0.0000003704},\"3\":{\"0\":0.7623486621,\"1\":0.47615581,\"2\":0.8240737257,\"3\":0.6582427779,\"4\":0.3979073092},\"4\":{\"0\":0.0154602755,\"1\":0.014215408,\"2\":0.0673186549,\"3\":0.126670624,\"4\":0.1790778316},\"5\":{\"0\":0.0037174337,\"1\":0.0000003012,\"2\":0.0209610458,\"3\":0.0685704096,\"4\":0.2139848778},\"6\":{\"0\":0.0641599875,\"1\":0.0000000025,\"2\":0.0873158288,\"3\":0.1462459352,\"4\":0.2090296106}}"}