{"source_name": "SARA_CR_LFM_DUC_H_1_3", "target_name": "Supparsi_2013_RC2", "source_damage_states": [0, 1, 2, 3, 4], "target_damage_states": [0, 1, 2, 3, 4, 5, 6], "conv_matrix": "{\"0\":{\"0\":0.0000000042,\"1\":0.0000000002,\"2\":0.0000000002,\"3\":0.0,\"4\":6.121195492e-18},\"1\":{\"0\":0.7135960348,\"1\":0.0825891877,\"2\":0.0009446953,\"3\":0.0000004823,\"4\":0.0},\"2\":{\"0\":0.2863738647,\"1\":0.4294148677,\"2\":0.0009506617,\"3\":0.0000003526,\"4\":0.0},\"3\":{\"0\":0.0000300843,\"1\":0.4755096096,\"2\":0.9427300636,\"3\":0.8123782399,\"4\":0.1013005598},\"4\":{\"0\":0.0000000121,\"1\":0.0124863292,\"2\":0.05537198,\"3\":0.1545172805,\"4\":0.0257466886},\"5\":{\"0\":3.428909607e-18,\"1\":0.0000000056,\"2\":0.000002576,\"3\":0.0235094039,\"4\":0.2249849175},\"6\":{\"0\":4.273497598e-19,\"1\":0.0,\"2\":0.0000000232,\"3\":0.0095942409,\"4\":0.6479678342}}"}