{"source_schema": "SARA_v1.0", "source_taxonomy": "W-WBB-H1", "target_schema": "SUPPASRI2013_v2.0", "target_taxonomy": "RC2", "source_damage_states": [0, 1, 2, 3, 4], "target_damage_states": [0, 1, 2, 3, 4, 5, 6], "conv_matrix": {"0": {"0": 0.0539291439, "1": 4.59667e-05, "2": 8.94854e-05, "3": 2e-10, "4": 2e-10}, "1": {"0": 0.2480630922, "1": 0.0396353114, "2": 0.0531537809, "3": 0.0010878008, "4": 0.0}, "2": {"0": 0.0758886157, "1": 0.4872970772, "2": 0.0557212024, "3": 0.157207923, "4": 2.74e-08}, "3": {"0": 0.5960668152, "1": 0.4615073124, "2": 0.6841410238, "3": 0.7043362722, "4": 0.3594170401}, "4": {"0": 0.0056346291, "1": 0.00844254, "2": 0.0522860267, "3": 0.0940947169, "4": 0.1809419557}, "5": {"0": 0.0006487077, "1": 0.0004280133, "2": 0.033596597, "3": 0.0152137793, "4": 0.2264478477}, "6": {"0": 0.0197689962, "1": 0.0026437789, "2": 0.1210118836, "3": 0.0280595076, "4": 0.2331931288}}}