{"source_name": "SARA_CR-LFM-DNO-SOS-H4-7", "target_name": "SUPPASRI2013_RC1", "source_damage_states": [0, 1, 2, 3, 4], "target_damage_states": [0, 1, 2, 3, 4, 5, 6], "conv_matrix": "{\"0\":{\"0\":0.0017519385,\"1\":0.0013224731,\"2\":0.0000028383,\"3\":0.0000009981,\"4\":0.0000000009},\"1\":{\"0\":0.6986265676,\"1\":0.0680713307,\"2\":0.0000003249,\"3\":0.0160161481,\"4\":0.0},\"2\":{\"0\":0.283395877,\"1\":0.0364250748,\"2\":0.0000014607,\"3\":0.2373982478,\"4\":0.0},\"3\":{\"0\":0.0162113444,\"1\":0.7174246556,\"2\":0.5302040383,\"3\":0.642305919,\"4\":0.1110405415},\"4\":{\"0\":0.0000142726,\"1\":0.0485031133,\"2\":0.0938964469,\"3\":0.0867951412,\"4\":0.0620134453},\"5\":{\"0\":0.0,\"1\":0.024378858,\"2\":0.1218446875,\"3\":0.0140923643,\"4\":0.4068831448},\"6\":{\"0\":0.0,\"1\":0.1038744946,\"2\":0.2540502034,\"3\":0.0033911815,\"4\":0.4200628675}}"}