{"source_name": "SARA_CR_LFM_DNO_SOS_H_1_3", "target_name": "Supparsi_2013_RC1", "source_damage_states": [0, 1, 2, 3, 4], "target_damage_states": [0, 1, 2, 3, 4, 5, 6], "conv_matrix": "{\"0\":{\"0\":0.0000000142,\"1\":0.0000000002,\"2\":0.0000000001,\"3\":0.0,\"4\":9.989625924e-18},\"1\":{\"0\":0.8390552185,\"1\":0.0849658361,\"2\":0.0014839053,\"3\":0.0000000133,\"4\":0.0},\"2\":{\"0\":0.1609344254,\"1\":0.4208082642,\"2\":0.0012029369,\"3\":0.0000000665,\"4\":0.0},\"3\":{\"0\":0.0000103382,\"1\":0.4791278213,\"2\":0.9511456265,\"3\":0.7829649036,\"4\":0.104028677},\"4\":{\"0\":0.0000000037,\"1\":0.0150980353,\"2\":0.0461564432,\"3\":0.1789687336,\"4\":0.025641617},\"5\":{\"0\":1.070454549e-17,\"1\":0.0000000422,\"2\":0.0000087178,\"3\":0.0281660248,\"4\":0.2235396338},\"6\":{\"0\":1.996322776e-18,\"1\":0.0000000007,\"2\":0.0000023702,\"3\":0.0099002582,\"4\":0.6467900722}}"}