{"source_name": "SARA_CR_LFLS_DNO_H_1_3", "target_name": "Supparsi_2013_RC1", "source_damage_states": [0, 1, 2, 3, 4], "target_damage_states": [0, 1, 2, 3, 4, 5, 6], "conv_matrix": "{\"0\":{\"0\":0.0000000144,\"1\":0.0000000002,\"2\":0.0000000002,\"3\":0.0,\"4\":8.023706185e-18},\"1\":{\"0\":0.8390456879,\"1\":0.0853810666,\"2\":0.0009619128,\"3\":0.0000005598,\"4\":0.0},\"2\":{\"0\":0.160927653,\"1\":0.4207944632,\"2\":0.0007239446,\"3\":0.0000004097,\"4\":0.0},\"3\":{\"0\":0.0000266317,\"1\":0.4801287075,\"2\":0.9435020403,\"3\":0.863544064,\"4\":0.1911686509},\"4\":{\"0\":0.000000013,\"1\":0.013695755,\"2\":0.054809324,\"3\":0.1256047366,\"4\":0.0935897175},\"5\":{\"0\":5.411870635e-17,\"1\":0.0000000075,\"2\":0.0000027531,\"3\":0.0067308932,\"4\":0.2026923598},\"6\":{\"0\":1.013917856e-17,\"1\":0.0,\"2\":0.000000025,\"3\":0.0041193367,\"4\":0.5125492718}}"}