{"source_schema": "SARA_v1.0", "source_taxonomy": "W-WHE-H1-3", "target_schema": "SUPPASRI2013_v2.0", "target_taxonomy": "BRICK", "source_damage_states": [0, 1, 2, 3, 4], "target_damage_states": [0, 1, 2, 3, 4, 5, 6], "conv_matrix": {"0": {"0": 0.006089215, "1": 9.54e-08, "2": 0.0, "3": 0.0, "4": 8.658020699e-16}, "1": {"0": 5.49985e-05, "1": 0.0809529981, "2": 0.5012217811, "3": 7.49009e-05, "4": 6e-10}, "2": {"0": 0.1176189177, "1": 0.4796368455, "2": 0.0467705267, "3": 2.2055e-06, "4": 7.3e-09}, "3": {"0": 0.4008769194, "1": 0.4335781064, "2": 0.4499705216, "3": 0.3894575849, "4": 0.0385162915}, "4": {"0": 0.1423690371, "1": 0.0058289535, "2": 0.0020363991, "3": 0.3569138088, "4": 0.2542431386}, "5": {"0": 0.0031173831, "1": 1.5145e-06, "2": 5.931e-07, "3": 0.0554150385, "4": 0.2251811051}, "6": {"0": 0.3298735292, "1": 1.4865e-06, "2": 1.784e-07, "3": 0.1981364614, "4": 0.4820594569}}}