{"source_name": "SARA_CR_LFM_DNO_SOS_H_4_7", "target_name": "Supparsi_2013_RC1", "source_damage_states": [0, 1, 2, 3, 4], "target_damage_states": [0, 1, 2, 3, 4, 5, 6], "conv_matrix": "{\"0\":{\"0\":0.0000000145,\"1\":0.0000000004,\"2\":0.0,\"3\":0.0,\"4\":2.415578928e-23},\"1\":{\"0\":0.8390142403,\"1\":0.1097087638,\"2\":0.0001634734,\"3\":0.0000000021,\"4\":0.0},\"2\":{\"0\":0.1609140131,\"1\":0.515320051,\"2\":0.0141000367,\"3\":0.0000000476,\"4\":0.0000000001},\"3\":{\"0\":0.000071676,\"1\":0.3696819495,\"2\":0.9312508328,\"3\":0.6085863861,\"4\":0.1768764213},\"4\":{\"0\":0.0000000561,\"1\":0.005289235,\"2\":0.0544559015,\"3\":0.135558751,\"4\":0.0964978221},\"5\":{\"0\":0.0,\"1\":0.0000000004,\"2\":0.0000266044,\"3\":0.0488378159,\"4\":0.2771096911},\"6\":{\"0\":0.0,\"1\":0.0,\"2\":0.0000031513,\"3\":0.2070169973,\"4\":0.4495160654}}"}