{"source_name": "SARA_MUR-ADO-H1-2", "target_name": "SUPPASRI2013_RC2", "source_damage_states": [0, 1, 2, 3, 4], "target_damage_states": [0, 1, 2, 3, 4, 5, 6], "conv_matrix": "{\"0\":{\"0\":0.0250098833,\"1\":0.0000485552,\"2\":0.0000005546,\"3\":0.0000024502,\"4\":0.0000000082},\"1\":{\"0\":0.0893662433,\"1\":0.0977354262,\"2\":0.0004965566,\"3\":0.0000000011,\"4\":0.0},\"2\":{\"0\":0.0229082663,\"1\":0.2418586719,\"2\":0.2263703867,\"3\":0.0000008042,\"4\":0.0000000091},\"3\":{\"0\":0.7948837153,\"1\":0.6409508672,\"2\":0.7184716473,\"3\":0.6218360232,\"4\":0.2630046319},\"4\":{\"0\":0.0119817093,\"1\":0.0184097516,\"2\":0.0541527604,\"3\":0.1409771376,\"4\":0.1374597341},\"5\":{\"0\":0.0031595146,\"1\":0.0003874604,\"2\":0.0003056734,\"3\":0.0633137206,\"4\":0.2921691826},\"6\":{\"0\":0.0526906678,\"1\":0.0006092674,\"2\":0.0002024211,\"3\":0.1738698631,\"4\":0.307366434}}"}