{"source_name": "SARA_CR-LDUAL-DUC-H8-19", "target_name": "SUPPASRI2013_RC1", "source_damage_states": [0, 1, 2, 3, 4], "target_damage_states": [0, 1, 2, 3, 4, 5, 6], "conv_matrix": "{\"0\":{\"0\":0.0425600028,\"1\":0.0002374719,\"2\":0.0000053756,\"3\":0.0000000715,\"4\":0.0000000005},\"1\":{\"0\":0.1663664831,\"1\":0.129944809,\"2\":0.0038546732,\"3\":0.0008803612,\"4\":0.0000001532},\"2\":{\"0\":0.042129852,\"1\":0.1716436493,\"2\":0.0765165751,\"3\":0.2429910754,\"4\":0.0007061809},\"3\":{\"0\":0.6801115697,\"1\":0.6603066786,\"2\":0.6634926083,\"3\":0.6110519981,\"4\":0.4929309458},\"4\":{\"0\":0.0113678939,\"1\":0.019070902,\"2\":0.0712428192,\"3\":0.0754178786,\"4\":0.1639359659},\"5\":{\"0\":0.0029745249,\"1\":0.0019479819,\"2\":0.0444195274,\"3\":0.0280454877,\"4\":0.1833625907},\"6\":{\"0\":0.0544896736,\"1\":0.0168485074,\"2\":0.1404684213,\"3\":0.0416131275,\"4\":0.1590641629}}"}