{"source_schema": "SARA_v1.0", "source_taxonomy": "CR-LWAL-DUC-H1-3", "target_schema": "SUPPASRI2013_v2.0", "target_taxonomy": "BRICK", "source_damage_states": [0, 1, 2, 3, 4], "target_damage_states": [0, 1, 2, 3, 4, 5, 6], "conv_matrix": {"0": {"0": 0.0257845886, "1": 6.5527e-06, "2": 4.41e-08, "3": 0.0, "4": 7.128077221e-17}, "1": {"0": 0.0002233449, "1": 0.2593670006, "2": 0.1279625306, "3": 0.381779056, "4": 0.0249529428}, "2": {"0": 0.2445094725, "1": 0.15848529, "2": 0.0202486637, "3": 0.0193417676, "4": 5.75983e-05}, "3": {"0": 0.2745453722, "1": 0.4455023624, "2": 0.3771321325, "3": 0.3616824662, "4": 0.312770292}, "4": {"0": 0.0954892897, "1": 0.090554469, "2": 0.2130832815, "3": 0.1370815585, "4": 0.2291489552}, "5": {"0": 0.0014317621, "1": 0.0024533466, "2": 0.0490856113, "3": 0.0288625526, "4": 0.1501871255}, "6": {"0": 0.3580161699, "1": 0.0436309787, "2": 0.2124877364, "3": 0.0712525991, "4": 0.2828830861}}}