{"source_name": "SARA_CR-LFM-DNO-H4-7", "target_name": "Supparsi2013_RC1", "source_damage_states": [0, 1, 2, 3, 4], "target_damage_states": [0, 1, 2, 3, 4, 5, 6], "conv_matrix": "{\"0\":{\"0\":0.0014020871,\"1\":0.0009454972,\"2\":0.0000038579,\"3\":0.0000000498,\"4\":0.0000000123},\"1\":{\"0\":0.6162600614,\"1\":0.0522669511,\"2\":0.0417843623,\"3\":0.0017580763,\"4\":0.0},\"2\":{\"0\":0.3683752975,\"1\":0.034565424,\"2\":0.2481862946,\"3\":0.2177160447,\"4\":0.0},\"3\":{\"0\":0.0139494065,\"1\":0.6861037602,\"2\":0.6817286059,\"3\":0.6530248947,\"4\":0.1382624816},\"4\":{\"0\":0.0000131476,\"1\":0.0566147042,\"2\":0.0281014245,\"3\":0.1064259814,\"4\":0.0666395834},\"5\":{\"0\":0.0,\"1\":0.0355304356,\"2\":0.0001503486,\"3\":0.0166988083,\"4\":0.3337830908},\"6\":{\"0\":0.0,\"1\":0.1339732277,\"2\":0.0000451063,\"3\":0.0043761448,\"4\":0.4613148319}}"}