{"source_name": "SARA_W-WLI-H1-3", "target_name": "SUPPASRI2013_RC1", "source_damage_states": [0, 1, 2, 3, 4], "target_damage_states": [0, 1, 2, 3, 4, 5, 6], "conv_matrix": "{\"0\":{\"0\":0.0301493578,\"1\":0.0001078989,\"2\":0.0000075433,\"3\":0.0000008066,\"4\":0.0000000011},\"1\":{\"0\":0.1147110318,\"1\":0.0287896937,\"2\":0.0602026928,\"3\":0.0000075579,\"4\":0.0},\"2\":{\"0\":0.0297943308,\"1\":0.4162983755,\"2\":0.1529336714,\"3\":0.0393520085,\"4\":0.0000000069},\"3\":{\"0\":0.7731326588,\"1\":0.5400235749,\"2\":0.6797860602,\"3\":0.7162053325,\"4\":0.2718487739},\"4\":{\"0\":0.0099728624,\"1\":0.0099526773,\"2\":0.0504952177,\"3\":0.1171522832,\"4\":0.1499177941},\"5\":{\"0\":0.0022146559,\"1\":0.0005437373,\"2\":0.0134906211,\"3\":0.0348608212,\"4\":0.2839461032},\"6\":{\"0\":0.0400251025,\"1\":0.0042840424,\"2\":0.0430841935,\"3\":0.0924211901,\"4\":0.2942873209}}"}