{"source_name": "SARA_CR-LFM-DNO-H1-3", "target_name": "Supparsi2013_RC1", "source_damage_states": [0, 1, 2, 3, 4], "target_damage_states": [0, 1, 2, 3, 4, 5, 6], "conv_matrix": "{\"0\":{\"0\":0.0008799241,\"1\":0.000960173,\"2\":0.0000026516,\"3\":0.0000005479,\"4\":0.0000000108},\"1\":{\"0\":0.5618830178,\"1\":0.0662666439,\"2\":0.0000000752,\"3\":0.0028688333,\"4\":0.0},\"2\":{\"0\":0.4279636852,\"1\":0.0965543141,\"2\":0.0000012095,\"3\":0.2192516573,\"4\":0.0},\"3\":{\"0\":0.0092645831,\"1\":0.6875527102,\"2\":0.6376892083,\"3\":0.6653569127,\"4\":0.1354147224},\"4\":{\"0\":0.0000087898,\"1\":0.0399209648,\"2\":0.1002384978,\"3\":0.0944351582,\"4\":0.0665909089},\"5\":{\"0\":0.0,\"1\":0.018853814,\"2\":0.0720013146,\"3\":0.0143302994,\"4\":0.3377171253},\"6\":{\"0\":0.0,\"1\":0.0898913799,\"2\":0.190067043,\"3\":0.0037565912,\"4\":0.4602772326}}"}