{"source_name": "SARA_MUR-H1", "target_name": "Supparsi2013_RC2", "source_damage_states": [0, 1, 2, 3, 4], "target_damage_states": [0, 1, 2, 3, 4, 5, 6], "conv_matrix": "{\"0\":{\"0\":0.0252608983,\"1\":0.0000890492,\"2\":0.0000021134,\"3\":0.0000001252,\"4\":0.00000001},\"1\":{\"0\":0.1040257932,\"1\":0.0870061366,\"2\":0.0001315689,\"3\":0.0000180167,\"4\":0.0},\"2\":{\"0\":0.0307514274,\"1\":0.2998836347,\"2\":0.0923836762,\"3\":0.0992388956,\"4\":0.0000000007},\"3\":{\"0\":0.7857057642,\"1\":0.6002952151,\"2\":0.7213500951,\"3\":0.6890387577,\"4\":0.2635581037},\"4\":{\"0\":0.0119285495,\"1\":0.012572746,\"2\":0.0696123239,\"3\":0.1253995513,\"4\":0.1370306281},\"5\":{\"0\":0.0019240629,\"1\":0.0000472581,\"2\":0.0222749617,\"3\":0.0286558176,\"4\":0.2689085627},\"6\":{\"0\":0.0404035045,\"1\":0.0001059604,\"2\":0.0942452608,\"3\":0.0576488361,\"4\":0.3305026947}}"}