{"source_name": "SARA_W-WHE-H1-3", "target_name": "Supparsi2013_RC1", "source_damage_states": [0, 1, 2, 3, 4], "target_damage_states": [0, 1, 2, 3, 4, 5, 6], "conv_matrix": "{\"0\":{\"0\":0.0099327895,\"1\":0.0000724925,\"2\":0.0000000702,\"3\":0.0000001742,\"4\":0.0000000021},\"1\":{\"0\":0.0711608406,\"1\":0.212692205,\"2\":0.0335735438,\"3\":0.0000000252,\"4\":0.0},\"2\":{\"0\":0.0240096074,\"1\":0.289167273,\"2\":0.2957998712,\"3\":0.000000281,\"4\":0.0000000064},\"3\":{\"0\":0.7895588283,\"1\":0.4945653833,\"2\":0.6480425048,\"3\":0.706124818,\"4\":0.2937379643},\"4\":{\"0\":0.0184536159,\"1\":0.003499344,\"2\":0.022577683,\"3\":0.1222598147,\"4\":0.1602481715},\"5\":{\"0\":0.0053633256,\"1\":0.0000017123,\"2\":0.0000055385,\"3\":0.0420884785,\"4\":0.2563788034},\"6\":{\"0\":0.0815209927,\"1\":0.0000015899,\"2\":0.0000007885,\"3\":0.1295264083,\"4\":0.2896350523}}"}