{"source_name": "SARA_MUR-STRUB-H1-2", "target_name": "Supparsi2013_RC1", "source_damage_states": [0, 1, 2, 3, 4], "target_damage_states": [0, 1, 2, 3, 4, 5, 6], "conv_matrix": "{\"0\":{\"0\":0.0170841232,\"1\":0.0000403076,\"2\":0.0000041108,\"3\":0.0000001305,\"4\":0.0000000031},\"1\":{\"0\":0.0676593347,\"1\":0.2077925729,\"2\":0.0012867764,\"3\":0.0000080574,\"4\":0.0},\"2\":{\"0\":0.0207733585,\"1\":0.4713452587,\"2\":0.1507618374,\"3\":0.0480523633,\"4\":0.0000000126},\"3\":{\"0\":0.8100594689,\"1\":0.3190245895,\"2\":0.7289743614,\"3\":0.7014252511,\"4\":0.2763077997},\"4\":{\"0\":0.0154269755,\"1\":0.0017972432,\"2\":0.0479967414,\"3\":0.1307417527,\"4\":0.148260778},\"5\":{\"0\":0.003641464,\"1\":0.0000000201,\"2\":0.0132729939,\"3\":0.0387170276,\"4\":0.2694297815},\"6\":{\"0\":0.0653552753,\"1\":0.0000000079,\"2\":0.0577031789,\"3\":0.0810554174,\"4\":0.3060016251}}"}