{"source_name": "SARA_CR-LFLS-DUC-H4-7", "target_name": "SUPPARSI2013_W3", "source_damage_states": [0, 1, 2, 3, 4], "target_damage_states": [0, 1, 2, 3, 4, 5, 6], "conv_matrix": "{\"0\":{\"0\":0.0257179068,\"1\":0.0000065487,\"2\":0.000000043,\"3\":0.0,\"4\":7.146241103e-17},\"1\":{\"0\":0.0002226064,\"1\":0.2595739593,\"2\":0.12795274,\"3\":0.3818642891,\"4\":0.0248746499},\"2\":{\"0\":0.2440587664,\"1\":0.1583571482,\"2\":0.0202119133,\"3\":0.0193414514,\"4\":0.0000576691},\"3\":{\"0\":0.2746160473,\"1\":0.4457033575,\"2\":0.377200085,\"3\":0.361633126,\"4\":0.3127986063},\"4\":{\"0\":0.095234382,\"1\":0.0903894707,\"2\":0.2130212171,\"3\":0.137045399,\"4\":0.2291740987},\"5\":{\"0\":0.0014319722,\"1\":0.0024443878,\"2\":0.0490829413,\"3\":0.0288540931,\"4\":0.1501388864},\"6\":{\"0\":0.3587183189,\"1\":0.0435251279,\"2\":0.2125310603,\"3\":0.0712616413,\"4\":0.2829560897}}"}