{"source_name": "SARA_CR-LFINF-DNO-H1-3", "target_name": "SUPPASRI2013_RC2", "source_damage_states": [0, 1, 2, 3, 4], "target_damage_states": [0, 1, 2, 3, 4, 5, 6], "conv_matrix": "{\"0\":{\"0\":0.0000914669,\"1\":0.0020157617,\"2\":0.0000200824,\"3\":0.0000001303,\"4\":0.0000000007},\"1\":{\"0\":0.25638548,\"1\":0.0007255766,\"2\":0.0000182122,\"3\":0.0036427755,\"4\":0.0},\"2\":{\"0\":0.2882067524,\"1\":0.0009436061,\"2\":0.0002727551,\"3\":0.2253996096,\"4\":0.0},\"3\":{\"0\":0.4498636019,\"1\":0.8492215242,\"2\":0.6058848052,\"3\":0.6537316554,\"4\":0.1037681556},\"4\":{\"0\":0.0054526575,\"1\":0.051759834,\"2\":0.089509458,\"3\":0.0973841607,\"4\":0.0618993941},\"5\":{\"0\":0.0000000403,\"1\":0.0156115434,\"2\":0.0772658355,\"3\":0.0159448598,\"4\":0.3914607149},\"6\":{\"0\":0.000000001,\"1\":0.079722154,\"2\":0.2270288516,\"3\":0.0038968087,\"4\":0.4428717347}}"}