{"source_name": "SARA_CR_LFM_DUC_H_4_7", "target_name": "SUPPARSI_2013_S1", "source_damage_states": [0, 1, 2, 3, 4], "target_damage_states": [0, 1, 2, 3, 4, 5, 6], "conv_matrix": "{\"0\":{\"0\":0.0000000007,\"1\":0.0,\"2\":8.622596185e-16,\"3\":4.189268498e-20,\"4\":8.358533861e-19},\"1\":{\"0\":0.0001145119,\"1\":0.6189882347,\"2\":0.1969077101,\"3\":0.0000042704,\"4\":9.652114913e-20},\"2\":{\"0\":0.9998501764,\"1\":0.1334444658,\"2\":0.0038248093,\"3\":0.0000000632,\"4\":0.0000001366},\"3\":{\"0\":0.0000353109,\"1\":0.2475512143,\"2\":0.7749780411,\"3\":0.3091583219,\"4\":0.0152001628},\"4\":{\"0\":0.0,\"1\":0.0000160851,\"2\":0.0242263531,\"3\":0.5720261388,\"4\":0.0578362966},\"5\":{\"0\":6.245080575e-18,\"1\":0.0000000001,\"2\":0.0000481321,\"3\":0.0848806894,\"4\":0.3055465701},\"6\":{\"0\":6.375343061e-19,\"1\":0.0,\"2\":0.0000149544,\"3\":0.0339305164,\"4\":0.621416834}}"}