{"source_name": "SARA_W-WLI-H1-3", "target_name": "SUPPARSI2013_BRICK", "source_damage_states": [0, 1, 2, 3, 4], "target_damage_states": [0, 1, 2, 3, 4, 5, 6], "conv_matrix": "{\"0\":{\"0\":0.0166956282,\"1\":0.0000026413,\"2\":0.0000000092,\"3\":0.0,\"4\":2.400503945e-17},\"1\":{\"0\":0.0001443992,\"1\":0.3270384224,\"2\":0.3280183391,\"3\":0.1383104741,\"4\":0.000000003},\"2\":{\"0\":0.1899168629,\"1\":0.1366352638,\"2\":0.0572172166,\"3\":0.0001007035,\"4\":0.0000000022},\"3\":{\"0\":0.4309614066,\"1\":0.4564341707,\"2\":0.4200485403,\"3\":0.4114511739,\"4\":0.0284025277},\"4\":{\"0\":0.0995808977,\"1\":0.0548206517,\"2\":0.1213343935,\"3\":0.2450095304,\"4\":0.2457368359},\"5\":{\"0\":0.0011408175,\"1\":0.000662433,\"2\":0.0197993734,\"3\":0.0377574559,\"4\":0.2282189274},\"6\":{\"0\":0.2615599879,\"1\":0.0244064171,\"2\":0.0535821279,\"3\":0.1673706622,\"4\":0.4976417038}}"}