{"source_name": "SARA_CR_LFLS_DUC_H_1_3", "target_name": "Supparsi_2013_RC2", "source_damage_states": [0, 1, 2, 3, 4], "target_damage_states": [0, 1, 2, 3, 4, 5, 6], "conv_matrix": "{\"0\":{\"0\":0.0000000154,\"1\":0.0000000012,\"2\":0.0000000001,\"3\":0.0,\"4\":8.31762535e-18},\"1\":{\"0\":0.8389654331,\"1\":0.3538469351,\"2\":0.0339187133,\"3\":0.0000005664,\"4\":0.0},\"2\":{\"0\":0.1608715667,\"1\":0.6184750241,\"2\":0.2544277603,\"3\":0.0000004191,\"4\":0.0},\"3\":{\"0\":0.0001628928,\"1\":0.0275758723,\"2\":0.6820949625,\"3\":0.8632735736,\"4\":0.1920301349},\"4\":{\"0\":0.0000000921,\"1\":0.0001021672,\"2\":0.0295575576,\"3\":0.1258928366,\"4\":0.0931458411},\"5\":{\"0\":0.0,\"1\":0.0,\"2\":0.0000009975,\"3\":0.0068735225,\"4\":0.2023763071},\"6\":{\"0\":8.584779572e-16,\"1\":0.0,\"2\":0.0000000087,\"3\":0.0039590817,\"4\":0.5124477169}}"}