{"source_name": "SARA_CR-LWAL-DUC-H4-7", "target_name": "SUPPASRI2013_W2", "source_damage_states": [0, 1, 2, 3, 4], "target_damage_states": [0, 1, 2, 3, 4, 5, 6], "conv_matrix": "{\"0\":{\"0\":0.0397289093,\"1\":0.0000225025,\"2\":0.0000000077,\"3\":0.0,\"4\":0.0},\"1\":{\"0\":0.001345606,\"1\":0.1699512688,\"2\":0.3033324809,\"3\":0.1460090777,\"4\":0.2839289295},\"2\":{\"0\":0.4701757776,\"1\":0.09626669,\"2\":0.0593730759,\"3\":0.0086668299,\"4\":0.0073933467},\"3\":{\"0\":0.3165351502,\"1\":0.4167516776,\"2\":0.3792872388,\"3\":0.3773677668,\"4\":0.3338707344},\"4\":{\"0\":0.0597658151,\"1\":0.1574803877,\"2\":0.1442923244,\"3\":0.188162388,\"4\":0.1654814398},\"5\":{\"0\":0.0003598372,\"1\":0.0219615967,\"2\":0.018196775,\"3\":0.0763038915,\"4\":0.0745073171},\"6\":{\"0\":0.1120889046,\"1\":0.1375658766,\"2\":0.0955180974,\"3\":0.2034900461,\"4\":0.1348182325}}"}