{"source_name": "SARA_ER-ETR-H1-2", "target_name": "SUPPASRI2013_S1", "source_damage_states": [0, 1, 2, 3, 4], "target_damage_states": [0, 1, 2, 3, 4, 5, 6], "conv_matrix": "{\"0\":{\"0\":0.0106210501,\"1\":0.0000000779,\"2\":0.00000001,\"3\":0.0,\"4\":0.0},\"1\":{\"0\":0.0000914548,\"1\":0.5114150812,\"2\":0.2661990495,\"3\":0.133188588,\"4\":0.0000000003},\"2\":{\"0\":0.1247719017,\"1\":0.2946110455,\"2\":0.018179306,\"3\":0.0028711537,\"4\":0.0000000085},\"3\":{\"0\":0.3998542885,\"1\":0.1939054891,\"2\":0.4595529462,\"3\":0.4519031564,\"4\":0.0293002963},\"4\":{\"0\":0.1352124165,\"1\":0.0000683,\"2\":0.1498561267,\"3\":0.2314258344,\"4\":0.2387155653},\"5\":{\"0\":0.0021896983,\"1\":0.0000000029,\"2\":0.0188251614,\"3\":0.0470755986,\"4\":0.2307796961},\"6\":{\"0\":0.32725919,\"1\":0.0000000034,\"2\":0.0873874002,\"3\":0.1335356689,\"4\":0.5012044333}}"}