{"source_name": "SARA_W_WHE_H_1_3", "target_name": "Supparsi_2013_RC1", "source_damage_states": [0, 1, 2, 3, 4], "target_damage_states": [0, 1, 2, 3, 4, 5, 6], "conv_matrix": "{\"0\":{\"0\":0.0000000143,\"1\":0.000000002,\"2\":0.0,\"3\":0.0,\"4\":3.319205558e-23},\"1\":{\"0\":0.8390518956,\"1\":0.3210316818,\"2\":0.0293736867,\"3\":0.0000006771,\"4\":0.0},\"2\":{\"0\":0.1609320682,\"1\":0.5998714968,\"2\":0.2474002152,\"3\":0.0000155703,\"4\":0.0000000001},\"3\":{\"0\":0.000016015,\"1\":0.0789432545,\"2\":0.6926800972,\"3\":0.6988164862,\"4\":0.2147328493},\"4\":{\"0\":0.000000007,\"1\":0.0001535648,\"2\":0.0305441273,\"3\":0.1087515903,\"4\":0.12070303},\"5\":{\"0\":3.108524624e-17,\"1\":0.0000000001,\"2\":0.0000018075,\"3\":0.0336289316,\"4\":0.26008558},\"6\":{\"0\":9.388745701e-18,\"1\":0.0,\"2\":0.000000066,\"3\":0.1587867445,\"4\":0.4044785406}}"}