{"source_name": "SARA_MR_DUC_H_1_3", "target_name": "Supparsi_2013_RC1", "source_damage_states": [0, 1, 2, 3, 4], "target_damage_states": [0, 1, 2, 3, 4, 5, 6], "conv_matrix": "{\"0\":{\"0\":0.0000000055,\"1\":0.0000000005,\"2\":0.0000000001,\"3\":1.62856713e-17,\"4\":7.032382918e-22},\"1\":{\"0\":0.7196474574,\"1\":0.1761580494,\"2\":0.0115837133,\"3\":0.0000073253,\"4\":0.0000000004},\"2\":{\"0\":0.2803324224,\"1\":0.7631465477,\"2\":0.0865441039,\"3\":0.0191426263,\"4\":0.0000006121},\"3\":{\"0\":0.000020108,\"1\":0.0604457135,\"2\":0.8565275541,\"3\":0.6429802799,\"4\":0.3754584313},\"4\":{\"0\":0.0000000067,\"1\":0.000249689,\"2\":0.0305966045,\"3\":0.0980479189,\"4\":0.1677838309},\"5\":{\"0\":5.854706957e-19,\"1\":0.0,\"2\":0.0010793888,\"3\":0.0490487887,\"4\":0.2039982847},\"6\":{\"0\":2.164408246e-20,\"1\":0.0,\"2\":0.0136686353,\"3\":0.1907730608,\"4\":0.2527588406}}"}