{"source_name": "SARA_CR-LFM-DNO-H4-7", "target_name": "SUPPASRI2013_RC1", "source_damage_states": [0, 1, 2, 3, 4], "target_damage_states": [0, 1, 2, 3, 4, 5, 6], "conv_matrix": "{\"0\":{\"0\":0.0014529208,\"1\":0.001100925,\"2\":0.0000046735,\"3\":0.0000000651,\"4\":0.0000000191},\"1\":{\"0\":0.6523577668,\"1\":0.0564944898,\"2\":0.0500466172,\"3\":0.0022632772,\"4\":0.0},\"2\":{\"0\":0.3328574662,\"1\":0.0300579668,\"2\":0.2390567232,\"3\":0.221006588,\"4\":0.0},\"3\":{\"0\":0.0133202665,\"1\":0.6838737744,\"2\":0.6809369969,\"3\":0.6467760336,\"4\":0.1343789671},\"4\":{\"0\":0.0000115796,\"1\":0.0590181285,\"2\":0.0297415591,\"3\":0.1073676536,\"4\":0.062646875},\"5\":{\"0\":0.0,\"1\":0.0387728716,\"2\":0.0001670387,\"3\":0.0182042596,\"4\":0.3599940218},\"6\":{\"0\":0.0,\"1\":0.1306818439,\"2\":0.0000463913,\"3\":0.0043821229,\"4\":0.4429801169}}"}