{"source_name": "SARA_CR_LFM_DNO_H_1_3", "target_name": "SUPPARSI_2013_W3", "source_damage_states": [0, 1, 2, 3, 4], "target_damage_states": [0, 1, 2, 3, 4, 5, 6], "conv_matrix": "{\"0\":{\"0\":0.0000000007,\"1\":0.0,\"2\":0.0,\"3\":3.701660781e-16,\"4\":3.70389796e-24},\"1\":{\"0\":0.0001146338,\"1\":0.6205952393,\"2\":0.0001783663,\"3\":0.0000000009,\"4\":1.784326309e-19},\"2\":{\"0\":0.9998555562,\"1\":0.0878286944,\"2\":0.0070997855,\"3\":0.0000293699,\"4\":0.0},\"3\":{\"0\":0.0000298092,\"1\":0.2915481276,\"2\":0.9853225995,\"3\":0.4516193161,\"4\":0.0002341419},\"4\":{\"0\":0.0,\"1\":0.0000279387,\"2\":0.0073981936,\"3\":0.4425535249,\"4\":0.043669525},\"5\":{\"0\":8.506640746e-21,\"1\":0.0000000001,\"2\":0.0000010403,\"3\":0.0648154116,\"4\":0.3214906296},\"6\":{\"0\":9.839967724e-23,\"1\":0.0,\"2\":0.0000000147,\"3\":0.0409823766,\"4\":0.6346057035}}"}