{"source_name": "SARA_CR-LFM-DNO-SOS-H4-7", "target_name": "Supparsi2013_RC1", "source_damage_states": [0, 1, 2, 3, 4], "target_damage_states": [0, 1, 2, 3, 4, 5, 6], "conv_matrix": "{\"0\":{\"0\":0.0016905823,\"1\":0.0011358488,\"2\":0.0000020705,\"3\":0.0000008425,\"4\":0.0000000006},\"1\":{\"0\":0.6665411654,\"1\":0.0629754558,\"2\":0.0000002784,\"3\":0.0132842769,\"4\":0.0},\"2\":{\"0\":0.3147754693,\"1\":0.0418500689,\"2\":0.0000011731,\"3\":0.2374339638,\"4\":0.0},\"3\":{\"0\":0.0169765855,\"1\":0.7193190101,\"2\":0.5339747077,\"3\":0.6471560385,\"4\":0.1152547238},\"4\":{\"0\":0.0000161975,\"1\":0.0460217354,\"2\":0.0924094343,\"3\":0.0858113635,\"4\":0.0670091961},\"5\":{\"0\":0.0,\"1\":0.0223158239,\"2\":0.1119078964,\"3\":0.0129269756,\"4\":0.3783058972},\"6\":{\"0\":0.0,\"1\":0.1063820572,\"2\":0.2617044395,\"3\":0.0033865391,\"4\":0.4394301823}}"}