{"source_name": "SARA_W-WBB-H1", "target_name": "SUPPARSI2013_W1", "source_damage_states": [0, 1, 2, 3, 4], "target_damage_states": [0, 1, 2, 3, 4, 5, 6], "conv_matrix": "{\"0\":{\"0\":0.0248432075,\"1\":0.000000028,\"2\":0.0000027398,\"3\":0.0,\"4\":0.0},\"1\":{\"0\":0.0002154802,\"1\":0.4679821706,\"2\":0.1291566477,\"3\":0.3502342558,\"4\":0.0000000007},\"2\":{\"0\":0.2627125756,\"1\":0.2183241536,\"2\":0.0454577489,\"3\":0.0022144842,\"4\":0.0000000054},\"3\":{\"0\":0.4210050358,\"1\":0.3094754818,\"2\":0.4252879836,\"3\":0.4571814198,\"4\":0.034102556},\"4\":{\"0\":0.0888139326,\"1\":0.0037717599,\"2\":0.1883712517,\"3\":0.1532916368,\"4\":0.258636949},\"5\":{\"0\":0.0007530532,\"1\":0.0000238536,\"2\":0.0400030464,\"3\":0.0149588677,\"4\":0.2148145437},\"6\":{\"0\":0.2016567151,\"1\":0.0004225524,\"2\":0.1717205819,\"3\":0.0221193358,\"4\":0.4924459452}}"}