{"source_name": "SARA_CR-LWAL-DUC-H4-7", "target_name": "Supparsi2013_RC2", "source_damage_states": [0, 1, 2, 3, 4], "target_damage_states": [0, 1, 2, 3, 4, 5, 6], "conv_matrix": "{\"0\":{\"0\":0.0550668276,\"1\":0.0001847065,\"2\":0.0000028326,\"3\":0.0000000972,\"4\":0.0000000019},\"1\":{\"0\":0.3161914082,\"1\":0.0751525118,\"2\":0.0075300717,\"3\":0.0002461703,\"4\":0.0001043165},\"2\":{\"0\":0.0964459394,\"1\":0.1057641779,\"2\":0.2611788258,\"3\":0.0505306049,\"4\":0.1638014674},\"3\":{\"0\":0.5153049457,\"1\":0.6799850803,\"2\":0.6127948637,\"3\":0.6427042901,\"4\":0.5635742481},\"4\":{\"0\":0.0043743583,\"1\":0.0388916415,\"2\":0.0499343051,\"3\":0.0916516357,\"4\":0.1144989239},\"5\":{\"0\":0.0004553679,\"1\":0.0167734815,\"2\":0.0156326174,\"3\":0.0738482601,\"4\":0.0806202081},\"6\":{\"0\":0.0121611528,\"1\":0.0832484005,\"2\":0.0529264837,\"3\":0.1410189418,\"4\":0.0774008341}}"}