{"source_name": "SARA_CR_LFLS_DUC_H_4_7", "target_name": "SUPPARSI_2013_S1", "source_damage_states": [0, 1, 2, 3, 4], "target_damage_states": [0, 1, 2, 3, 4, 5, 6], "conv_matrix": "{\"0\":{\"0\":0.0000000001,\"1\":0.0,\"2\":4.279198441e-17,\"3\":1.509376455e-31,\"4\":1.755977411e-37},\"1\":{\"0\":0.025655182,\"1\":0.0000301825,\"2\":0.4756043052,\"3\":0.0000005245,\"4\":7.926642357e-17},\"2\":{\"0\":0.9729788839,\"1\":0.0412943937,\"2\":0.0263854662,\"3\":0.0000000154,\"4\":0.0},\"3\":{\"0\":0.0013659335,\"1\":0.4473697631,\"2\":0.4951308091,\"3\":0.3963775916,\"4\":0.0011062817},\"4\":{\"0\":0.0000000004,\"1\":0.2271170707,\"2\":0.0028786907,\"3\":0.4875318079,\"4\":0.0443624536},\"5\":{\"0\":7.376104217e-18,\"1\":0.0703301516,\"2\":0.0000006823,\"3\":0.0899753151,\"4\":0.4089753735},\"6\":{\"0\":1.57086623e-19,\"1\":0.2138584383,\"2\":0.0000000464,\"3\":0.0261147455,\"4\":0.5455558912}}"}