{"source_schema": "SARA_v1.0", "source_taxonomy": "CR-LFINF-DNO-H1-3", "target_schema": "SUPPASRI2013_v2.0", "target_taxonomy": "RC1", "source_damage_states": [0, 1, 2, 3, 4], "target_damage_states": [0, 1, 2, 3, 4, 5, 6], "conv_matrix": {"0": {"0": 8.32765e-05, "1": 0.0019590718, "2": 1.29421e-05, "3": 3.51e-08, "4": 5.9e-09}, "1": {"0": 0.1782902667, "1": 0.0045723127, "2": 0.0001434823, "3": 0.0009022771, "4": 0.0}, "2": {"0": 0.3264305888, "1": 0.0249313199, "2": 0.0021860779, "3": 0.1928257085, "4": 0.0}, "3": {"0": 0.4864620474, "1": 0.80354882, "2": 0.6522595306, "3": 0.6830975646, "4": 0.1315067557}, "4": {"0": 0.0087232616, "1": 0.0451387806, "2": 0.0842813826, "3": 0.1033316972, "4": 0.0653134196}, "5": {"0": 8.4288e-06, "1": 0.0150028961, "2": 0.056919411, "3": 0.0157504155, "4": 0.3318541767}, "6": {"0": 2.1302e-06, "1": 0.1048467988, "2": 0.2041971734, "3": 0.004092302, "4": 0.4713256421}}}