{"source_name": "SARA_W-WHE-H1-3", "target_name": "SUPPASRI2013_RC2", "source_damage_states": [0, 1, 2, 3, 4], "target_damage_states": [0, 1, 2, 3, 4, 5, 6], "conv_matrix": "{\"0\":{\"0\":0.0115400669,\"1\":0.0000843113,\"2\":0.0000000886,\"3\":0.000000244,\"4\":0.0000000032},\"1\":{\"0\":0.0737429925,\"1\":0.2310287768,\"2\":0.0383017869,\"3\":0.0000000322,\"4\":0.0},\"2\":{\"0\":0.0219763961,\"1\":0.273636756,\"2\":0.2939323053,\"3\":0.0000004341,\"4\":0.0000000132},\"3\":{\"0\":0.7877948477,\"1\":0.4918899649,\"2\":0.6445298594,\"3\":0.7017439094,\"4\":0.2891085714},\"4\":{\"0\":0.0174616245,\"1\":0.0033563446,\"2\":0.0232282055,\"3\":0.1259492634,\"4\":0.1565420263},\"5\":{\"0\":0.0061971973,\"1\":0.0000021011,\"2\":0.0000068661,\"3\":0.0460013502,\"4\":0.2765270859},\"6\":{\"0\":0.0812868749,\"1\":0.0000017454,\"2\":0.0000008882,\"3\":0.1263047667,\"4\":0.2778222999}}"}