{"source_name": "SARA_CR_LDUAL_DUC_H_8_19", "target_name": "Supparsi_2013_RC1", "source_damage_states": [0, 1, 2, 3, 4], "target_damage_states": [0, 1, 2, 3, 4, 5, 6], "conv_matrix": "{\"0\":{\"0\":0.0000000142,\"1\":0.0000000008,\"2\":0.0,\"3\":2.212268738e-20,\"4\":6.212234209e-21},\"1\":{\"0\":0.8390575513,\"1\":0.048000721,\"2\":0.0526925393,\"3\":0.0000000162,\"4\":0.0000000282},\"2\":{\"0\":0.1609360831,\"1\":0.0740190246,\"2\":0.2988759267,\"3\":0.0000040603,\"4\":0.0000432286},\"3\":{\"0\":0.00000635,\"1\":0.8322648472,\"2\":0.6103666121,\"3\":0.6048565672,\"4\":0.4031390361},\"4\":{\"0\":0.0000000014,\"1\":0.0119080503,\"2\":0.0380006473,\"3\":0.0990358442,\"4\":0.1554193652},\"5\":{\"0\":7.794059135e-20,\"1\":0.0007803014,\"2\":0.0000625369,\"3\":0.06054086,\"4\":0.196956846},\"6\":{\"0\":3.174351391e-21,\"1\":0.0330270548,\"2\":0.0000017377,\"3\":0.2355626521,\"4\":0.2444414959}}"}