{"source_name": "SARA_MR-DUC-H1-3", "target_name": "SUPPASRI2013_RC1", "source_damage_states": [0, 1, 2, 3, 4], "target_damage_states": [0, 1, 2, 3, 4, 5, 6], "conv_matrix": "{\"0\":{\"0\":0.0168532498,\"1\":0.0000043857,\"2\":0.000013245,\"3\":0.0000002555,\"4\":0.0000000006},\"1\":{\"0\":0.1082591288,\"1\":0.0845218074,\"2\":0.0000802705,\"3\":0.0000003867,\"4\":0.0000000002},\"2\":{\"0\":0.0323474206,\"1\":0.4291144355,\"2\":0.0003383313,\"3\":0.0004246545,\"4\":0.0000007455},\"3\":{\"0\":0.7594481258,\"1\":0.4713298056,\"2\":0.82107288,\"3\":0.6546815058,\"4\":0.3936688801},\"4\":{\"0\":0.0145210553,\"1\":0.0150292032,\"2\":0.0704768552,\"3\":0.1280348102,\"4\":0.1755255734},\"5\":{\"0\":0.0043308184,\"1\":0.0000003598,\"2\":0.0228457218,\"3\":0.0747928,\"4\":0.2306278979},\"6\":{\"0\":0.0642402011,\"1\":0.0000000028,\"2\":0.0851726962,\"3\":0.1420655874,\"4\":0.2001769024}}"}