{"source_name": "SARA_MUR-H2-3", "target_name": "SUPPARSI2013_BRICK", "source_damage_states": [0, 1, 2, 3, 4], "target_damage_states": [0, 1, 2, 3, 4, 5, 6], "conv_matrix": "{\"0\":{\"0\":0.0136370944,\"1\":0.0000004333,\"2\":0.0000000011,\"3\":0.000000003,\"4\":0.0},\"1\":{\"0\":0.0001174264,\"1\":0.3348123664,\"2\":0.4100792978,\"3\":0.0000040695,\"4\":0.0000000001},\"2\":{\"0\":0.1488642167,\"1\":0.1372702824,\"2\":0.01675154,\"3\":0.0000006757,\"4\":0.0000000029},\"3\":{\"0\":0.4307058842,\"1\":0.4555059578,\"2\":0.5378780488,\"3\":0.2464336862,\"4\":0.0191323849},\"4\":{\"0\":0.1119269319,\"1\":0.0689215553,\"2\":0.0345915287,\"3\":0.3949065759,\"4\":0.2259019745},\"5\":{\"0\":0.001629635,\"1\":0.0014050621,\"2\":0.0005806838,\"3\":0.0766158437,\"4\":0.2296224277},\"6\":{\"0\":0.2931188114,\"1\":0.0020843427,\"2\":0.0001188999,\"3\":0.282039146,\"4\":0.5253432099}}"}