{"source_name": "SARA_ER-ETR-H1-2", "target_name": "SUPPARSI2013_S1", "source_damage_states": [0, 1, 2, 3, 4], "target_damage_states": [0, 1, 2, 3, 4, 5, 6], "conv_matrix": "{\"0\":{\"0\":0.0106198277,\"1\":0.0000000778,\"2\":0.00000001,\"3\":0.0,\"4\":0.0},\"1\":{\"0\":0.0000914094,\"1\":0.5114991821,\"2\":0.2662279752,\"3\":0.1332020018,\"4\":0.0000000003},\"2\":{\"0\":0.1248337907,\"1\":0.2944551942,\"2\":0.0181680547,\"3\":0.0028729764,\"4\":0.0000000086},\"3\":{\"0\":0.3999339014,\"1\":0.193977292,\"2\":0.4595754051,\"3\":0.4519020503,\"4\":0.0293101616},\"4\":{\"0\":0.1350477578,\"1\":0.0000682476,\"2\":0.1498119218,\"3\":0.2314090117,\"4\":0.2387075149},\"5\":{\"0\":0.0021881103,\"1\":0.0000000029,\"2\":0.0188248548,\"3\":0.0470686802,\"4\":0.2307387321},\"6\":{\"0\":0.3272852028,\"1\":0.0000000034,\"2\":0.0873917783,\"3\":0.1335452796,\"4\":0.5012435825}}"}