{"source_name": "SARA_MUR_STRUB_H_1_2", "target_name": "Supparsi_2013_RC2", "source_damage_states": [0, 1, 2, 3, 4], "target_damage_states": [0, 1, 2, 3, 4, 5, 6], "conv_matrix": "{\"0\":{\"0\":0.0000000121,\"1\":0.0000000005,\"2\":0.0,\"3\":1.82024339e-19,\"4\":1.065571156e-17},\"1\":{\"0\":0.786403254,\"1\":0.1622769327,\"2\":0.0005402009,\"3\":0.0000000801,\"4\":0.0},\"2\":{\"0\":0.2135869092,\"1\":0.5872391614,\"2\":0.0823879451,\"3\":0.0002015631,\"4\":0.0},\"3\":{\"0\":0.0000098218,\"1\":0.2490447171,\"2\":0.8686750836,\"3\":0.6997914628,\"4\":0.1140145392},\"4\":{\"0\":0.0000000029,\"1\":0.0014391878,\"2\":0.0465134312,\"3\":0.2073072813,\"4\":0.0302162252},\"5\":{\"0\":1.350379032e-18,\"1\":0.0000000002,\"2\":0.0008710771,\"3\":0.0470727989,\"4\":0.2205702977},\"6\":{\"0\":2.730062372e-19,\"1\":0.0000000002,\"2\":0.0010122621,\"3\":0.0456268138,\"4\":0.6351989379}}"}