{"source_name": "SARA_S-LFM-H4-7", "target_name": "SUPPASRI2013_RC1", "source_damage_states": [0, 1, 2, 3, 4], "target_damage_states": [0, 1, 2, 3, 4, 5, 6], "conv_matrix": "{\"0\":{\"0\":0.0294056604,\"1\":0.0000230106,\"2\":0.0000484928,\"3\":0.000000004,\"4\":0.0000000005},\"1\":{\"0\":0.1071630531,\"1\":0.1220485763,\"2\":0.0267387388,\"3\":0.0000869367,\"4\":0.0},\"2\":{\"0\":0.0284755926,\"1\":0.6861471075,\"2\":0.0373933498,\"3\":0.0777450872,\"4\":0.0000000011},\"3\":{\"0\":0.7876950467,\"1\":0.1903515979,\"2\":0.7628296925,\"3\":0.7566107161,\"4\":0.2307813236},\"4\":{\"0\":0.0097150275,\"1\":0.0014296745,\"2\":0.0516757886,\"3\":0.1181565018,\"4\":0.1444935599},\"5\":{\"0\":0.0019828261,\"1\":0.0000000304,\"2\":0.0248752633,\"3\":0.0204665667,\"4\":0.3134808862},\"6\":{\"0\":0.0355627937,\"1\":0.0000000029,\"2\":0.096438674,\"3\":0.0269341875,\"4\":0.3112442287}}"}