{"source_schema": "SARA_v1.0", "source_taxonomy": "CR-LFM-DNO-H1-3", "target_schema": "SUPPASRI2013_v2.0", "target_taxonomy": "W1", "source_damage_states": [0, 1, 2, 3, 4], "target_damage_states": [0, 1, 2, 3, 4, 5, 6], "conv_matrix": {"0": {"0": 5.2092e-05, "1": 0.0005961176, "2": 6.9e-09, "3": 5e-10, "4": 0.0}, "1": {"0": 0.047209017, "1": 0.1677765714, "2": 1.35e-08, "3": 0.3445553852, "4": 1.444632954e-19}, "2": {"0": 0.9494804033, "1": 0.0806074582, "2": 1.16445e-05, "3": 0.0291213221, "4": 0.0}, "3": {"0": 0.0032584608, "1": 0.4193788317, "2": 0.3067466906, "3": 0.4253430225, "4": 5.05659e-05}, "4": {"0": 2.69e-08, "1": 0.1604647925, "2": 0.3167188235, "3": 0.161201035, "4": 0.0257757049}, "5": {"0": 0.0, "1": 0.0247038871, "2": 0.0766081306, "3": 0.0283714879, "4": 0.2285483975}, "6": {"0": 0.0, "1": 0.1464723415, "2": 0.2999146905, "3": 0.0114077467, "4": 0.7456253317}}}