{"source_name": "SARA_W_WBB_H_1", "target_name": "Supparsi_2013_RC1", "source_damage_states": [0, 1, 2, 3, 4], "target_damage_states": [0, 1, 2, 3, 4, 5, 6], "conv_matrix": "{\"0\":{\"0\":0.0000000142,\"1\":0.0000000004,\"2\":0.0,\"3\":8.473050848e-27,\"4\":9.429906216e-29},\"1\":{\"0\":0.8390572359,\"1\":0.042267584,\"2\":0.0393185545,\"3\":0.0000011778,\"4\":0.0},\"2\":{\"0\":0.1609363983,\"1\":0.0978037947,\"2\":0.2376602552,\"3\":0.0061144389,\"4\":0.0},\"3\":{\"0\":0.0000063501,\"1\":0.6419919891,\"2\":0.6739361706,\"3\":0.6273966337,\"4\":0.161633058},\"4\":{\"0\":0.0000000014,\"1\":0.0292059298,\"2\":0.0315595316,\"3\":0.1875952386,\"4\":0.1260708771},\"5\":{\"0\":7.794522962e-20,\"1\":0.0152029982,\"2\":0.0020091668,\"3\":0.0483745416,\"4\":0.3112259497},\"6\":{\"0\":3.174477971e-21,\"1\":0.1735277037,\"2\":0.0155163212,\"3\":0.1305179694,\"4\":0.4010701152}}"}