{"source_name": "SARA_W_WBB_H_1", "target_name": "SUPPARSI_2013_W3", "source_damage_states": [0, 1, 2, 3, 4], "target_damage_states": [0, 1, 2, 3, 4, 5, 6], "conv_matrix": "{\"0\":{\"0\":0.0000000007,\"1\":0.0,\"2\":6.657951319e-16,\"3\":1.234374229e-37,\"4\":1.600692057e-39},\"1\":{\"0\":0.0001146434,\"1\":0.0317020674,\"2\":0.3575959049,\"3\":0.1166471964,\"4\":0.0},\"2\":{\"0\":0.9998555453,\"1\":0.1006218863,\"2\":0.0178625016,\"3\":0.0000000044,\"4\":0.0},\"3\":{\"0\":0.0000298105,\"1\":0.4175557919,\"2\":0.5233193164,\"3\":0.3463723213,\"4\":0.0085563038},\"4\":{\"0\":0.0,\"1\":0.1895662553,\"2\":0.0734218279,\"3\":0.3099969748,\"4\":0.2372005631},\"5\":{\"0\":8.453654637e-21,\"1\":0.0532596018,\"2\":0.0107265453,\"3\":0.1094968135,\"4\":0.3561535249},\"6\":{\"0\":9.594403894e-23,\"1\":0.2072943973,\"2\":0.017073904,\"3\":0.1174866897,\"4\":0.3980896082}}"}