{"source_name": "SARA_CR-PC-LWAL-DUC-H1-3", "target_name": "SUPPASRI2013_RC3", "source_damage_states": [0, 1, 2, 3, 4], "target_damage_states": [0, 1, 2, 3, 4, 5, 6], "conv_matrix": "{\"0\":{\"0\":0.0000913611,\"1\":0.0005231048,\"2\":0.0005097916,\"3\":0.0000000006,\"4\":8.598416061e-17},\"1\":{\"0\":0.0060400306,\"1\":0.2203838725,\"2\":0.0000047615,\"3\":0.4395265614,\"4\":0.0002300146},\"2\":{\"0\":0.985637007,\"1\":0.2515694563,\"2\":0.0001019232,\"3\":0.052747013,\"4\":0.0000184062},\"3\":{\"0\":0.0082309927,\"1\":0.5271099803,\"2\":0.3564071681,\"3\":0.3893875608,\"4\":0.2989560709},\"4\":{\"0\":0.0000006086,\"1\":0.0004135774,\"2\":0.2712252509,\"3\":0.1001982093,\"4\":0.2293437293},\"5\":{\"0\":0.0,\"1\":0.0000000081,\"2\":0.0641861648,\"3\":0.0125908737,\"4\":0.1577459327},\"6\":{\"0\":0.0,\"1\":0.0000000006,\"2\":0.3075649399,\"3\":0.0055497813,\"4\":0.3137058463}}"}