{"source_name": "SARA_S-LFM-H4-7", "target_name": "SUPPASRI2013_W2", "source_damage_states": [0, 1, 2, 3, 4], "target_damage_states": [0, 1, 2, 3, 4, 5, 6], "conv_matrix": "{\"0\":{\"0\":0.0163774162,\"1\":0.0000000555,\"2\":0.0000010591,\"3\":0.0,\"4\":7.701941418e-18},\"1\":{\"0\":0.0001412288,\"1\":0.617892657,\"2\":0.1235121224,\"3\":0.2627624327,\"4\":0.0000000003},\"2\":{\"0\":0.1797478459,\"1\":0.2116939672,\"2\":0.0348275765,\"3\":0.0006377726,\"4\":0.0000000002},\"3\":{\"0\":0.454183246,\"1\":0.1703726477,\"2\":0.4706486329,\"3\":0.4681664855,\"4\":0.0140576747},\"4\":{\"0\":0.1099718306,\"1\":0.0000406718,\"2\":0.1826659072,\"3\":0.1932190568,\"4\":0.2201358605},\"5\":{\"0\":0.0010845629,\"1\":0.0000000007,\"2\":0.0263186193,\"3\":0.0286295446,\"4\":0.2521086806},\"6\":{\"0\":0.2384938697,\"1\":0.0000000001,\"2\":0.1620260826,\"3\":0.0465847078,\"4\":0.5136977838}}"}