{"source_name": "SARA_CR-LWAL-DUC-H4-7", "target_name": "SUPPASRI2013_RC2", "source_damage_states": [0, 1, 2, 3, 4], "target_damage_states": [0, 1, 2, 3, 4, 5, 6], "conv_matrix": "{\"0\":{\"0\":0.0632247418,\"1\":0.0002253961,\"2\":0.0000036768,\"3\":0.0000001348,\"4\":0.0000000027},\"1\":{\"0\":0.3288239136,\"1\":0.0831589944,\"2\":0.00954423,\"3\":0.0003238492,\"4\":0.0001400645},\"2\":{\"0\":0.084986545,\"1\":0.0969332352,\"2\":0.2597278574,\"3\":0.0515016063,\"4\":0.1679778548},\"3\":{\"0\":0.5062952009,\"1\":0.6789632812,\"2\":0.6100164517,\"3\":0.6382793982,\"4\":0.5566872879},\"4\":{\"0\":0.0039663055,\"1\":0.0410350997,\"2\":0.051542475,\"3\":0.0935197071,\"4\":0.1140090483},\"5\":{\"0\":0.0005338733,\"1\":0.0183487981,\"2\":0.0172546315,\"3\":0.0800272968,\"4\":0.0870064732},\"6\":{\"0\":0.0121694199,\"1\":0.0813351952,\"2\":0.0519106776,\"3\":0.1363480075,\"4\":0.0741792686}}"}