{"source_schema": "SARA_v1.0", "source_taxonomy": "CR-LFLS-DNO-H1-3", "target_schema": "SUPPASRI2013_v2.0", "target_taxonomy": "RC1", "source_damage_states": [0, 1, 2, 3, 4], "target_damage_states": [0, 1, 2, 3, 4, 5, 6], "conv_matrix": {"0": {"0": 0.0017913168, "1": 0.0010466714, "2": 1.7377e-06, "3": 7.385e-07, "4": 4e-10}, "1": {"0": 0.6602213662, "1": 0.0696428437, "2": 1.4303e-06, "3": 0.0144316887, "4": 0.0}, "2": {"0": 0.3202920108, "1": 0.0401134377, "2": 4.132e-06, "3": 0.2410775916, "4": 0.0}, "3": {"0": 0.0176789225, "1": 0.715456046, "2": 0.5297194902, "3": 0.6415834693, "4": 0.1129905736}, "4": {"0": 1.63837e-05, "1": 0.0432985262, "2": 0.0901527182, "3": 0.0865362296, "4": 0.0663537124}, "5": {"0": 0.0, "1": 0.0200249698, "2": 0.1075631591, "3": 0.0130084936, "4": 0.3765401456}, "6": {"0": 0.0, "1": 0.1104175051, "2": 0.2725573324, "3": 0.0033617887, "4": 0.4441155681}}}