{"source_name": "SARA_CR_LFINF_DUC_H_1_3", "target_name": "Supparsi_2013_RC1", "source_damage_states": [0, 1, 2, 3, 4], "target_damage_states": [0, 1, 2, 3, 4, 5, 6], "conv_matrix": "{\"0\":{\"0\":0.0000000121,\"1\":0.0000000004,\"2\":0.0000000001,\"3\":0.0,\"4\":8.769374898e-20},\"1\":{\"0\":0.7819133634,\"1\":0.198047308,\"2\":0.0237826579,\"3\":0.0000001571,\"4\":0.0000000418},\"2\":{\"0\":0.2180686091,\"1\":0.7570752542,\"2\":0.1828390974,\"3\":0.0000229833,\"4\":0.0000513228},\"3\":{\"0\":0.0000180078,\"1\":0.0445247148,\"2\":0.7724035767,\"3\":0.6994661629,\"4\":0.4843755131},\"4\":{\"0\":0.0000000075,\"1\":0.0003527226,\"2\":0.0209744441,\"3\":0.0832616973,\"4\":0.1526876004},\"5\":{\"0\":2.335081572e-17,\"1\":0.0,\"2\":0.0000001648,\"3\":0.0343429068,\"4\":0.1452557085},\"6\":{\"0\":4.345560853e-18,\"1\":0.0,\"2\":0.0000000589,\"3\":0.1829060925,\"4\":0.2176298134}}"}