{"source_name": "SARA_CR-LFM-DUC-H1-3", "target_name": "SUPPASRI2013_S1", "source_damage_states": [0, 1, 2, 3, 4], "target_damage_states": [0, 1, 2, 3, 4, 5, 6], "conv_matrix": "{\"0\":{\"0\":0.0182365842,\"1\":0.0000036339,\"2\":0.0000000068,\"3\":0.0,\"4\":0.0},\"1\":{\"0\":0.0001573267,\"1\":0.2972570149,\"2\":0.1578682531,\"3\":0.3499402163,\"4\":6.390548524e-16},\"2\":{\"0\":0.1724825931,\"1\":0.181410214,\"2\":0.0280791378,\"3\":0.0071839968,\"4\":0.0000000002},\"3\":{\"0\":0.3731858814,\"1\":0.4472125573,\"2\":0.4194681281,\"3\":0.4507368741,\"4\":0.0123474978},\"4\":{\"0\":0.1417295428,\"1\":0.0574024202,\"2\":0.2034573424,\"3\":0.167318815,\"4\":0.2057563914},\"5\":{\"0\":0.0013805946,\"1\":0.0007820944,\"2\":0.0269734151,\"3\":0.017332203,\"4\":0.225254914},\"6\":{\"0\":0.2928274773,\"1\":0.0159320653,\"2\":0.1641537166,\"3\":0.0074878948,\"4\":0.5566411965}}"}