{"source_name": "SARA_CR-LFINF-DNO-H1-3", "target_name": "SUPPARSI2013_W2", "source_damage_states": [0, 1, 2, 3, 4], "target_damage_states": [0, 1, 2, 3, 4, 5, 6], "conv_matrix": "{\"0\":{\"0\":0.0000046971,\"1\":0.0010904762,\"2\":0.0000003861,\"3\":0.0,\"4\":5.369784983e-18},\"1\":{\"0\":0.495720325,\"1\":0.0012914384,\"2\":0.000000161,\"3\":0.3511438082,\"4\":2.535915715e-18},\"2\":{\"0\":0.290187199,\"1\":0.0084931085,\"2\":0.0009530983,\"3\":0.0288346435,\"4\":0.0},\"3\":{\"0\":0.2140759785,\"1\":0.6205371057,\"2\":0.2554388574,\"3\":0.415755445,\"4\":0.0000497248},\"4\":{\"0\":0.0000118003,\"1\":0.2099647186,\"2\":0.2877653206,\"3\":0.1638090649,\"4\":0.0263266875},\"5\":{\"0\":0.0000000001,\"1\":0.0214126483,\"2\":0.0731761985,\"3\":0.0288932843,\"4\":0.2522400667},\"6\":{\"0\":0.0,\"1\":0.1372105044,\"2\":0.3826659781,\"3\":0.011563754,\"4\":0.7213835209}}"}