{"source_name": "SARA_CR-LWAL-DNO-H4-7", "target_name": "SUPPASRI2013_RC3", "source_damage_states": [0, 1, 2, 3, 4], "target_damage_states": [0, 1, 2, 3, 4, 5, 6], "conv_matrix": "{\"0\":{\"0\":0.0002722478,\"1\":0.0008981849,\"2\":0.0000000529,\"3\":0.0,\"4\":5.195800239e-18},\"1\":{\"0\":0.5065874757,\"1\":0.0320324069,\"2\":0.0000042255,\"3\":0.3529971676,\"4\":4.630806097e-19},\"2\":{\"0\":0.3112826267,\"1\":0.0250246649,\"2\":0.000967523,\"3\":0.0286558822,\"4\":0.0},\"3\":{\"0\":0.1818320544,\"1\":0.6108216315,\"2\":0.2375675493,\"3\":0.4186967996,\"4\":0.0000405459},\"4\":{\"0\":0.0000255951,\"1\":0.1815635453,\"2\":0.3012103259,\"3\":0.1603827596,\"4\":0.0255777349},\"5\":{\"0\":0.0000000003,\"1\":0.0187040585,\"2\":0.0737452557,\"3\":0.0286301692,\"4\":0.2623047376},\"6\":{\"0\":0.0,\"1\":0.1309555081,\"2\":0.3865050678,\"3\":0.0106372217,\"4\":0.7120769816}}"}