{"source_name": "SARA_CR-LFINF-DNO-H1-3", "target_name": "Supparsi2013_RC1", "source_damage_states": [0, 1, 2, 3, 4], "target_damage_states": [0, 1, 2, 3, 4, 5, 6], "conv_matrix": "{\"0\":{\"0\":0.000087142,\"1\":0.0017316904,\"2\":0.0000148501,\"3\":0.0000001113,\"4\":0.0000000004},\"1\":{\"0\":0.232515937,\"1\":0.0006338207,\"2\":0.0000137359,\"3\":0.0028664511,\"4\":0.0},\"2\":{\"0\":0.3146758666,\"1\":0.0008869318,\"2\":0.0002115587,\"3\":0.2227959517,\"4\":0.0},\"3\":{\"0\":0.4477892638,\"1\":0.8519972351,\"2\":0.6092515911,\"3\":0.6595152706,\"4\":0.107415877},\"4\":{\"0\":0.0049317554,\"1\":0.0488428247,\"2\":0.0875659713,\"3\":0.0963011844,\"4\":0.0657080538},\"5\":{\"0\":0.0000000342,\"1\":0.0142965514,\"2\":0.070477705,\"3\":0.0146264217,\"4\":0.3638331832},\"6\":{\"0\":0.0000000009,\"1\":0.0816109458,\"2\":0.2324645879,\"3\":0.0038946092,\"4\":0.4630428856}}"}