{"source_name": "SARA_W-WLI-H1-3", "target_name": "Supparsi2013_RC1", "source_damage_states": [0, 1, 2, 3, 4], "target_damage_states": [0, 1, 2, 3, 4, 5, 6], "conv_matrix": "{\"0\":{\"0\":0.0260053607,\"1\":0.000089522,\"2\":0.0000063222,\"3\":0.0000005748,\"4\":0.0000000007},\"1\":{\"0\":0.1104071778,\"1\":0.0253981543,\"2\":0.0541629573,\"3\":0.0000053133,\"4\":0.0},\"2\":{\"0\":0.0332256706,\"1\":0.4110242213,\"2\":0.1601038577,\"3\":0.0379775832,\"4\":0.0000000033},\"3\":{\"0\":0.7778787435,\"1\":0.5480574242,\"2\":0.681617545,\"3\":0.7201378421,\"4\":0.2764840493},\"4\":{\"0\":0.0107646249,\"1\":0.0107614489,\"2\":0.0472179606,\"3\":0.1157320786,\"4\":0.1538450118},\"5\":{\"0\":0.0018856804,\"1\":0.0004536507,\"2\":0.0125214214,\"3\":0.0316749558,\"4\":0.2631215855},\"6\":{\"0\":0.0398327421,\"1\":0.0042155786,\"2\":0.044369936,\"3\":0.0944716523,\"4\":0.3065493493}}"}