{"source_name": "SARA_MCF-DNO-H1-3", "target_name": "SUPPASRI2013_RC1", "source_damage_states": [0, 1, 2, 3, 4], "target_damage_states": [0, 1, 2, 3, 4, 5, 6], "conv_matrix": "{\"0\":{\"0\":0.0045976387,\"1\":0.0000182244,\"2\":0.0000000503,\"3\":0.0000000055,\"4\":0.0000000003},\"1\":{\"0\":0.0251427558,\"1\":0.131543461,\"2\":0.0062520045,\"3\":0.0000406981,\"4\":0.0000332775},\"2\":{\"0\":0.020572351,\"1\":0.1490699499,\"2\":0.2295839393,\"3\":0.0248929662,\"4\":0.1404036771},\"3\":{\"0\":0.7504428899,\"1\":0.6384042959,\"2\":0.6257008193,\"3\":0.6817031459,\"4\":0.479937104},\"4\":{\"0\":0.0310162574,\"1\":0.0274685385,\"2\":0.0562134194,\"3\":0.1293471819,\"4\":0.125087088},\"5\":{\"0\":0.0198030396,\"1\":0.0089094119,\"2\":0.023152189,\"3\":0.0674709139,\"4\":0.1357927872},\"6\":{\"0\":0.1484250676,\"1\":0.0445861183,\"2\":0.0590975781,\"3\":0.0965450884,\"4\":0.1187460659}}"}