{"source_name": "SARA_MUR-H1", "target_name": "SUPPASRI2013_W2", "source_damage_states": [0, 1, 2, 3, 4], "target_damage_states": [0, 1, 2, 3, 4, 5, 6], "conv_matrix": "{\"0\":{\"0\":0.0167615362,\"1\":0.000001385,\"2\":0.0000000039,\"3\":0.0,\"4\":0.0},\"1\":{\"0\":0.0001444885,\"1\":0.3955066236,\"2\":0.1947961079,\"3\":0.1879599968,\"4\":0.0},\"2\":{\"0\":0.1586206449,\"1\":0.1421626545,\"2\":0.0089804989,\"3\":0.0030735122,\"4\":0.0000000003},\"3\":{\"0\":0.4229628337,\"1\":0.4314497731,\"2\":0.3948285646,\"3\":0.4560541638,\"4\":0.0137792793},\"4\":{\"0\":0.1314976565,\"1\":0.029689283,\"2\":0.2223191277,\"3\":0.2196623992,\"4\":0.2153440085},\"5\":{\"0\":0.0012672284,\"1\":0.0002276729,\"2\":0.0317770939,\"3\":0.038724954,\"4\":0.2266549315},\"6\":{\"0\":0.2687456118,\"1\":0.0009626079,\"2\":0.1472986031,\"3\":0.0945249742,\"4\":0.5442217804}}"}