{"source_name": "SARA_CR_LFINF_DUC_H_1_3", "target_name": "SUPPARSI_2013_BRICK", "source_damage_states": [0, 1, 2, 3, 4], "target_damage_states": [0, 1, 2, 3, 4, 5, 6], "conv_matrix": "{\"0\":{\"0\":0.0000000006,\"1\":0.0,\"2\":0.0,\"3\":1.377683739e-18,\"4\":6.98701661e-26},\"1\":{\"0\":0.0004458949,\"1\":0.817909463,\"2\":0.3595029423,\"3\":0.0000994707,\"4\":0.0001021262},\"2\":{\"0\":0.9995098199,\"1\":0.1676514114,\"2\":0.0380888031,\"3\":0.0000321088,\"4\":0.0000375396},\"3\":{\"0\":0.0000442845,\"1\":0.0144388674,\"2\":0.6004885204,\"3\":0.4375807794,\"4\":0.2930005901},\"4\":{\"0\":0.0,\"1\":0.0000002582,\"2\":0.0019185343,\"3\":0.2746086572,\"4\":0.2973351819},\"5\":{\"0\":4.502086528e-18,\"1\":0.0,\"2\":0.0000009252,\"3\":0.0950038016,\"4\":0.1828686093},\"6\":{\"0\":2.063437086e-19,\"1\":0.0,\"2\":0.0000002747,\"3\":0.1926751823,\"4\":0.2266559529}}"}