{"source_name": "SARA_MUR-H1", "target_name": "SUPPARSI2013_RC3", "source_damage_states": [0, 1, 2, 3, 4], "target_damage_states": [0, 1, 2, 3, 4, 5, 6], "conv_matrix": "{\"0\":{\"0\":0.0167596186,\"1\":0.0000013844,\"2\":0.0000000039,\"3\":0.0,\"4\":0.0},\"1\":{\"0\":0.0001444168,\"1\":0.3955638859,\"2\":0.1948192451,\"3\":0.1879738333,\"4\":0.0},\"2\":{\"0\":0.1586616079,\"1\":0.1420842088,\"2\":0.0089790301,\"3\":0.0030753718,\"4\":0.0000000003},\"3\":{\"0\":0.4230811263,\"1\":0.4314895108,\"2\":0.3948551015,\"3\":0.4560509278,\"4\":0.0137901514},\"4\":{\"0\":0.1313197754,\"1\":0.0296704446,\"2\":0.2222646226,\"3\":0.2196476432,\"4\":0.2153327762},\"5\":{\"0\":0.0012661969,\"1\":0.000227662,\"2\":0.0317761458,\"3\":0.0387194221,\"4\":0.2266148652},\"6\":{\"0\":0.2687672581,\"1\":0.0009629034,\"2\":0.147305851,\"3\":0.0945328018,\"4\":0.544262207}}"}