{"source_name": "SARA_MR_DNO_H_1_3", "target_name": "Supparsi_2013_RC2", "source_damage_states": [0, 1, 2, 3, 4], "target_damage_states": [0, 1, 2, 3, 4, 5, 6], "conv_matrix": "{\"0\":{\"0\":0.0000000142,\"1\":0.0000000002,\"2\":0.0000000002,\"3\":0.0,\"4\":8.371482224e-18},\"1\":{\"0\":0.8390575508,\"1\":0.0684647252,\"2\":0.0009835028,\"3\":0.0000000031,\"4\":0.0},\"2\":{\"0\":0.1609360828,\"1\":0.3375164993,\"2\":0.0004929984,\"3\":0.0000001968,\"4\":0.0000000001},\"3\":{\"0\":0.0000063508,\"1\":0.5663829389,\"2\":0.955020346,\"3\":0.8181055589,\"4\":0.1917205127},\"4\":{\"0\":0.0000000014,\"1\":0.0276348108,\"2\":0.0434546583,\"3\":0.1614124318,\"4\":0.0827674578},\"5\":{\"0\":8.012598778e-20,\"1\":0.0000010184,\"2\":0.0000427789,\"3\":0.0139748362,\"4\":0.2024183553},\"6\":{\"0\":3.584248953e-21,\"1\":0.0000000071,\"2\":0.0000057154,\"3\":0.0065069731,\"4\":0.5230936741}}"}