{"source_name": "SARA_CR-LFM-DNO-SOS-H4-7", "target_name": "SUPPASRI2013_W3", "source_damage_states": [0, 1, 2, 3, 4], "target_damage_states": [0, 1, 2, 3, 4, 5, 6], "conv_matrix": "{\"0\":{\"0\":0.0000940429,\"1\":0.0007053606,\"2\":0.0000000058,\"3\":0.0000000005,\"4\":6.356192659e-17},\"1\":{\"0\":0.0060796726,\"1\":0.0897076294,\"2\":0.0000007303,\"3\":0.3655888274,\"4\":6.33177548e-20},\"2\":{\"0\":0.9879394423,\"1\":0.0646269457,\"2\":0.0000089776,\"3\":0.0475567709,\"4\":0.0},\"3\":{\"0\":0.0058867755,\"1\":0.4525466437,\"2\":0.2373945839,\"3\":0.4055190355,\"4\":0.0000284437},\"4\":{\"0\":0.0000000667,\"1\":0.189811606,\"2\":0.2526223957,\"3\":0.1454497609,\"4\":0.0221470394},\"5\":{\"0\":0.0,\"1\":0.0292390658,\"2\":0.1024526081,\"3\":0.0255914268,\"4\":0.2455932558},\"6\":{\"0\":0.0,\"1\":0.1733627488,\"2\":0.4075206986,\"3\":0.010294178,\"4\":0.7322312611}}"}