{"source_name": "SARA_S_LFM_H_4_7", "target_name": "SUPPARSI_2013_W3", "source_damage_states": [0, 1, 2, 3, 4], "target_damage_states": [0, 1, 2, 3, 4, 5, 6], "conv_matrix": "{\"0\":{\"0\":0.0000000007,\"1\":0.0,\"2\":0.0,\"3\":1.24181481e-20,\"4\":1.368433765e-29},\"1\":{\"0\":0.0001696128,\"1\":0.6774118789,\"2\":0.1354047537,\"3\":0.0000668375,\"4\":0.0000197833},\"2\":{\"0\":0.9997943197,\"1\":0.1210282749,\"2\":0.002673161,\"3\":0.0000014209,\"4\":0.0000000598},\"3\":{\"0\":0.0000360668,\"1\":0.2014830752,\"2\":0.8283069034,\"3\":0.2921223203,\"4\":0.1468212185},\"4\":{\"0\":0.0,\"1\":0.0000767694,\"2\":0.0327435311,\"3\":0.3346220822,\"4\":0.3123513924},\"5\":{\"0\":6.628281051e-19,\"1\":0.0000000015,\"2\":0.0003720936,\"3\":0.1318009526,\"4\":0.2495076266},\"6\":{\"0\":2.996854849e-20,\"1\":0.0000000001,\"2\":0.0004995572,\"3\":0.2413863865,\"4\":0.2912999195}}"}