{"source_name": "SARA_CR-LFM-DNO-H4-7", "target_name": "SUPPARSI2013_W2", "source_damage_states": [0, 1, 2, 3, 4], "target_damage_states": [0, 1, 2, 3, 4, 5, 6], "conv_matrix": "{\"0\":{\"0\":0.0000779737,\"1\":0.0005869216,\"2\":0.0000000046,\"3\":0.0,\"4\":0.0},\"1\":{\"0\":0.0077926773,\"1\":0.0760929198,\"2\":0.3661823206,\"3\":0.3412894989,\"4\":1.513758817e-19},\"2\":{\"0\":0.9873334911,\"1\":0.0532227997,\"2\":0.1127229628,\"3\":0.0200056478,\"4\":0.0},\"3\":{\"0\":0.0047958261,\"1\":0.3870499242,\"2\":0.4865126164,\"3\":0.4047274363,\"4\":0.0000403295},\"4\":{\"0\":0.0000000318,\"1\":0.2245641422,\"2\":0.0341241555,\"3\":0.1876184155,\"4\":0.0258886009},\"5\":{\"0\":0.0,\"1\":0.0429697064,\"2\":0.0002472216,\"3\":0.0330522938,\"4\":0.2258274752},\"6\":{\"0\":0.0,\"1\":0.2155135861,\"2\":0.0002107184,\"3\":0.0133067076,\"4\":0.7482435944}}"}