{"source_name": "SARA_CR-LFINF-DUC-H4-7", "target_name": "Supparsi2013_RC2", "source_damage_states": [0, 1, 2, 3, 4], "target_damage_states": [0, 1, 2, 3, 4, 5, 6], "conv_matrix": "{\"0\":{\"0\":0.0592643256,\"1\":0.0001840371,\"2\":0.0000016725,\"3\":0.0000001067,\"4\":0.0000000081},\"1\":{\"0\":0.2744284306,\"1\":0.0610606171,\"2\":0.0252800251,\"3\":0.0000353819,\"4\":0.0},\"2\":{\"0\":0.0812214964,\"1\":0.0485184675,\"2\":0.3910313318,\"3\":0.1069537064,\"4\":0.0000000001},\"3\":{\"0\":0.5639609697,\"1\":0.7127841244,\"2\":0.5590754498,\"3\":0.756111221,\"4\":0.2168048427},\"4\":{\"0\":0.005097816,\"1\":0.0470866709,\"2\":0.0244600662,\"3\":0.1221831259,\"4\":0.1303939998},\"5\":{\"0\":0.0005769011,\"1\":0.0230052857,\"2\":0.0001070178,\"3\":0.0102759821,\"4\":0.2793075171},\"6\":{\"0\":0.0154500605,\"1\":0.1073607973,\"2\":0.0000444369,\"3\":0.004440476,\"4\":0.3734936321}}"}