{"source_name": "SARA_MUR_ADO_H_1_2", "target_name": "SUPPARSI_2013_W3", "source_damage_states": [0, 1, 2, 3, 4], "target_damage_states": [0, 1, 2, 3, 4, 5, 6], "conv_matrix": "{\"0\":{\"0\":0.0000000007,\"1\":0.0,\"2\":0.0,\"3\":4.232070655e-25,\"4\":6.239117754e-19},\"1\":{\"0\":0.0001146338,\"1\":0.6116659654,\"2\":0.0018912867,\"3\":0.0001243584,\"4\":1.200590404e-17},\"2\":{\"0\":0.9998555563,\"1\":0.0862452718,\"2\":0.0055935694,\"3\":0.0000012831,\"4\":0.000000129},\"3\":{\"0\":0.0000298091,\"1\":0.301618917,\"2\":0.9192553947,\"3\":0.4274553594,\"4\":0.0634123503},\"4\":{\"0\":0.0,\"1\":0.0004698143,\"2\":0.0702323694,\"3\":0.4693600001,\"4\":0.2482395298},\"5\":{\"0\":8.453639932e-21,\"1\":0.0000000307,\"2\":0.0020589466,\"3\":0.0775982687,\"4\":0.2410293858},\"6\":{\"0\":9.597488661e-23,\"1\":0.0000000007,\"2\":0.0009684333,\"3\":0.0254607303,\"4\":0.4473186051}}"}