{"source_name": "SARA_W-WS-H1-2", "target_name": "Supparsi2013_RC1", "source_damage_states": [0, 1, 2, 3, 4], "target_damage_states": [0, 1, 2, 3, 4, 5, 6], "conv_matrix": "{\"0\":{\"0\":0.0362679762,\"1\":0.0000120665,\"2\":0.0000861924,\"3\":0.0000000062,\"4\":0.0000000034},\"1\":{\"0\":0.1609611941,\"1\":0.0678058109,\"2\":0.0423646409,\"3\":0.0004308318,\"4\":0.0},\"2\":{\"0\":0.0494033988,\"1\":0.5964195231,\"2\":0.0525759871,\"3\":0.1512606046,\"4\":0.000000008},\"3\":{\"0\":0.7177838078,\"1\":0.3326535303,\"2\":0.7060257258,\"3\":0.7351083827,\"4\":0.2942812511},\"4\":{\"0\":0.0085293059,\"1\":0.0030992016,\"2\":0.0546824737,\"3\":0.0955232957,\"4\":0.1590837729},\"5\":{\"0\":0.0012556718,\"1\":0.0000034593,\"2\":0.033237139,\"3\":0.0084331412,\"4\":0.253018125},\"6\":{\"0\":0.0257986454,\"1\":0.0000064083,\"2\":0.1110278412,\"3\":0.0092437379,\"4\":0.2936168396}}"}