{"source_name": "SARA_CR-LFM-DUC-H4-7", "target_name": "SUPPASRI2013_W1", "source_damage_states": [0, 1, 2, 3, 4], "target_damage_states": [0, 1, 2, 3, 4, 5, 6], "conv_matrix": "{\"0\":{\"0\":0.0411807428,\"1\":0.0000040115,\"2\":0.0000015678,\"3\":0.0,\"4\":6.888433143e-17},\"1\":{\"0\":0.000356774,\"1\":0.3169962061,\"2\":0.0954725045,\"3\":0.3289671544,\"4\":0.0027990681},\"2\":{\"0\":0.3908625238,\"1\":0.1187030775,\"2\":0.023461489,\"3\":0.0131822572,\"4\":0.0000319801},\"3\":{\"0\":0.3288028467,\"1\":0.4378018765,\"2\":0.3295444369,\"3\":0.3748350898,\"4\":0.3130311567},\"4\":{\"0\":0.0707820699,\"1\":0.0899715627,\"2\":0.2439326124,\"3\":0.1470869256,\"4\":0.2366749095},\"5\":{\"0\":0.0005115567,\"1\":0.0095879883,\"2\":0.0421047098,\"3\":0.0381932937,\"4\":0.1551041068},\"6\":{\"0\":0.1675034861,\"1\":0.0269352774,\"2\":0.2654826796,\"3\":0.0977352793,\"4\":0.2923587788}}"}