{"source_name": "SARA_CR-LFINF-DUC-H1-3", "target_name": "SUPPASRI2013_RC2", "source_damage_states": [0, 1, 2, 3, 4], "target_damage_states": [0, 1, 2, 3, 4, 5, 6], "conv_matrix": "{\"0\":{\"0\":0.0681487865,\"1\":0.0002232678,\"2\":0.0000021195,\"3\":0.0000001507,\"4\":0.0000000126},\"1\":{\"0\":0.2846837813,\"1\":0.0660640317,\"2\":0.0308168347,\"3\":0.0000472358,\"4\":0.0},\"2\":{\"0\":0.0721880981,\"1\":0.0435586756,\"2\":0.3858039979,\"3\":0.1113940228,\"4\":0.0000000004},\"3\":{\"0\":0.5542212441,\"1\":0.7106130884,\"2\":0.5574210611,\"3\":0.7488326483,\"4\":0.2124306415},\"4\":{\"0\":0.0046219842,\"1\":0.0492801078,\"2\":0.0257906262,\"3\":0.1239736505,\"4\":0.1269348189},\"5\":{\"0\":0.0006762971,\"1\":0.0252419654,\"2\":0.0001195223,\"3\":0.0112978959,\"4\":0.3014699005},\"6\":{\"0\":0.0154598087,\"1\":0.1050188633,\"2\":0.0000458383,\"3\":0.0044543961,\"4\":0.3591646262}}"}