{"source_name": "SARA_MCF-DUC-H1-3", "target_name": "SUPPARSI2013_W1", "source_damage_states": [0, 1, 2, 3, 4], "target_damage_states": [0, 1, 2, 3, 4, 5, 6], "conv_matrix": "{\"0\":{\"0\":0.0089601194,\"1\":0.0000000064,\"2\":0.0000000195,\"3\":0.0,\"4\":7.617308512e-17},\"1\":{\"0\":0.0000803117,\"1\":0.6879963253,\"2\":0.0000164708,\"3\":0.0001539367,\"4\":0.0000001751},\"2\":{\"0\":0.1742522002,\"1\":0.1312726493,\"2\":0.0022818446,\"3\":0.0001232802,\"4\":0.0000002545},\"3\":{\"0\":0.3595219143,\"1\":0.1807155146,\"2\":0.6031800737,\"3\":0.455803017,\"4\":0.1689947781},\"4\":{\"0\":0.1382104038,\"1\":0.0000155022,\"2\":0.2344984147,\"3\":0.2390907017,\"4\":0.2859909663},\"5\":{\"0\":0.0021904354,\"1\":0.0000000021,\"2\":0.0303409113,\"3\":0.0712785501,\"4\":0.1888297631},\"6\":{\"0\":0.3167846153,\"1\":0.0,\"2\":0.1296822656,\"3\":0.2335505143,\"4\":0.3561840628}}"}