{"source_name": "SARA_MUR-STRUB-H1-2", "target_name": "SUPPASRI2013_RC1", "source_damage_states": [0, 1, 2, 3, 4], "target_damage_states": [0, 1, 2, 3, 4, 5, 6], "conv_matrix": "{\"0\":{\"0\":0.0198482553,\"1\":0.000044876,\"2\":0.0000052989,\"3\":0.0000001923,\"4\":0.0000000048},\"1\":{\"0\":0.0703829303,\"1\":0.2309545936,\"2\":0.0016119075,\"3\":0.0000110905,\"4\":0.0},\"2\":{\"0\":0.0188390613,\"1\":0.4468648548,\"2\":0.1519582562,\"3\":0.0511941382,\"4\":0.0000000258},\"3\":{\"0\":0.8068310407,\"1\":0.3202338847,\"2\":0.7252463367,\"3\":0.6950284969,\"4\":0.2719928414},\"4\":{\"0\":0.0144887536,\"1\":0.0019017574,\"2\":0.0503780531,\"3\":0.1324720366,\"4\":0.1438790873},\"5\":{\"0\":0.0042353786,\"1\":0.0000000247,\"2\":0.0144923982,\"3\":0.0422989478,\"4\":0.2906079912},\"6\":{\"0\":0.0653745804,\"1\":0.0000000088,\"2\":0.0563077494,\"3\":0.0789950976,\"4\":0.2935200495}}"}