{"source_name": "SARA_CR_LFLS_DUC_H_4_7", "target_name": "Supparsi_2013_RC2", "source_damage_states": [0, 1, 2, 3, 4], "target_damage_states": [0, 1, 2, 3, 4, 5, 6], "conv_matrix": "{\"0\":{\"0\":0.0000000017,\"1\":0.0000000003,\"2\":0.0,\"3\":2.081765331e-23,\"4\":8.535485191e-28},\"1\":{\"0\":0.6135239742,\"1\":0.0243158874,\"2\":0.0399042276,\"3\":0.0000000002,\"4\":0.0},\"2\":{\"0\":0.3863827057,\"1\":0.0225161354,\"2\":0.3018013459,\"3\":0.0000000202,\"4\":0.0},\"3\":{\"0\":0.0000932646,\"1\":0.7017498313,\"2\":0.62748988,\"3\":0.7119524201,\"4\":0.0366014418},\"4\":{\"0\":0.0000000538,\"1\":0.0386605572,\"2\":0.0308034099,\"3\":0.2365948021,\"4\":0.0252306706},\"5\":{\"0\":3.416832696e-17,\"1\":0.0204964196,\"2\":0.0000011194,\"3\":0.0417436084,\"4\":0.3493373064},\"6\":{\"0\":2.05297476e-18,\"1\":0.1922611687,\"2\":0.0000000172,\"3\":0.009709149,\"4\":0.5888305812}}"}