{"source_name": "SARA_MUR_H1", "target_name": "Supparsi_2013_RC2", "source_damage_states": [0, 1, 2, 3, 4], "target_damage_states": [0, 1, 2, 3, 4, 5, 6], "conv_matrix": "{\"0\":{\"0\":0.0000000535,\"1\":0.0000000003,\"2\":0.0000000001,\"3\":0.0,\"4\":5.349588187e-22},\"1\":{\"0\":0.7307340359,\"1\":0.1206200166,\"2\":0.0119186717,\"3\":0.000000183,\"4\":0.0000000002},\"2\":{\"0\":0.1512316546,\"1\":0.6463844917,\"2\":0.0240017611,\"3\":0.0000011979,\"4\":0.0000002701},\"3\":{\"0\":0.1178643701,\"1\":0.2287832863,\"2\":0.9217704128,\"3\":0.5772731531,\"4\":0.3685067529},\"4\":{\"0\":0.0001698858,\"1\":0.0042122044,\"2\":0.0422301934,\"3\":0.1086202929,\"4\":0.162231599},\"5\":{\"0\":0.0000000001,\"1\":0.0000000006,\"2\":0.0000309892,\"3\":0.0635396504,\"4\":0.2092604001},\"6\":{\"0\":0.0000000001,\"1\":0.0,\"2\":0.0000479716,\"3\":0.2505655227,\"4\":0.2600009777}}"}