{"source_name": "SARA_CR-LFINF-DUC-H4-7", "target_name": "SUPPARSI2013_S1", "source_damage_states": [0, 1, 2, 3, 4], "target_damage_states": [0, 1, 2, 3, 4, 5, 6], "conv_matrix": "{\"0\":{\"0\":0.0422071341,\"1\":0.0000293194,\"2\":0.0000000028,\"3\":0.0000000002,\"4\":0.0},\"1\":{\"0\":0.000381508,\"1\":0.0975861987,\"2\":0.5204215027,\"3\":0.2274998168,\"4\":0.0},\"2\":{\"0\":0.4172133925,\"1\":0.0843176901,\"2\":0.0672459329,\"3\":0.0072075072,\"4\":0.0},\"3\":{\"0\":0.3341935374,\"1\":0.421431988,\"2\":0.3880786182,\"3\":0.4781429179,\"4\":0.0073837992},\"4\":{\"0\":0.0641349835,\"1\":0.1865055353,\"2\":0.0236860487,\"3\":0.2480022364,\"4\":0.1738170044},\"5\":{\"0\":0.000431605,\"1\":0.0282813137,\"2\":0.0002113921,\"3\":0.0236154592,\"4\":0.239498328},\"6\":{\"0\":0.1414378395,\"1\":0.1818479548,\"2\":0.0003565026,\"3\":0.0155320622,\"4\":0.5793008684}}"}