{"source_name": "SUPPASRI2013_RC2", "target_name": "HAZUS_PC2M", "source_damage_states": [0, 1, 2, 3, 4, 5, 6], "target_damage_states": [0, 1, 2, 3, 4], "conv_matrix": "{\"0\":{\"0\":0.0179146319,\"1\":0.0885933917,\"2\":0.0077200532,\"3\":0.0001148031,\"4\":0.0000009546,\"5\":0.0,\"6\":0.0},\"1\":{\"0\":0.4259308339,\"1\":0.5463230839,\"2\":0.0593534394,\"3\":0.0764166191,\"4\":0.0056366904,\"5\":0.0000003165,\"6\":0.0000000315},\"2\":{\"0\":0.5550777455,\"1\":0.0000283637,\"2\":0.000009941,\"3\":0.3342724156,\"4\":0.297663782,\"5\":0.3998693113,\"6\":0.6929634536},\"3\":{\"0\":0.0010765878,\"1\":0.3650549916,\"2\":0.9327709699,\"3\":0.4844143732,\"4\":0.397638372,\"5\":0.060821862,\"6\":0.012099085},\"4\":{\"0\":0.000000201,\"1\":0.0000001691,\"2\":0.0001455964,\"3\":0.1047817891,\"4\":0.2990602011,\"5\":0.5393085102,\"6\":0.29493743}}"}