{"source_name": "SUPPARSI_2013_S2", "target_name": "SARA_CR_LDUAL_DUC_H_8_19", "source_damage_states": [0, 1, 2, 3, 4, 5, 6], "target_damage_states": [0, 1, 2, 3, 4], "conv_matrix": "{\"0\":{\"0\":0.6739583105,\"1\":0.0000004179,\"2\":0.0241342924,\"3\":0.0000000541,\"4\":0.0,\"5\":8.669456302e-23,\"6\":6.265561334e-25},\"1\":{\"0\":0.2915928115,\"1\":0.0017263402,\"2\":0.4088907242,\"3\":0.1935483718,\"4\":0.0616375807,\"5\":0.0138851478,\"6\":0.0593980411},\"2\":{\"0\":0.0344488781,\"1\":0.9982683544,\"2\":0.5668959166,\"3\":0.5095260295,\"4\":0.0422438998,\"5\":0.000853778,\"6\":0.0000221846},\"3\":{\"0\":3.590148963e-16,\"1\":0.0000004031,\"2\":0.0000129736,\"3\":0.2333873563,\"4\":0.6398002653,\"5\":0.582759741,\"6\":0.645521959},\"4\":{\"0\":1.6400345e-16,\"1\":0.0000044845,\"2\":0.0000660933,\"3\":0.0635381883,\"4\":0.2563182542,\"5\":0.4025013333,\"6\":0.2950578152}}"}