{"source_name": "Supparsi2013_RC2", "target_name": "SARA_CR-LWAL-DUC-H4-7", "source_damage_states": [0, 1, 2, 3, 4, 5, 6], "target_damage_states": [0, 1, 2, 3, 4], "conv_matrix": "{\"0\":{\"0\":0.8114015703,\"1\":0.0546809777,\"2\":0.003150915,\"3\":0.0039027584,\"4\":0.0002778839,\"5\":0.0000459132,\"6\":0.0006772355},\"1\":{\"0\":0.1869498609,\"1\":0.8927436816,\"2\":0.2373495521,\"3\":0.3537560028,\"4\":0.1697080084,\"5\":0.1161704796,\"6\":0.318447561},\"2\":{\"0\":0.0015984355,\"1\":0.0498716221,\"2\":0.3267825686,\"3\":0.1777422401,\"4\":0.1214831858,\"5\":0.0603636324,\"6\":0.1128771849},\"3\":{\"0\":0.0000481768,\"1\":0.0014322214,\"2\":0.0555386825,\"3\":0.1637596459,\"4\":0.1958743377,\"5\":0.250497902,\"6\":0.2641987376},\"4\":{\"0\":0.0000019564,\"1\":0.0012714972,\"2\":0.3771782819,\"3\":0.3008393529,\"4\":0.5126565843,\"5\":0.5729220727,\"6\":0.303799281}}"}