{"source_name": "SUPPARSI2013_BRICK", "target_name": "SARA_CR-LFLS-DUC-H1-3", "source_damage_states": [0, 1, 2, 3, 4, 5, 6], "target_damage_states": [0, 1, 2, 3, 4], "conv_matrix": "{\"0\":{\"0\":0.9927713706,\"1\":0.0000073543,\"2\":0.038252675,\"3\":0.0054892251,\"4\":0.0044116911,\"5\":0.0002276106,\"6\":0.0193265838},\"1\":{\"0\":0.0071668224,\"1\":0.2431231633,\"2\":0.7036649549,\"3\":0.2525758872,\"4\":0.1187107421,\"5\":0.0110151105,\"6\":0.0664817504},\"2\":{\"0\":0.0000617985,\"1\":0.1572400216,\"2\":0.1178376209,\"3\":0.2804568498,\"4\":0.3670652964,\"5\":0.2902001405,\"6\":0.4259249556},\"3\":{\"0\":0.0000000085,\"1\":0.5828709182,\"2\":0.1400604238,\"3\":0.3339737336,\"4\":0.2933153296,\"5\":0.2118967534,\"6\":0.1773847726},\"4\":{\"0\":0.0,\"1\":0.0167585426,\"2\":0.0001843255,\"3\":0.1275043043,\"4\":0.2164969408,\"5\":0.486660385,\"6\":0.3108819376}}"}