{"source_name": "SUPPARSI2013_S3", "target_name": "HAZUS_C3L", "source_damage_states": [0, 1, 2, 3, 4, 5, 6], "target_damage_states": [0, 1, 2, 3, 4], "conv_matrix": "{\"0\":{\"0\":0.2348491896,\"1\":0.0000073971,\"2\":0.0376957363,\"3\":0.0013098429,\"4\":0.000007492,\"5\":0.0000000125,\"6\":0.0000002002},\"1\":{\"0\":0.7651474729,\"1\":0.1927794533,\"2\":0.6402381773,\"3\":0.369433074,\"4\":0.4195091682,\"5\":0.2605279032,\"6\":0.5060080793},\"2\":{\"0\":0.0000033374,\"1\":0.2234912047,\"2\":0.2473050954,\"3\":0.1827375332,\"4\":0.0625381595,\"5\":0.0106293942,\"6\":0.0073989718},\"3\":{\"0\":0.0000000001,\"1\":0.5837219449,\"2\":0.0747609908,\"3\":0.4437998826,\"4\":0.380491036,\"5\":0.1313240939,\"6\":0.0268736201},\"4\":{\"0\":0.0,\"1\":0.0,\"2\":0.0000000001,\"3\":0.0027196673,\"4\":0.1374541444,\"5\":0.5975185962,\"6\":0.4597191285}}"}