{"source_schema": "SUPPASRI2013_v2.0", "source_taxonomy": "RC1", "target_schema": "SARA_v1.0", "target_taxonomy": "CR-LFM-DNO-H1-3", "source_damage_states": [0, 1, 2, 3, 4, 5, 6], "target_damage_states": [0, 1, 2, 3, 4], "conv_matrix": {"0": {"0": 0.0231029776, "1": 0.1379035276, "2": 0.0227590631, "3": 0.0001168574, "4": 9.093e-07, "5": 0.0, "6": 0.0}, "1": {"0": 0.9754273924, "1": 0.8107697497, "2": 0.2100491911, "3": 0.3578878373, "4": 0.1706488, "5": 0.124342841, "6": 0.3552911732}, "2": {"0": 0.0006308099, "1": 1.847e-07, "2": 5.079e-07, "3": 0.088175856, "4": 0.1152324821, "5": 0.129539009, "6": 0.1942788817}, "3": {"0": 0.0008366803, "1": 0.051326538, "2": 0.7671912379, "3": 0.5366301511, "4": 0.6421884269, "5": 0.1556098507, "6": 0.0208537011}, "4": {"0": 2.1399e-06, "1": 0.0, "2": 0.0, "3": 0.0171892982, "4": 0.0719293817, "5": 0.5905082993, "6": 0.4295762441}}}