{"source_schema": "SUPPASRI2013_v2.0", "source_taxonomy": "RC2", "target_schema": "SARA_v1.0", "target_taxonomy": "S-LFM-H4-7", "source_damage_states": [0, 1, 2, 3, 4, 5, 6], "target_damage_states": [0, 1, 2, 3, 4], "conv_matrix": {"0": {"0": 0.9070626585, "1": 0.0398518678, "2": 0.0026072384, "3": 0.0115953038, "4": 0.0012233424, "5": 0.0002979014, "6": 0.0036106743}, "1": {"0": 0.0104587027, "1": 0.5531746619, "2": 0.7070381599, "3": 0.0479899141, "4": 0.0031164188, "5": 6.99e-08, "6": 3.4e-09}, "2": {"0": 0.0824767356, "1": 0.4059526473, "2": 0.1122952349, "3": 0.4999388537, "4": 0.2681526716, "5": 0.1928513513, "6": 0.4917819867}, "3": {"0": 1.8212e-06, "1": 0.0010208229, "2": 0.1780593666, "3": 0.3998664331, "4": 0.5087677678, "5": 0.1236410551, "6": 0.0976865081}, "4": {"0": 8.19e-08, "1": 0.0, "2": 2e-10, "3": 0.0406094954, "4": 0.2187397994, "5": 0.6832096222, "6": 0.4069208275}}}