{"source_name": "SUPPASRI2013_S3", "target_name": "HAZUS_S2L", "source_damage_states": [0, 1, 2, 3, 4, 5, 6], "target_damage_states": [0, 1, 2, 3, 4], "conv_matrix": "{\"0\":{\"0\":0.9999769551,\"1\":0.000007737,\"2\":0.0825953611,\"3\":0.0367296401,\"4\":0.0371709638,\"5\":0.0023969458,\"6\":0.0740020105},\"1\":{\"0\":0.0000108724,\"1\":0.6772561478,\"2\":0.8830210614,\"3\":0.1258091157,\"4\":0.0000138157,\"5\":0.0000000002,\"6\":0.0},\"2\":{\"0\":0.0000121725,\"1\":0.0093995526,\"2\":0.0304590639,\"3\":0.3758308103,\"4\":0.3519946694,\"5\":0.1326677694,\"6\":0.3799728581},\"3\":{\"0\":0.0,\"1\":0.313336562,\"2\":0.0039245118,\"3\":0.4498997942,\"4\":0.4443628132,\"5\":0.328303133,\"6\":0.2118057423},\"4\":{\"0\":0.0,\"1\":0.0000000005,\"2\":0.0000000018,\"3\":0.0117306397,\"4\":0.1664577379,\"5\":0.5366321517,\"6\":0.3342193892}}"}