{"source_schema": "SUPPASRI2013_v2.0", "source_taxonomy": "RC2", "target_schema": "SARA_v1.0", "target_taxonomy": "CR-LFM-DNO-H4-7", "source_damage_states": [0, 1, 2, 3, 4, 5, 6], "target_damage_states": [0, 1, 2, 3, 4], "conv_matrix": {"0": {"0": 0.0226804438, "1": 0.1116842689, "2": 0.0164943694, "3": 0.0001117514, "4": 8.72e-07, "5": 0.0, "6": 0.0}, "1": {"0": 0.9753581932, "1": 0.6387754218, "2": 0.0762988619, "3": 0.3809874757, "4": 0.2478204099, "5": 0.2413722088, "6": 0.5341050635}, "2": {"0": 0.0019088013, "1": 0.2413352552, "2": 0.3273531788, "3": 0.1505004973, "4": 0.0565249845, "5": 0.0006489739, "6": 0.0002180682}, "3": {"0": 5.00468e-05, "1": 0.0082050541, "2": 0.5798535899, "3": 0.4502831167, "4": 0.6213730869, "5": 0.1555748163, "6": 0.0208395069}, "4": {"0": 2.515e-06, "1": 0.0, "2": 0.0, "3": 0.018117159, "4": 0.0742806466, "5": 0.6024040011, "6": 0.4448373614}}}