{"source_name": "SUPPASRI2013_W3", "target_name": "SARA_W-WHE-H1-3", "source_damage_states": [0, 1, 2, 3, 4, 5, 6], "target_damage_states": [0, 1, 2, 3, 4], "conv_matrix": "{\"0\":{\"0\":0.9999760166,\"1\":0.0000077335,\"2\":0.0788240818,\"3\":0.0336346587,\"4\":0.0279563991,\"5\":0.0021236626,\"6\":0.0760610559},\"1\":{\"0\":0.0000239478,\"1\":0.017475823,\"2\":0.4836272535,\"3\":0.0557523847,\"4\":0.0017124937,\"5\":0.0000015117,\"6\":0.0000005442},\"2\":{\"0\":0.000000004,\"1\":0.9823802251,\"2\":0.4375235538,\"3\":0.5116024629,\"4\":0.0089519226,\"5\":0.0000245527,\"6\":0.0000035709},\"3\":{\"0\":0.0000000316,\"1\":0.000136218,\"2\":0.0000250998,\"3\":0.384139203,\"4\":0.7648026473,\"5\":0.4148993319,\"6\":0.5096739838},\"4\":{\"0\":0.0,\"1\":0.0000000004,\"2\":0.0000000111,\"3\":0.0148712907,\"4\":0.1965765374,\"5\":0.5829509411,\"6\":0.4142608452}}"}