{"source_name": "Supparsi_2013_RC1", "target_name": "SARA_CR_PC_LWAL_DUC_H_1_3", "source_damage_states": [0, 1, 2, 3, 4, 5, 6], "target_damage_states": [0, 1, 2, 3, 4], "conv_matrix": "{\"0\":{\"0\":0.104193333,\"1\":0.0245197026,\"2\":0.0014242921,\"3\":0.0000000273,\"4\":0.0000000001,\"5\":4.765153241e-19,\"6\":3.625363369e-20},\"1\":{\"0\":0.4316120676,\"1\":0.7000090801,\"2\":0.557343747,\"3\":0.0075992047,\"4\":0.000523383,\"5\":0.0,\"6\":0.0},\"2\":{\"0\":0.46417309,\"1\":0.2754691433,\"2\":0.4410938384,\"3\":0.4320053382,\"4\":0.1019892996,\"5\":0.0000012424,\"6\":0.0000001814},\"3\":{\"0\":0.0000215092,\"1\":0.0000017411,\"2\":0.0000530398,\"3\":0.3742313111,\"4\":0.3872915155,\"5\":0.2476261177,\"6\":0.5391609879},\"4\":{\"0\":0.0000000002,\"1\":0.0000003329,\"2\":0.0000850826,\"3\":0.1861641187,\"4\":0.5101958019,\"5\":0.7523726399,\"6\":0.4608388307}}"}