{"source_name": "SUPPASRI2013_W2", "target_name": "SARA_MUR-H1", "source_damage_states": [0, 1, 2, 3, 4, 5, 6], "target_damage_states": [0, 1, 2, 3, 4], "conv_matrix": "{\"0\":{\"0\":0.9978659078,\"1\":0.0000073635,\"2\":0.0383277888,\"3\":0.0130409011,\"4\":0.0093938557,\"5\":0.0003106328,\"6\":0.0223340358},\"1\":{\"0\":0.0021278354,\"1\":0.5201439812,\"2\":0.8864555478,\"3\":0.3432835744,\"4\":0.0547322074,\"5\":0.0014401943,\"6\":0.0020643943},\"2\":{\"0\":0.0000062518,\"1\":0.2694959337,\"2\":0.0589079657,\"3\":0.3304710868,\"4\":0.4311438636,\"5\":0.2114589685,\"6\":0.332310424},\"3\":{\"0\":0.000000005,\"1\":0.2103527216,\"2\":0.016308697,\"3\":0.308782084,\"4\":0.3445972975,\"5\":0.2084556194,\"6\":0.1725053897},\"4\":{\"0\":0.0,\"1\":0.0,\"2\":0.0000000007,\"3\":0.0044223536,\"4\":0.1601327758,\"5\":0.578334585,\"6\":0.4707857562}}"}