{"source_name": "Supparsi_2013_RC1", "target_name": "SARA_CR_LWAL_DUC_H_4_7", "source_damage_states": [0, 1, 2, 3, 4, 5, 6], "target_damage_states": [0, 1, 2, 3, 4], "conv_matrix": "{\"0\":{\"0\":0.1028943591,\"1\":0.0221529611,\"2\":0.0008882541,\"3\":0.0000000109,\"4\":0.0,\"5\":1.010710573e-19,\"6\":7.668661598e-21},\"1\":{\"0\":0.4319807599,\"1\":0.6878919225,\"2\":0.5208291654,\"3\":0.0063342088,\"4\":0.0004048493,\"5\":0.0,\"6\":0.0},\"2\":{\"0\":0.4646465445,\"1\":0.2899519503,\"2\":0.478281711,\"3\":0.5070782233,\"4\":0.1658631952,\"5\":0.0000049771,\"6\":0.0000000374},\"3\":{\"0\":0.0004783364,\"1\":0.0000031661,\"2\":0.0000008695,\"3\":0.4722461311,\"4\":0.791271487,\"5\":0.2905077986,\"6\":0.3593368259},\"4\":{\"0\":0.0000000001,\"1\":0.0,\"2\":0.0,\"3\":0.0143414259,\"4\":0.0424604684,\"5\":0.7094872243,\"6\":0.6406631367}}"}