{"source_name": "Supparsi_2013_RC1", "target_name": "SARA_CR_LWAL_DUC_H_8_19", "source_damage_states": [0, 1, 2, 3, 4, 5, 6], "target_damage_states": [0, 1, 2, 3, 4], "conv_matrix": "{\"0\":{\"0\":0.1251578421,\"1\":0.0784854221,\"2\":0.0043719175,\"3\":0.0000002567,\"4\":0.0000000011,\"5\":2.483747357e-18,\"6\":1.730945927e-19},\"1\":{\"0\":0.5944283841,\"1\":0.8125127215,\"2\":0.9479774536,\"3\":0.0824630617,\"4\":0.0115632073,\"5\":0.0000000017,\"6\":0.0},\"2\":{\"0\":0.2803999933,\"1\":0.1090005385,\"2\":0.0467012062,\"3\":0.4137820313,\"4\":0.1085008739,\"5\":0.0000178327,\"6\":0.0000021392},\"3\":{\"0\":0.0000137803,\"1\":0.0000001071,\"2\":0.000000093,\"3\":0.260364627,\"4\":0.3203710046,\"5\":0.2491072088,\"6\":0.544212565},\"4\":{\"0\":0.0000000002,\"1\":0.0000012108,\"2\":0.0009493297,\"3\":0.2433900233,\"4\":0.5595649132,\"5\":0.7508749568,\"6\":0.4557852958}}"}