{"source_name": "SUPPASRI2013_RC1", "target_name": "SARA_MUR-H1", "source_damage_states": [0, 1, 2, 3, 4, 5, 6], "target_damage_states": [0, 1, 2, 3, 4], "conv_matrix": "{\"0\":{\"0\":0.9146552246,\"1\":0.0412565195,\"2\":0.0022195296,\"3\":0.0146349293,\"4\":0.0016952904,\"5\":0.0005169169,\"6\":0.0057335692},\"1\":{\"0\":0.082753907,\"1\":0.9567242378,\"2\":0.6059914421,\"3\":0.2900061884,\"4\":0.0533487675,\"5\":0.0003157737,\"6\":0.0003951877},\"2\":{\"0\":0.0024598361,\"1\":0.0018120755,\"2\":0.2087490484,\"3\":0.3640155631,\"4\":0.3038414164,\"5\":0.1507409435,\"6\":0.3526635471},\"3\":{\"0\":0.0001260148,\"1\":0.0002071672,\"2\":0.1830399786,\"3\":0.2807888334,\"4\":0.4289421001,\"5\":0.1572045171,\"6\":0.1742600647},\"4\":{\"0\":0.0000050175,\"1\":0.0,\"2\":0.0000000014,\"3\":0.0505544858,\"4\":0.2121724256,\"5\":0.6912218489,\"6\":0.4669476312}}"}