{"source_name": "SUPPASRI2013_RC3", "target_name": "SARA_CR-LFM-DNO-H4-7", "source_damage_states": [0, 1, 2, 3, 4, 5, 6], "target_damage_states": [0, 1, 2, 3, 4], "conv_matrix": "{\"0\":{\"0\":0.0018578416,\"1\":0.0001586735,\"2\":0.0953316227,\"3\":0.0000591823,\"4\":0.0000000009,\"5\":0.0,\"6\":3.159357884e-16},\"1\":{\"0\":0.9981385058,\"1\":0.1107332944,\"2\":0.3675813966,\"3\":0.3407916234,\"4\":0.4583604859,\"5\":0.3008675683,\"6\":0.511543976},\"2\":{\"0\":0.0000036353,\"1\":0.2451562484,\"2\":0.3580871609,\"3\":0.1970813702,\"4\":0.0320389816,\"5\":0.0007964743,\"6\":0.0002299683},\"3\":{\"0\":0.0000000173,\"1\":0.6439517837,\"2\":0.1789998198,\"3\":0.4620588871,\"4\":0.4962905752,\"5\":0.3000538531,\"6\":0.0409308334},\"4\":{\"0\":0.0,\"1\":5.542518987e-20,\"2\":0.0,\"3\":0.000008937,\"4\":0.0133099564,\"5\":0.3982821043,\"6\":0.4472952223}}"}