{"source_name": "SUPPARSI_2013_S2", "target_name": "SARA_W_WS_H_1_2", "source_damage_states": [0, 1, 2, 3, 4, 5, 6], "target_damage_states": [0, 1, 2, 3, 4], "conv_matrix": "{\"0\":{\"0\":0.6946294282,\"1\":0.000000436,\"2\":0.0251577194,\"3\":0.0000002058,\"4\":0.0,\"5\":5.680721166e-19,\"6\":1.658958839e-20},\"1\":{\"0\":0.3052270683,\"1\":0.8481523702,\"2\":0.9741449205,\"3\":0.2303025941,\"4\":0.0003361165,\"5\":0.0000000415,\"6\":0.0000000083},\"2\":{\"0\":0.0001432831,\"1\":0.1518471801,\"2\":0.0006936885,\"3\":0.5632834895,\"4\":0.0491384795,\"5\":0.0002148263,\"6\":0.0000195186},\"3\":{\"0\":0.0000002204,\"1\":0.0000000002,\"2\":0.0000022177,\"3\":0.1595988667,\"4\":0.6906723209,\"5\":0.5971281198,\"6\":0.7049497759},\"4\":{\"0\":2.093555171e-17,\"1\":0.0000000135,\"2\":0.0000014539,\"3\":0.0468148439,\"4\":0.259853083,\"5\":0.4026570125,\"6\":0.2950306972}}"}