{"source_name": "SUPPARSI2013_W3", "target_name": "HAZUS_S3", "source_damage_states": [0, 1, 2, 3, 4, 5, 6], "target_damage_states": [0, 1, 2, 3, 4], "conv_matrix": "{\"0\":{\"0\":0.9953172146,\"1\":0.0000073887,\"2\":0.0423922081,\"3\":0.0106475379,\"4\":0.0054167748,\"5\":0.0001660825,\"6\":0.0137061646},\"1\":{\"0\":0.0000448253,\"1\":0.4075785127,\"2\":0.6530349786,\"3\":0.0661872162,\"4\":0.0000346103,\"5\":0.0000000019,\"6\":0.0000000001},\"2\":{\"0\":0.0046379601,\"1\":0.2095208777,\"2\":0.2999393429,\"3\":0.5121817816,\"4\":0.4650465606,\"5\":0.232460317,\"6\":0.4895076145},\"3\":{\"0\":0.0,\"1\":0.3828932208,\"2\":0.00463347,\"3\":0.4071041931,\"4\":0.3837242956,\"5\":0.1886146028,\"6\":0.0950551768},\"4\":{\"0\":0.0,\"1\":0.0000000001,\"2\":0.0000000003,\"3\":0.0038792713,\"4\":0.1457777587,\"5\":0.5787589958,\"6\":0.401731044}}"}