{"source_name": "Supparsi2013_RC1", "target_name": "SARA_CR-PC-LWAL-DUC-H1-3", "source_damage_states": [0, 1, 2, 3, 4, 5, 6], "target_damage_states": [0, 1, 2, 3, 4], "conv_matrix": "{\"0\":{\"0\":0.0200758466,\"1\":0.0938891551,\"2\":0.0085228732,\"3\":0.0001289982,\"4\":0.0000012654,\"5\":0.0,\"6\":0.0},\"1\":{\"0\":0.4494403886,\"1\":0.5583532523,\"2\":0.0657434643,\"3\":0.0793690175,\"4\":0.0059137648,\"5\":0.0000003554,\"6\":0.0000000323},\"2\":{\"0\":0.5294774282,\"1\":0.0000229868,\"2\":0.0000065241,\"3\":0.3302055335,\"4\":0.2919155754,\"5\":0.3974750402,\"6\":0.6897663407},\"3\":{\"0\":0.0010061947,\"1\":0.3477345193,\"2\":0.9256551677,\"3\":0.4874744157,\"4\":0.3946990007,\"5\":0.0601454766,\"6\":0.0117126949},\"4\":{\"0\":0.0000001419,\"1\":0.0000000865,\"2\":0.0000719707,\"3\":0.1028220352,\"4\":0.3074703936,\"5\":0.5423791278,\"6\":0.298520932}}"}