{"source_name": "SUPPASRI2013_BRICK", "target_name": "HAZUS_PC2L", "source_damage_states": [0, 1, 2, 3, 4, 5, 6], "target_damage_states": [0, 1, 2, 3, 4], "conv_matrix": "{\"0\":{\"0\":0.0018250067,\"1\":0.0001031851,\"2\":0.0795071981,\"3\":0.000074738,\"4\":0.0000000091,\"5\":0.0,\"6\":0.0},\"1\":{\"0\":0.2000273169,\"1\":0.0737290066,\"2\":0.3907255629,\"3\":0.0993283165,\"4\":0.0001637611,\"5\":0.0000000096,\"6\":0.0000000001},\"2\":{\"0\":0.7981462765,\"1\":0.0000052243,\"2\":0.0007334278,\"3\":0.2948199863,\"4\":0.5084239955,\"5\":0.4132184579,\"6\":0.6713972829},\"3\":{\"0\":0.0000013999,\"1\":0.9260367529,\"2\":0.5289687164,\"3\":0.4925048223,\"4\":0.2971407194,\"5\":0.1283668581,\"6\":0.0191929819},\"4\":{\"0\":0.0,\"1\":0.000125831,\"2\":0.0000650948,\"3\":0.1132721369,\"4\":0.1942715149,\"5\":0.4584146744,\"6\":0.3094097351}}"}