{"source_schema": "SUPPASRI2013_v2.0", "source_taxonomy": "W2", "target_schema": "HAZUS_v1.0", "target_taxonomy": "PC2M", "source_damage_states": [0, 1, 2, 3, 4, 5, 6], "target_damage_states": [0, 1, 2, 3, 4], "conv_matrix": {"0": {"0": 0.0018411163, "1": 0.0001006147, "2": 0.0783363213, "3": 7.66337e-05, "4": 1.25e-08, "5": 0.0, "6": 0.0}, "1": {"0": 0.202490579, "1": 0.1082138224, "2": 0.3915833497, "3": 0.1753021251, "4": 0.0009556583, "5": 4.578e-07, "6": 5.2e-09}, "2": {"0": 0.7956668889, "1": 4.2e-09, "2": 0.0001822541, "3": 0.2219562693, "4": 0.4940899063, "5": 0.4113440743, "6": 0.6689039422}, "3": {"0": 1.4159e-06, "1": 0.8598747452, "2": 0.5291682155, "3": 0.473789411, "4": 0.3110501195, "5": 0.1304412922, "6": 0.0227033433}, "4": {"0": 0.0, "1": 0.0318108135, "2": 0.0007298594, "3": 0.1288755608, "4": 0.1939043034, "5": 0.4582141756, "6": 0.3083927093}}}