{"source_schema": "SUPPASRI2013_v2.0", "source_taxonomy": "W3", "target_schema": "HAZUS_v1.0", "target_taxonomy": "C3H", "source_damage_states": [0, 1, 2, 3, 4, 5, 6], "target_damage_states": [0, 1, 2, 3, 4], "conv_matrix": {"0": {"0": 0.1047796646, "1": 7.3734e-06, "2": 0.0349802464, "3": 0.0006164058, "4": 8.258e-07, "5": 1e-09, "6": 1.59e-08}, "1": {"0": 0.8952170508, "1": 0.1407637389, "2": 0.5833155562, "3": 0.3718728453, "4": 0.4492174811, "5": 0.2634589522, "6": 0.5057696663}, "2": {"0": 3.2837e-06, "1": 0.3707019646, "2": 0.327640064, "3": 0.212662613, "4": 0.027438437, "5": 0.0005589591, "6": 0.0004129337}, "3": {"0": 9e-10, "1": 0.4885269231, "2": 0.0540641332, "3": 0.4121670284, "4": 0.3861427546, "5": 0.1315121701, "6": 0.0267120404}, "4": {"0": 0.0, "1": 0.0, "2": 1e-10, "3": 0.0026811075, "4": 0.1372005014, "5": 0.6044699177, "6": 0.4671053437}}}