{"source_name": "SUPPASRI2013_RC1", "target_name": "SARA_CR-LWAL-DNO-H4-7", "source_damage_states": [0, 1, 2, 3, 4, 5, 6], "target_damage_states": [0, 1, 2, 3, 4], "conv_matrix": "{\"0\":{\"0\":0.2733741354,\"1\":0.9221866734,\"2\":0.21146253,\"3\":0.0556543213,\"4\":0.004137414,\"5\":0.0000000461,\"6\":0.0000000026},\"1\":{\"0\":0.7216796068,\"1\":0.0174167001,\"2\":0.0113490283,\"3\":0.2602059439,\"4\":0.1100706721,\"5\":0.052472867,\"6\":0.1722260841},\"2\":{\"0\":0.0048113313,\"1\":0.0001363682,\"2\":0.0003871948,\"3\":0.1514707186,\"4\":0.1859905247,\"5\":0.246703454,\"6\":0.4374547963},\"3\":{\"0\":0.000134786,\"1\":0.0602602583,\"2\":0.776801247,\"3\":0.5215133163,\"4\":0.6439144762,\"5\":0.1541334736,\"6\":0.022733123},\"4\":{\"0\":0.0000001404,\"1\":0.0,\"2\":0.0,\"3\":0.0111556998,\"4\":0.055886913,\"5\":0.5466901594,\"6\":0.367585994}}"}