{"source_name": "SUPPASRI2013_W3", "target_name": "SARA_CR-PC-LWAL-DUC-H1-3", "source_damage_states": [0, 1, 2, 3, 4, 5, 6], "target_damage_states": [0, 1, 2, 3, 4], "conv_matrix": "{\"0\":{\"0\":0.0018199268,\"1\":0.0001029972,\"2\":0.0796902244,\"3\":0.0000849164,\"4\":0.0000000145,\"5\":0.0,\"6\":0.0},\"1\":{\"0\":0.2008038231,\"1\":0.0724197772,\"2\":0.3919556302,\"3\":0.1047928317,\"4\":0.0001905055,\"5\":0.0000000128,\"6\":0.0000000003},\"2\":{\"0\":0.7973748566,\"1\":0.0000063754,\"2\":0.0006470511,\"3\":0.288710977,\"4\":0.5090582283,\"5\":0.41337606,\"6\":0.6715434637},\"3\":{\"0\":0.0000013935,\"1\":0.9273317502,\"2\":0.5276543181,\"3\":0.4970327893,\"4\":0.2963353093,\"5\":0.1277749924,\"6\":0.0190941034},\"4\":{\"0\":0.0,\"1\":0.0001391,\"2\":0.0000527762,\"3\":0.1093784856,\"4\":0.1944159424,\"5\":0.4588489347,\"6\":0.3093624325}}"}