{"source_name": "SUPPARSI_2013_W2", "target_name": "SARA_W_WHE_H_1_3", "source_damage_states": [0, 1, 2, 3, 4, 5, 6], "target_damage_states": [0, 1, 2, 3, 4], "conv_matrix": "{\"0\":{\"0\":0.6879986539,\"1\":0.0000004264,\"2\":0.0246609468,\"3\":0.000000069,\"4\":0.0,\"5\":1.342802065e-19,\"6\":1.114080716e-20},\"1\":{\"0\":0.3117139535,\"1\":0.091466644,\"2\":0.7964911844,\"3\":0.0099079098,\"4\":0.0000043677,\"5\":0.0000000001,\"6\":0.0},\"2\":{\"0\":0.0001365823,\"1\":0.908532784,\"2\":0.1781198064,\"3\":0.6184645236,\"4\":0.0090478824,\"5\":0.0000241975,\"6\":0.0000007978},\"3\":{\"0\":0.0001508103,\"1\":0.0000001456,\"2\":0.0007280603,\"3\":0.3672617695,\"4\":0.7873429824,\"5\":0.473280259,\"6\":0.5539285804},\"4\":{\"0\":2.966638757e-19,\"1\":0.0,\"2\":0.0000000021,\"3\":0.004365728,\"4\":0.2036047675,\"5\":0.5266955434,\"6\":0.4460706218}}"}