{"source_schema": "SUPPASRI2013_v2.0", "source_taxonomy": "W1", "target_schema": "HAZUS_v1.0", "target_taxonomy": "RM2M", "source_damage_states": [0, 1, 2, 3, 4, 5, 6], "target_damage_states": [0, 1, 2, 3, 4], "conv_matrix": {"0": {"0": 0.3428303118, "1": 7.3733e-06, "2": 0.0381789841, "3": 0.0017776525, "4": 1.77236e-05, "5": 4e-09, "6": 6e-09}, "1": {"0": 1.05849e-05, "1": 0.9817641334, "2": 0.6979850637, "3": 0.1463915188, "4": 0.0006904194, "5": 1.2501e-06, "6": 2e-10}, "2": {"0": 0.6571548749, "1": 0.0179534474, "2": 0.2572271286, "3": 0.4595281572, "4": 0.4854418342, "5": 0.3015004216, "6": 0.5047899836}, "3": {"0": 4.2283e-06, "1": 0.0002287032, "2": 0.0066088176, "3": 0.3826417481, "4": 0.4554192609, "5": 0.3603612313, "6": 0.4353067428}, "4": {"0": 9.982399621e-32, "1": 4.63427e-05, "2": 6e-09, "3": 0.0096609235, "4": 0.0584307619, "5": 0.3381370929, "6": 0.0599032674}}}