{"source_schema": "SUPPASRI2013_v2.0", "source_taxonomy": "RC3", "target_schema": "SARA_v1.0", "target_taxonomy": "W-WHE-H1-3", "source_damage_states": [0, 1, 2, 3, 4, 5, 6], "target_damage_states": [0, 1, 2, 3, 4], "conv_matrix": {"0": {"0": 0.9999760841, "1": 7.7335e-06, "2": 0.07837136, "3": 0.0341010204, "4": 0.0280535709, "5": 0.0021079105, "6": 0.075635788}, "1": {"0": 2.38824e-05, "1": 0.0173517115, "2": 0.4871635197, "3": 0.0562219215, "4": 0.001750835, "5": 1.561e-06, "6": 5.196e-07}, "2": {"0": 2e-09, "1": 0.9825250163, "2": 0.4344489801, "3": 0.5336133702, "4": 0.0055939915, "5": 5.5911e-06, "6": 5.703e-07}, "3": {"0": 3.16e-08, "1": 0.0001155383, "2": 1.61215e-05, "3": 0.3634361645, "4": 0.7715207368, "5": 0.4110562666, "6": 0.4983746259}, "4": {"0": 0.0, "1": 3e-10, "2": 1.86e-08, "3": 0.0126275234, "4": 0.1930808658, "5": 0.5868286709, "6": 0.4259884963}}}