{"source_name": "SUPPASRI2013_RC3", "target_name": "HAZUS_S5H", "source_damage_states": [0, 1, 2, 3, 4, 5, 6], "target_damage_states": [0, 1, 2, 3, 4], "conv_matrix": "{\"0\":{\"0\":0.9918725426,\"1\":0.0000073686,\"2\":0.0382376859,\"3\":0.0040373274,\"4\":0.001897025,\"5\":0.0000482547,\"6\":0.0055586917},\"1\":{\"0\":0.0000390827,\"1\":0.7056235335,\"2\":0.8856495837,\"3\":0.1223844955,\"4\":0.0000144972,\"5\":0.0000000002,\"6\":0.0},\"2\":{\"0\":0.0080880514,\"1\":0.0000170683,\"2\":0.0236186567,\"3\":0.4394060135,\"4\":0.4797542493,\"5\":0.2631370944,\"6\":0.385259452},\"3\":{\"0\":0.0000003233,\"1\":0.2943520293,\"2\":0.0524940736,\"3\":0.4303424487,\"4\":0.3775103411,\"5\":0.1664612708,\"6\":0.2232830445},\"4\":{\"0\":0.0,\"1\":0.0000000004,\"2\":0.0000000002,\"3\":0.0038297149,\"4\":0.1408238873,\"5\":0.5703533799,\"6\":0.3858988118}}"}