{"source_name": "Supparsi2013_RC1", "target_name": "SARA_MR-DNO-H1-3", "source_damage_states": [0, 1, 2, 3, 4, 5, 6], "target_damage_states": [0, 1, 2, 3, 4], "conv_matrix": "{\"0\":{\"0\":0.9898854132,\"1\":0.0704981447,\"2\":0.0117739226,\"3\":0.0966762844,\"4\":0.0351395831,\"5\":0.0295290103,\"6\":0.1412729999},\"1\":{\"0\":0.0100673896,\"1\":0.8665729541,\"2\":0.2231255106,\"3\":0.2040334092,\"4\":0.0691022682,\"5\":0.0345867235,\"6\":0.1074071353},\"2\":{\"0\":0.0000449735,\"1\":0.0625465516,\"2\":0.5469298287,\"3\":0.3458799283,\"4\":0.2468072032,\"5\":0.1561234985,\"6\":0.2464636108},\"3\":{\"0\":0.0000021188,\"1\":0.0002018179,\"2\":0.0272636734,\"3\":0.1951488925,\"4\":0.3037067917,\"5\":0.2348146075,\"6\":0.2084012086},\"4\":{\"0\":0.000000105,\"1\":0.0001805317,\"2\":0.1909070648,\"3\":0.1582614856,\"4\":0.3452441538,\"5\":0.5449461602,\"6\":0.2964550454}}"}