{"source_name": "SUPPARSI2013_RC3", "target_name": "SARA_MUR-H1", "source_damage_states": [0, 1, 2, 3, 4, 5, 6], "target_damage_states": [0, 1, 2, 3, 4], "conv_matrix": "{\"0\":{\"0\":0.9978666248,\"1\":0.000007359,\"2\":0.03835606,\"3\":0.0130437817,\"4\":0.0093828807,\"5\":0.000310423,\"6\":0.0223343151},\"1\":{\"0\":0.0021271133,\"1\":0.5201554144,\"2\":0.8863909962,\"3\":0.3432950149,\"4\":0.0547075799,\"5\":0.0014403251,\"6\":0.0020648875},\"2\":{\"0\":0.000006257,\"1\":0.2694948499,\"2\":0.058926558,\"3\":0.3304738748,\"4\":0.4311177629,\"5\":0.2114819797,\"6\":0.3323041652},\"3\":{\"0\":0.000000005,\"1\":0.2103423768,\"2\":0.016326385,\"3\":0.3087617458,\"4\":0.3446377825,\"5\":0.2084547421,\"6\":0.1725079373},\"4\":{\"0\":0.0,\"1\":0.0,\"2\":0.0000000007,\"3\":0.0044255828,\"4\":0.160153994,\"5\":0.5783125301,\"6\":0.4707886949}}"}