{"source_name": "SUPPASRI2013_S2", "target_name": "HAZUS_S3", "source_damage_states": [0, 1, 2, 3, 4, 5, 6], "target_damage_states": [0, 1, 2, 3, 4], "conv_matrix": "{\"0\":{\"0\":0.9953157057,\"1\":0.0000073633,\"2\":0.0425889257,\"3\":0.0106479248,\"4\":0.0053829393,\"5\":0.0001654858,\"6\":0.0137071014},\"1\":{\"0\":0.0000446723,\"1\":0.40759054,\"2\":0.6537828085,\"3\":0.0661256888,\"4\":0.0000345925,\"5\":0.0000000019,\"6\":0.0000000001},\"2\":{\"0\":0.004639622,\"1\":0.209564842,\"2\":0.2990339518,\"3\":0.5124184113,\"4\":0.4646962121,\"5\":0.2325865061,\"6\":0.4894749029},\"3\":{\"0\":0.0,\"1\":0.3828372545,\"2\":0.0045943137,\"3\":0.4069187007,\"4\":0.3839742816,\"5\":0.1886135611,\"6\":0.0950763515},\"4\":{\"0\":0.0,\"1\":0.0000000001,\"2\":0.0000000003,\"3\":0.0038892744,\"4\":0.1459119745,\"5\":0.578634445,\"6\":0.4017416441}}"}