{"source_name": "SUPPARSI2013_S2", "target_name": "HAZUS_W1", "source_damage_states": [0, 1, 2, 3, 4, 5, 6], "target_damage_states": [0, 1, 2, 3, 4], "conv_matrix": "{\"0\":{\"0\":0.9977310828,\"1\":0.0000074026,\"2\":0.0447379729,\"3\":0.0133264708,\"4\":0.0072342101,\"5\":0.000284091,\"6\":0.021993632},\"1\":{\"0\":0.0022510962,\"1\":0.2333977905,\"2\":0.4920624149,\"3\":0.1908352437,\"4\":0.0496375483,\"5\":0.0016688021,\"6\":0.0234074302},\"2\":{\"0\":0.0000178097,\"1\":0.5768614696,\"2\":0.4622942659,\"3\":0.447460015,\"4\":0.299838319,\"5\":0.1700233133,\"6\":0.1559302056},\"3\":{\"0\":0.0000000112,\"1\":0.1897333363,\"2\":0.000905342,\"3\":0.3400331752,\"4\":0.4574914857,\"5\":0.2349655812,\"6\":0.3532821522},\"4\":{\"0\":0.0,\"1\":0.0000000009,\"2\":0.0000000044,\"3\":0.0083450953,\"4\":0.185798437,\"5\":0.5930582124,\"6\":0.44538658}}"}