{"source_name": "SUPPASRI2013_RC1", "target_name": "SARA_CR-LWAL-DUC-H4-7", "source_damage_states": [0, 1, 2, 3, 4, 5, 6], "target_damage_states": [0, 1, 2, 3, 4], "conv_matrix": "{\"0\":{\"0\":0.8018065183,\"1\":0.0511601274,\"2\":0.0028083341,\"3\":0.0038584805,\"4\":0.000248229,\"5\":0.0000496792,\"6\":0.00069929},\"1\":{\"0\":0.1963477832,\"1\":0.8887396,\"2\":0.220023153,\"3\":0.3554314571,\"4\":0.1764082665,\"5\":0.1172846952,\"6\":0.3210428931},\"2\":{\"0\":0.0017857551,\"1\":0.0568692233,\"2\":0.3286891042,\"3\":0.1780419,\"4\":0.123537784,\"5\":0.0614908515,\"6\":0.1142384609},\"3\":{\"0\":0.000057524,\"1\":0.0016951159,\"2\":0.0572542472,\"3\":0.1636483604,\"4\":0.1969054942,\"5\":0.2505319542,\"6\":0.2635873721},\"4\":{\"0\":0.0000024194,\"1\":0.0015359334,\"2\":0.3912251615,\"3\":0.299019802,\"4\":0.5029002262,\"5\":0.5706428198,\"6\":0.3004319838}}"}