{"source_name": "SUPPARSI2013_BRICK", "target_name": "HAZUS_S5M", "source_damage_states": [0, 1, 2, 3, 4, 5, 6], "target_damage_states": [0, 1, 2, 3, 4], "conv_matrix": "{\"0\":{\"0\":0.9918773661,\"1\":0.0000073939,\"2\":0.0380919069,\"3\":0.0040383599,\"4\":0.0019111065,\"5\":0.0000484509,\"6\":0.0055584609},\"1\":{\"0\":0.0000392302,\"1\":0.7056035364,\"2\":0.8861954858,\"3\":0.1223367948,\"4\":0.0000144304,\"5\":0.0000000002,\"6\":0.0},\"2\":{\"0\":0.0080830823,\"1\":0.0000170323,\"2\":0.0234493431,\"3\":0.4392760912,\"4\":0.4800403994,\"5\":0.2629573691,\"6\":0.3853065749},\"3\":{\"0\":0.0000003213,\"1\":0.2943720371,\"2\":0.0522632641,\"3\":0.4305259556,\"4\":0.3773541254,\"5\":0.1665159912,\"6\":0.2232418504},\"4\":{\"0\":0.0,\"1\":0.0000000004,\"2\":0.0000000002,\"3\":0.0038227985,\"4\":0.1406799383,\"5\":0.5704781886,\"6\":0.3858931138}}"}