{"source_name": "SUPPARSI2013_W1", "target_name": "HAZUS_S2H", "source_damage_states": [0, 1, 2, 3, 4, 5, 6], "target_damage_states": [0, 1, 2, 3, 4], "conv_matrix": "{\"0\":{\"0\":0.9999768994,\"1\":0.0000077635,\"2\":0.082254678,\"3\":0.0366886568,\"4\":0.0373227522,\"5\":0.002401666,\"6\":0.0739950872},\"1\":{\"0\":0.00001094,\"1\":0.677241461,\"2\":0.8832865745,\"3\":0.1257858207,\"4\":0.000013762,\"5\":0.0000000002,\"6\":0.0},\"2\":{\"0\":0.0000121606,\"1\":0.0093895708,\"2\":0.0305126349,\"3\":0.3757145809,\"4\":0.3522990302,\"5\":0.1326063761,\"6\":0.3799778804},\"3\":{\"0\":0.0,\"1\":0.3133612041,\"2\":0.0039461107,\"3\":0.450080536,\"4\":0.4440797523,\"5\":0.3282407314,\"6\":0.2118272466},\"4\":{\"0\":0.0,\"1\":0.0000000005,\"2\":0.0000000018,\"3\":0.0117304056,\"4\":0.1662847033,\"5\":0.5367512264,\"6\":0.3341997858}}"}