{"source_name": "Supparsi2013_RC2", "target_name": "SARA_MUR-H1", "source_damage_states": [0, 1, 2, 3, 4, 5, 6], "target_damage_states": [0, 1, 2, 3, 4], "conv_matrix": "{\"0\":{\"0\":0.9146166998,\"1\":0.0442050404,\"2\":0.0024686673,\"3\":0.0146221705,\"4\":0.0018620064,\"5\":0.0004766936,\"6\":0.0055287702},\"1\":{\"0\":0.0832027779,\"1\":0.954109072,\"2\":0.6212514852,\"3\":0.2882930491,\"4\":0.0506455229,\"5\":0.0003021438,\"6\":0.0003741712},\"2\":{\"0\":0.0020772197,\"1\":0.0015177612,\"2\":0.2013316437,\"3\":0.3644328423,\"4\":0.2949844862,\"5\":0.1498154194,\"6\":0.3500971139},\"3\":{\"0\":0.0000995214,\"1\":0.0001681264,\"2\":0.1749482032,\"3\":0.2815955782,\"4\":0.4298528308,\"5\":0.1559061034,\"6\":0.1732328771},\"4\":{\"0\":0.0000037811,\"1\":0.0,\"2\":0.0000000005,\"3\":0.0510563599,\"4\":0.2226551536,\"5\":0.6934996399,\"6\":0.4707670677}}"}