{"source_name": "Supparsi_2013_RC1", "target_name": "SARA_MUR_H3", "source_damage_states": [0, 1, 2, 3, 4, 5, 6], "target_damage_states": [0, 1, 2, 3, 4], "conv_matrix": "{\"0\":{\"0\":0.129967268,\"1\":0.106254743,\"2\":0.0434081482,\"3\":0.0000014771,\"4\":0.0000000119,\"5\":1.344768917e-17,\"6\":3.901718595e-19},\"1\":{\"0\":0.865757051,\"1\":0.8859193922,\"2\":0.5392929297,\"3\":0.1142337876,\"4\":0.0087743906,\"5\":0.0000000059,\"6\":0.0000000004},\"2\":{\"0\":0.0042756626,\"1\":0.007785112,\"2\":0.4021444413,\"3\":0.5740409559,\"4\":0.3146357088,\"5\":0.0176510296,\"6\":0.0059791078},\"3\":{\"0\":0.0000000021,\"1\":0.0000407528,\"2\":0.0151544808,\"3\":0.2824534509,\"4\":0.6119819991,\"5\":0.1575955806,\"6\":0.0182550608},\"4\":{\"0\":0.0000000163,\"1\":0.0,\"2\":0.0,\"3\":0.0292703284,\"4\":0.0646078896,\"5\":0.8247533838,\"6\":0.975765831}}"}