{"source_name": "SUPPASRI2013_RC1", "target_name": "SARA_CR-LDUAL-DUC-H4-7", "source_damage_states": [0, 1, 2, 3, 4, 5, 6], "target_damage_states": [0, 1, 2, 3, 4], "conv_matrix": "{\"0\":{\"0\":0.8598723347,\"1\":0.0412366968,\"2\":0.0022178815,\"3\":0.0082573837,\"4\":0.0011334339,\"5\":0.0004409649,\"6\":0.0049882876},\"1\":{\"0\":0.136020803,\"1\":0.913140953,\"2\":0.2561751497,\"3\":0.2272839911,\"4\":0.053907384,\"5\":0.00818714,\"6\":0.0437279949},\"2\":{\"0\":0.0040398862,\"1\":0.0355397801,\"2\":0.1498349302,\"3\":0.2996453441,\"4\":0.2642204373,\"5\":0.244945534,\"6\":0.4783272464},\"3\":{\"0\":0.0000667555,\"1\":0.0100817955,\"2\":0.5910139163,\"3\":0.3427673526,\"4\":0.3474157148,\"5\":0.1920916226,\"6\":0.1760056508},\"4\":{\"0\":0.0000002206,\"1\":0.0000007746,\"2\":0.0007581223,\"3\":0.1220459285,\"4\":0.3333230301,\"5\":0.5543347385,\"6\":0.2969508204}}"}