{"source_name": "SUPPASRI2013_S2", "target_name": "SARA_S-LFM-H4-7", "source_damage_states": [0, 1, 2, 3, 4, 5, 6], "target_damage_states": [0, 1, 2, 3, 4], "conv_matrix": "{\"0\":{\"0\":0.9977426499,\"1\":0.0000073653,\"2\":0.0444459848,\"3\":0.0143301682,\"4\":0.0080393717,\"5\":0.0002720583,\"6\":0.0202823294},\"1\":{\"0\":0.0000423296,\"1\":0.4035897661,\"2\":0.6555973879,\"3\":0.0673255556,\"4\":0.0000372387,\"5\":0.0000000022,\"6\":0.0000000001},\"2\":{\"0\":0.0022150204,\"1\":0.2211285696,\"2\":0.295637927,\"3\":0.5097826327,\"4\":0.4584227987,\"5\":0.2266409406,\"6\":0.4730353521},\"3\":{\"0\":0.0000000001,\"1\":0.3752742989,\"2\":0.0043187,\"3\":0.4045189128,\"4\":0.3868200209,\"5\":0.1966708426,\"6\":0.10849315},\"4\":{\"0\":0.0,\"1\":0.0000000001,\"2\":0.0000000004,\"3\":0.0040427306,\"4\":0.14668057,\"5\":0.5764161564,\"6\":0.3981891683}}"}