{"source_name": "Supparsi2013_RC2", "target_name": "SARA_MCF-DUC-H1-3", "source_damage_states": [0, 1, 2, 3, 4, 5, 6], "target_damage_states": [0, 1, 2, 3, 4], "conv_matrix": "{\"0\":{\"0\":0.9848947533,\"1\":0.0832113085,\"2\":0.005316328,\"3\":0.0265928302,\"4\":0.0045234498,\"5\":0.0017263239,\"6\":0.0164563222},\"1\":{\"0\":0.0041678462,\"1\":0.9159985477,\"2\":0.9937354632,\"3\":0.2527219355,\"4\":0.0632841294,\"5\":0.0000021285,\"6\":0.0000000098},\"2\":{\"0\":0.0108282395,\"1\":0.0007883775,\"2\":0.0005712149,\"3\":0.4298271207,\"4\":0.294513228,\"5\":0.1455488665,\"6\":0.3348716044},\"3\":{\"0\":0.0001090288,\"1\":0.0000017658,\"2\":0.0003766814,\"3\":0.2130133487,\"4\":0.3438256367,\"5\":0.2954102737,\"6\":0.3479862757},\"4\":{\"0\":0.0000001322,\"1\":0.0000000004,\"2\":0.0000003126,\"3\":0.0778447649,\"4\":0.2938535561,\"5\":0.5573124075,\"6\":0.3006857878}}"}