{"source_name": "SUPPARSI_2013_S3", "target_name": "SARA_CR_LFINF_DUC_H_1_3", "source_damage_states": [0, 1, 2, 3, 4, 5, 6], "target_damage_states": [0, 1, 2, 3, 4], "conv_matrix": "{\"0\":{\"0\":0.6901267165,\"1\":0.0000019814,\"2\":0.0294096849,\"3\":0.0000000979,\"4\":0.0,\"5\":5.628736235e-20,\"6\":1.642754576e-21},\"1\":{\"0\":0.2085729889,\"1\":0.4096613664,\"2\":0.5560177914,\"3\":0.0035973344,\"4\":0.000000168,\"5\":0.0,\"6\":0.0},\"2\":{\"0\":0.1012997604,\"1\":0.5900652865,\"2\":0.4139583431,\"3\":0.4902642628,\"4\":0.0040913002,\"5\":0.0000042727,\"6\":0.0000008079},\"3\":{\"0\":0.0000005342,\"1\":0.0001561785,\"2\":0.0003338196,\"3\":0.3417530027,\"4\":0.5601889936,\"5\":0.4196842069,\"6\":0.5419906753},\"4\":{\"0\":0.0,\"1\":0.0001151871,\"2\":0.000280361,\"3\":0.1643853022,\"4\":0.4357195382,\"5\":0.5803115204,\"6\":0.4580085168}}"}