{"source_name": "SUPPASRI2013_W3", "target_name": "SARA_CR-LWAL-DUC-H4-7", "source_damage_states": [0, 1, 2, 3, 4, 5, 6], "target_damage_states": [0, 1, 2, 3, 4], "conv_matrix": "{\"0\":{\"0\":0.9625437079,\"1\":0.0000279078,\"2\":0.0462348822,\"3\":0.0039717581,\"4\":0.0017375374,\"5\":0.0000358966,\"6\":0.0037909137},\"1\":{\"0\":0.0374491549,\"1\":0.242119279,\"2\":0.6502533855,\"3\":0.3591991331,\"4\":0.3144885761,\"5\":0.1504904234,\"6\":0.3195869784},\"2\":{\"0\":0.0000071292,\"1\":0.2409322723,\"2\":0.2235976474,\"3\":0.1822624706,\"4\":0.1606544379,\"5\":0.0695201138,\"6\":0.1237186343},\"3\":{\"0\":0.0000000079,\"1\":0.1018769832,\"2\":0.0286720081,\"3\":0.1592993422,\"4\":0.1840358674,\"5\":0.2560842662,\"6\":0.2315329383},\"4\":{\"0\":0.0,\"1\":0.4150435578,\"2\":0.0512420769,\"3\":0.2952672961,\"4\":0.3390835812,\"5\":0.5238692999,\"6\":0.3213705352}}"}