{"source_name": "SUPPASRI2013_RC2", "target_name": "SARA_S-LFM-H4-7", "source_damage_states": [0, 1, 2, 3, 4, 5, 6], "target_damage_states": [0, 1, 2, 3, 4], "conv_matrix": "{\"0\":{\"0\":0.9377191612,\"1\":0.041924958,\"2\":0.002366087,\"3\":0.0150948897,\"4\":0.0015288671,\"5\":0.0004639601,\"6\":0.0051385747},\"1\":{\"0\":0.0091902918,\"1\":0.5980261437,\"2\":0.7140605884,\"3\":0.0456865382,\"4\":0.0028178817,\"5\":0.000000089,\"6\":0.0000000053},\"2\":{\"0\":0.0530869237,\"1\":0.3591174703,\"2\":0.1066646125,\"3\":0.5018425421,\"4\":0.2791777891,\"5\":0.199816671,\"6\":0.478372371},\"3\":{\"0\":0.0000034701,\"1\":0.0009314279,\"2\":0.1769087112,\"3\":0.397065953,\"4\":0.509215543,\"5\":0.1311472847,\"6\":0.1065783551},\"4\":{\"0\":0.0000001532,\"1\":0.0,\"2\":0.0000000008,\"3\":0.040310077,\"4\":0.2072599191,\"5\":0.6685719953,\"6\":0.4099106939}}"}