{"source_name": "SUPPASRI2013_RC2", "target_name": "SARA_CR-LFM-DUC-H1-3", "source_damage_states": [0, 1, 2, 3, 4, 5, 6], "target_damage_states": [0, 1, 2, 3, 4], "conv_matrix": "{\"0\":{\"0\":0.8981929905,\"1\":0.0412355397,\"2\":0.0022178503,\"3\":0.01311423,\"4\":0.0016256693,\"5\":0.0005168323,\"6\":0.0057332522},\"1\":{\"0\":0.0988324343,\"1\":0.9234851152,\"2\":0.2895180682,\"3\":0.196001647,\"4\":0.0326477355,\"5\":0.0017051786,\"6\":0.0106386592},\"2\":{\"0\":0.0029678623,\"1\":0.0319326724,\"2\":0.253124983,\"3\":0.3387306274,\"4\":0.2209638161,\"5\":0.1346405519,\"6\":0.3559291883},\"3\":{\"0\":0.0000023686,\"1\":0.0033466727,\"2\":0.4551390972,\"3\":0.3932059289,\"4\":0.4956653727,\"5\":0.0604271773,\"6\":0.0132291138},\"4\":{\"0\":0.0000043444,\"1\":0.0,\"2\":0.0000000014,\"3\":0.0589475667,\"4\":0.2490974063,\"5\":0.8027102599,\"6\":0.6144697865}}"}