{"source_name": "Supparsi_2013_RC2", "target_name": "SARA_CR_LFM_DNO_H_4_7", "source_damage_states": [0, 1, 2, 3, 4, 5, 6], "target_damage_states": [0, 1, 2, 3, 4], "conv_matrix": "{\"0\":{\"0\":0.057140461,\"1\":0.0119683415,\"2\":0.0004780808,\"3\":0.0000000414,\"4\":0.0000000002,\"5\":2.489305094e-18,\"6\":5.124215188e-19},\"1\":{\"0\":0.6625682112,\"1\":0.9813395022,\"2\":0.9960936921,\"3\":0.2630392635,\"4\":0.0654731861,\"5\":0.0000000803,\"6\":0.0000000002},\"2\":{\"0\":0.2802910845,\"1\":0.0066921497,\"2\":0.003428078,\"3\":0.394680305,\"4\":0.1486695692,\"5\":0.0001495827,\"6\":0.0002831176},\"3\":{\"0\":0.0000002382,\"1\":0.0000000066,\"2\":0.000000149,\"3\":0.2669138692,\"4\":0.4800562956,\"5\":0.0501869642,\"6\":0.0597964279},\"4\":{\"0\":0.000000005,\"1\":0.0,\"2\":0.0000000001,\"3\":0.0753665209,\"4\":0.3058009489,\"5\":0.9496633728,\"6\":0.9399204543}}"}