{"source_name": "SUPPASRI2013_RC2", "target_name": "HAZUS_PC1", "source_damage_states": [0, 1, 2, 3, 4, 5, 6], "target_damage_states": [0, 1, 2, 3, 4], "conv_matrix": "{\"0\":{\"0\":0.4006838378,\"1\":0.0716026275,\"2\":0.014035446,\"3\":0.0165599553,\"4\":0.0022518792,\"5\":0.0006440617,\"6\":0.0023918037},\"1\":{\"0\":0.0565795905,\"1\":0.6829047044,\"2\":0.0888233275,\"3\":0.155912061,\"4\":0.0243872619,\"5\":0.0000052493,\"6\":0.0000002445},\"2\":{\"0\":0.5424880877,\"1\":0.0000066298,\"2\":0.0000011146,\"3\":0.2810362345,\"4\":0.2942427148,\"5\":0.3990993684,\"6\":0.6903135882},\"3\":{\"0\":0.0002483435,\"1\":0.2454860383,\"2\":0.8971401119,\"3\":0.5364998222,\"4\":0.6333224946,\"5\":0.1540733089,\"6\":0.0228604756},\"4\":{\"0\":0.0000001406,\"1\":0.0,\"2\":0.0,\"3\":0.0099919269,\"4\":0.0457956495,\"5\":0.4461780117,\"6\":0.2844338881}}"}