{"source_name": "SUPPASRI2013_RC1", "target_name": "HAZUS_C3M", "source_damage_states": [0, 1, 2, 3, 4, 5, 6], "target_damage_states": [0, 1, 2, 3, 4], "conv_matrix": "{\"0\":{\"0\":0.3719886662,\"1\":0.0411901296,\"2\":0.0022137451,\"3\":0.001049206,\"4\":0.0000151638,\"5\":0.0000000038,\"6\":0.0000000132},\"1\":{\"0\":0.6266244877,\"1\":0.8301201228,\"2\":0.1708333143,\"3\":0.3926386092,\"4\":0.2360960264,\"5\":0.2309590892,\"6\":0.5151392442},\"2\":{\"0\":0.0013810615,\"1\":0.1222642224,\"2\":0.2942342373,\"3\":0.1489959928,\"4\":0.0612935461,\"5\":0.0045631864,\"6\":0.0033729442},\"3\":{\"0\":0.0000044306,\"1\":0.0064255253,\"2\":0.5327187029,\"3\":0.4153186252,\"4\":0.4948267157,\"5\":0.0607544788,\"6\":0.0138556588},\"4\":{\"0\":0.0000013539,\"1\":0.0,\"2\":0.0000000004,\"3\":0.0419975667,\"4\":0.207768548,\"5\":0.7037232418,\"6\":0.4676321396}}"}