{"source_name": "Supparsi2013_RC2", "target_name": "SARA_CR-LFM-DUC-H4-7", "source_damage_states": [0, 1, 2, 3, 4, 5, 6], "target_damage_states": [0, 1, 2, 3, 4], "conv_matrix": "{\"0\":{\"0\":0.8481443583,\"1\":0.0441776573,\"2\":0.0024666543,\"3\":0.0043994695,\"4\":0.0003642094,\"5\":0.0000694273,\"6\":0.001022963},\"1\":{\"0\":0.1231053746,\"1\":0.942698826,\"2\":0.4358744496,\"3\":0.3292100079,\"4\":0.1110188172,\"5\":0.0376549942,\"6\":0.0888980355},\"2\":{\"0\":0.0286910102,\"1\":0.0106695044,\"2\":0.1507016354,\"3\":0.2108412632,\"4\":0.190695358,\"5\":0.1606964987,\"6\":0.3626392467},\"3\":{\"0\":0.0000591068,\"1\":0.0024538324,\"2\":0.4108053265,\"3\":0.3402674036,\"4\":0.3610550282,\"5\":0.2442353773,\"6\":0.2468309809},\"4\":{\"0\":0.0000001501,\"1\":0.0000001799,\"2\":0.0001519342,\"3\":0.1152818558,\"4\":0.3368665871,\"5\":0.5573437026,\"6\":0.3006087739}}"}