{"source_name": "SUPPARSI_2013_S2", "target_name": "SARA_CR_LFINF_DUC_H_4_7", "source_damage_states": [0, 1, 2, 3, 4, 5, 6], "target_damage_states": [0, 1, 2, 3, 4], "conv_matrix": "{\"0\":{\"0\":0.7289926446,\"1\":0.0001216867,\"2\":0.1252736089,\"3\":0.0000047746,\"4\":0.0,\"5\":9.331482043e-19,\"6\":2.59753522e-20},\"1\":{\"0\":0.2322827229,\"1\":0.5993697009,\"2\":0.7998877584,\"3\":0.0342365582,\"4\":0.0000026403,\"5\":0.0,\"6\":0.0},\"2\":{\"0\":0.0387237832,\"1\":0.4005080411,\"2\":0.0748236512,\"3\":0.6975137492,\"4\":0.0275460248,\"5\":0.000090167,\"6\":0.0000091967},\"3\":{\"0\":0.0000008492,\"1\":0.0000005713,\"2\":0.0000149815,\"3\":0.2679643325,\"4\":0.9069622014,\"5\":0.3592638365,\"6\":0.3841837123},\"4\":{\"0\":3.059144504e-17,\"1\":0.0,\"2\":0.0,\"3\":0.0002805855,\"4\":0.0654891335,\"5\":0.6406459965,\"6\":0.615807091}}"}