{"source_name": "Supparsi_2013_RC2", "target_name": "SARA_CR_LFM_DNO_H_1_3", "source_damage_states": [0, 1, 2, 3, 4, 5, 6], "target_damage_states": [0, 1, 2, 3, 4], "conv_matrix": "{\"0\":{\"0\":0.1027547097,\"1\":0.0221321759,\"2\":0.0008841687,\"3\":0.0000000081,\"4\":0.0,\"5\":1.342635521e-21,\"6\":2.264128531e-23},\"1\":{\"0\":0.6173995482,\"1\":0.9723905416,\"2\":0.9982125824,\"3\":0.2631071928,\"4\":0.0653852133,\"5\":0.0000000551,\"6\":0.0},\"2\":{\"0\":0.2784868031,\"1\":0.0054717157,\"2\":0.0009024054,\"3\":0.2596086492,\"4\":0.1309702704,\"5\":0.0000102151,\"6\":0.0000000367},\"3\":{\"0\":0.0013589325,\"1\":0.0000055668,\"2\":0.0000008434,\"3\":0.4520195846,\"4\":0.7446660522,\"5\":0.1810880818,\"6\":0.0600407435},\"4\":{\"0\":0.0000000065,\"1\":0.0,\"2\":0.0,\"3\":0.0252645653,\"4\":0.058978464,\"5\":0.818901648,\"6\":0.9399592198}}"}