{"source_name": "SUPPARSI_2013_W2", "target_name": "SARA_S_LFM_H_4_7", "source_damage_states": [0, 1, 2, 3, 4, 5, 6], "target_damage_states": [0, 1, 2, 3, 4], "conv_matrix": "{\"0\":{\"0\":0.6915215802,\"1\":0.0000006563,\"2\":0.0256181931,\"3\":0.0000000694,\"4\":0.0,\"5\":7.21659775e-21,\"6\":2.07769448e-22},\"1\":{\"0\":0.2836514112,\"1\":0.8017232786,\"2\":0.9484626362,\"3\":0.1186146052,\"4\":0.0001180468,\"5\":0.000000005,\"6\":0.0000000002},\"2\":{\"0\":0.0248270036,\"1\":0.198155712,\"2\":0.0259035628,\"3\":0.6029646842,\"4\":0.0622575969,\"5\":0.0015320762,\"6\":0.0013097782},\"3\":{\"0\":0.000000005,\"1\":0.0001093055,\"2\":0.0000153869,\"3\":0.237637416,\"4\":0.7110021644,\"5\":0.606451633,\"6\":0.7072529831},\"4\":{\"0\":1.887041119e-18,\"1\":0.0000110475,\"2\":0.000000221,\"3\":0.0407832252,\"4\":0.2266221919,\"5\":0.3920162859,\"6\":0.2914372385}}"}