{"source_name": "Supparsi2013_RC1", "target_name": "SARA_MUR-STRUB-H1-2", "source_damage_states": [0, 1, 2, 3, 4, 5, 6], "target_damage_states": [0, 1, 2, 3, 4], "conv_matrix": "{\"0\":{\"0\":0.9781939945,\"1\":0.0454674335,\"2\":0.0026372176,\"3\":0.023840248,\"4\":0.0038081696,\"5\":0.0014267176,\"6\":0.0141426929},\"1\":{\"0\":0.0153920744,\"1\":0.9312808046,\"2\":0.39907664,\"3\":0.0626175309,\"4\":0.0029588317,\"5\":0.0000000526,\"6\":0.0000000114},\"2\":{\"0\":0.0063083691,\"1\":0.0231760384,\"2\":0.5129724907,\"3\":0.5750022232,\"4\":0.3175489284,\"5\":0.1393780222,\"6\":0.3346683202},\"3\":{\"0\":0.0001044904,\"1\":0.0000757235,\"2\":0.0853136418,\"3\":0.2886953186,\"4\":0.4513508627,\"5\":0.2121428929,\"6\":0.2453002478},\"4\":{\"0\":0.0000010716,\"1\":0.0,\"2\":0.0000000098,\"3\":0.0498446794,\"4\":0.2243332076,\"5\":0.6470523147,\"6\":0.4058887277}}"}