{"source_schema": "SUPPASRI2013_v2.0", "source_taxonomy": "S1", "target_schema": "SARA_v1.0", "target_taxonomy": "CR-LFM-DUC-H4-7", "source_damage_states": [0, 1, 2, 3, 4, 5, 6], "target_damage_states": [0, 1, 2, 3, 4], "conv_matrix": {"0": {"0": 0.9918737286, "1": 7.3657e-06, "2": 0.0381948138, "3": 0.0040377374, "4": 0.0019002124, "5": 4.82978e-05, "6": 0.0055587846}, "1": {"0": 0.0064707517, "1": 0.4113168301, "2": 0.770208549, "3": 0.3513503909, "4": 0.1686019507, "5": 0.0535289809, "6": 0.0376504982}, "2": {"0": 0.0016555106, "1": 0.0720963034, "2": 0.0872140961, "3": 0.1874049908, "4": 0.3163188522, "5": 0.2122348266, "6": 0.4421564545}, "3": {"0": 9e-09, "1": 0.489405935, "2": 0.1041206213, "3": 0.3289226655, "4": 0.2967827436, "5": 0.2474644386, "6": 0.2038011204}, "4": {"0": 0.0, "1": 0.0271735659, "2": 0.0002619198, "3": 0.1282842155, "4": 0.2163962412, "5": 0.4867234561, "6": 0.3108331423}}}