{"source_name": "SUPPASRI2013_S1", "target_name": "HAZUS_PC1", "source_damage_states": [0, 1, 2, 3, 4, 5, 6], "target_damage_states": [0, 1, 2, 3, 4], "conv_matrix": "{\"0\":{\"0\":0.2037806754,\"1\":0.0000467492,\"2\":0.101994469,\"3\":0.0194870347,\"4\":0.0102687016,\"5\":0.0004906789,\"6\":0.0072701226},\"1\":{\"0\":0.001591573,\"1\":0.1382185479,\"2\":0.5177587945,\"3\":0.2003666337,\"4\":0.0009146449,\"5\":0.0000002817,\"6\":0.0000000006},\"2\":{\"0\":0.794627669,\"1\":0.0000000089,\"2\":0.0001668149,\"3\":0.2171986826,\"4\":0.4913816987,\"5\":0.411078237,\"6\":0.6613883373},\"3\":{\"0\":0.0000000826,\"1\":0.861734694,\"2\":0.3800799216,\"3\":0.5629400715,\"4\":0.4897653617,\"5\":0.2996759767,\"6\":0.039518453},\"4\":{\"0\":0.0,\"1\":1.580068746e-19,\"2\":0.0,\"3\":0.0000075775,\"4\":0.0076695932,\"5\":0.2887548257,\"6\":0.2918230866}}"}