{"source_name": "Supparsi2013_RC1", "target_name": "SARA_CR-LFM-DUC-H1-3", "source_damage_states": [0, 1, 2, 3, 4, 5, 6], "target_damage_states": [0, 1, 2, 3, 4], "conv_matrix": "{\"0\":{\"0\":0.8989477942,\"1\":0.0441834574,\"2\":0.0024670492,\"3\":0.0131096092,\"4\":0.0017866392,\"5\":0.0004766177,\"6\":0.0055284663},\"1\":{\"0\":0.0984699154,\"1\":0.9251949386,\"2\":0.3070010518,\"3\":0.1946090174,\"4\":0.0315801279,\"5\":0.0016186321,\"6\":0.0103801578},\"2\":{\"0\":0.0025771114,\"1\":0.0278410928,\"2\":0.2498482805,\"3\":0.3380136171,\"4\":0.2157557933,\"5\":0.1327785559,\"6\":0.3526299882},\"3\":{\"0\":0.0000019286,\"1\":0.0027805111,\"2\":0.4406836179,\"3\":0.3947607092,\"4\":0.4911790697,\"5\":0.0603061795,\"6\":0.0129152816},\"4\":{\"0\":0.0000032502,\"1\":0.0,\"2\":0.0000000005,\"3\":0.0595070471,\"4\":0.2596983699,\"5\":0.8048200148,\"6\":0.6185461061}}"}