{"source_name": "Supparsi_2013_RC2", "target_name": "SARA_S_LFM_H_4_7", "source_damage_states": [0, 1, 2, 3, 4, 5, 6], "target_damage_states": [0, 1, 2, 3, 4], "conv_matrix": "{\"0\":{\"0\":0.1031317451,\"1\":0.0227719743,\"2\":0.0009447356,\"3\":0.000000011,\"4\":0.0,\"5\":6.142335037e-20,\"6\":4.601060717e-21},\"1\":{\"0\":0.7177565494,\"1\":0.9205810511,\"2\":0.9727768974,\"3\":0.1310455688,\"4\":0.0197154446,\"5\":0.0000000161,\"6\":0.0000000003},\"2\":{\"0\":0.179111451,\"1\":0.0566469462,\"2\":0.0262709983,\"3\":0.470878517,\"4\":0.1647836491,\"5\":0.0000892404,\"6\":0.0000708584},\"3\":{\"0\":0.0000002545,\"1\":0.0000000283,\"2\":0.0000073459,\"3\":0.3338951941,\"4\":0.5420624507,\"5\":0.4312614358,\"6\":0.710889998},\"4\":{\"0\":0.0,\"1\":0.0000000001,\"2\":0.0000000228,\"3\":0.0641807091,\"4\":0.2734384556,\"5\":0.5686493078,\"6\":0.2890391433}}"}