{"source_schema": "SUPPASRI2013_v2.0", "source_taxonomy": "S3", "target_schema": "SARA_v1.0", "target_taxonomy": "W-WLI-H1-3", "source_damage_states": [0, 1, 2, 3, 4, 5, 6], "target_damage_states": [0, 1, 2, 3, 4], "conv_matrix": {"0": {"0": 0.9977490925, "1": 7.3952e-06, "2": 0.046120552, "3": 0.0133692499, "4": 0.0072246757, "5": 0.0002836966, "6": 0.0220119812}, "1": {"0": 0.002231953, "1": 0.2303671585, "2": 0.4632389941, "3": 0.1899964625, "4": 0.0486582981, "5": 0.0016399047, "6": 0.0226928933}, "2": {"0": 1.8943e-05, "1": 0.580174446, "2": 0.4897537145, "3": 0.4482453001, "4": 0.3005051315, "5": 0.1697976783, "6": 0.1560014596}, "3": {"0": 1.15e-08, "1": 0.1894509998, "2": 0.0008867357, "3": 0.3407704256, "4": 0.4590603195, "5": 0.234343433, "6": 0.3496311432}, "4": {"0": 0.0, "1": 5e-10, "2": 3.6e-09, "3": 0.0076185619, "4": 0.1845515752, "5": 0.5939352874, "6": 0.4496625227}}}