{"source_name": "SUPPARSI2013_W1", "target_name": "HAZUS_URML", "source_damage_states": [0, 1, 2, 3, 4, 5, 6], "target_damage_states": [0, 1, 2, 3, 4], "conv_matrix": "{\"0\":{\"0\":0.9978623758,\"1\":0.0000073888,\"2\":0.0381806545,\"3\":0.0130264239,\"4\":0.0094499639,\"5\":0.0003116641,\"6\":0.0223323272},\"1\":{\"0\":0.0021313951,\"1\":0.5199923068,\"2\":0.8868034372,\"3\":0.3431728664,\"4\":0.054827653,\"5\":0.0014374094,\"6\":0.0020609891},\"2\":{\"0\":0.0000062241,\"1\":0.2698874427,\"2\":0.0588102131,\"3\":0.3305080671,\"4\":0.4312914955,\"5\":0.2113040607,\"6\":0.3322698421},\"3\":{\"0\":0.0000000049,\"1\":0.2101128616,\"2\":0.0162056945,\"3\":0.3088873441,\"4\":0.3444009956,\"5\":0.2084875114,\"6\":0.1725999262},\"4\":{\"0\":0.0,\"1\":0.0,\"2\":0.0000000007,\"3\":0.0044052985,\"4\":0.160029892,\"5\":0.5784593545,\"6\":0.4707369154}}"}