{"source_schema": "SUPPASRI2013_v2.0", "source_taxonomy": "RC2", "target_schema": "SARA_v1.0", "target_taxonomy": "W-WHE-H1-3", "source_damage_states": [0, 1, 2, 3, 4, 5, 6], "target_damage_states": [0, 1, 2, 3, 4], "conv_matrix": {"0": {"0": 0.9884656832, "1": 0.0751338249, "2": 0.0051334326, "3": 0.0405672917, "4": 0.0078324399, "5": 0.0035802319, "6": 0.03214017}, "1": {"0": 0.0112751574, "1": 0.3481970829, "2": 0.0977787646, "3": 0.038719538, "4": 0.0023015836, "5": 1.6871e-06, "6": 8.207e-07}, "2": {"0": 8.51595e-05, "1": 0.5766689664, "2": 0.8970871402, "3": 0.4656838772, "4": 0.1477745809, "5": 4.4073e-05, "6": 1.5915e-06}, "3": {"0": 0.0001731812, "1": 1.257e-07, "2": 6.571e-07, "3": 0.3980296098, "4": 0.5780728713, "5": 0.3065099463, "6": 0.5467133944}, "4": {"0": 8.186e-07, "1": 0.0, "2": 5.6e-09, "3": 0.0569996832, "4": 0.2640185242, "5": 0.6898640617, "6": 0.4211440235}}}