{"source_name": "Supparsi_2013_RC1", "target_name": "SARA_CR_LFM_DNO_SOS_H_1_3", "source_damage_states": [0, 1, 2, 3, 4, 5, 6], "target_damage_states": [0, 1, 2, 3, 4], "conv_matrix": "{\"0\":{\"0\":0.1028483216,\"1\":0.0221057364,\"2\":0.0008831058,\"3\":0.0000000132,\"4\":0.0,\"5\":1.835274074e-19,\"6\":1.39924689e-20},\"1\":{\"0\":0.6173312623,\"1\":0.9667343372,\"2\":0.9972324945,\"3\":0.2632367168,\"4\":0.0721165304,\"5\":0.0000003126,\"6\":0.0000000021},\"2\":{\"0\":0.2798056858,\"1\":0.0111597988,\"2\":0.0018842668,\"3\":0.3454056778,\"4\":0.1457250133,\"5\":0.0000426651,\"6\":0.0000047423},\"3\":{\"0\":0.0000147147,\"1\":0.0000001277,\"2\":0.0000001329,\"3\":0.3629031738,\"4\":0.7211821155,\"5\":0.1759381476,\"6\":0.0252820259},\"4\":{\"0\":0.0000000155,\"1\":0.0,\"2\":0.0,\"3\":0.0284544184,\"4\":0.0609763408,\"5\":0.8240188747,\"6\":0.9747132297}}"}