{"source_name": "SUPPARSI2013_W3", "target_name": "SARA_CR-LFM-DUC-H1-3", "source_damage_states": [0, 1, 2, 3, 4, 5, 6], "target_damage_states": [0, 1, 2, 3, 4], "conv_matrix": "{\"0\":{\"0\":0.996367722,\"1\":0.0000073537,\"2\":0.0382768102,\"3\":0.0105625797,\"4\":0.0092810604,\"5\":0.000310372,\"6\":0.0223336887},\"1\":{\"0\":0.0036218141,\"1\":0.2537079624,\"2\":0.7339670544,\"3\":0.2309285664,\"4\":0.0686419422,\"5\":0.0032105006,\"6\":0.0221729499},\"2\":{\"0\":0.0000104639,\"1\":0.207858305,\"2\":0.1753123073,\"3\":0.3341510851,\"4\":0.3754683203,\"5\":0.1708434404,\"6\":0.3524466577},\"3\":{\"0\":0.0,\"1\":0.538426379,\"2\":0.0524438274,\"3\":0.4195460124,\"4\":0.3609396994,\"5\":0.1282689209,\"6\":0.0187924054},\"4\":{\"0\":0.0,\"1\":4.118200689e-16,\"2\":0.0000000007,\"3\":0.0048117564,\"4\":0.1856689778,\"5\":0.6973667661,\"6\":0.5842542981}}"}