{"source_name": "SUPPASRI2013_RC2", "target_name": "SARA_CR-PC-LWAL-DUC-H1-3", "source_damage_states": [0, 1, 2, 3, 4, 5, 6], "target_damage_states": [0, 1, 2, 3, 4], "conv_matrix": "{\"0\":{\"0\":0.0179303467,\"1\":0.0885635286,\"2\":0.0077724162,\"3\":0.0001244584,\"4\":0.00000111,\"5\":0.0,\"6\":0.0},\"1\":{\"0\":0.4263793987,\"1\":0.541392508,\"2\":0.0587885494,\"3\":0.0796691845,\"4\":0.0061246826,\"5\":0.0000003956,\"6\":0.0000000376},\"2\":{\"0\":0.5546344147,\"1\":0.000025183,\"2\":0.000008346,\"3\":0.3308596311,\"4\":0.2968626939,\"5\":0.3999005595,\"6\":0.69298512},\"3\":{\"0\":0.0010556431,\"1\":0.3700186453,\"2\":0.9333125566,\"3\":0.4867531006,\"4\":0.3989587038,\"5\":0.0605665668,\"6\":0.0120906205},\"4\":{\"0\":0.0000001969,\"1\":0.0000001352,\"2\":0.0001181317,\"3\":0.1025936253,\"4\":0.2980528097,\"5\":0.5395324781,\"6\":0.2949242219}}"}