{"source_name": "SUPPARSI2013_BRICK", "target_name": "SARA_W-WLI-H1-3", "source_damage_states": [0, 1, 2, 3, 4, 5, 6], "target_damage_states": [0, 1, 2, 3, 4], "conv_matrix": "{\"0\":{\"0\":0.9977258627,\"1\":0.0000073852,\"2\":0.0460814106,\"3\":0.0133357777,\"4\":0.007141381,\"5\":0.0002807171,\"6\":0.0218156263},\"1\":{\"0\":0.0022551138,\"1\":0.2389696399,\"2\":0.4736633512,\"3\":0.2017914986,\"4\":0.0561687947,\"5\":0.002328839,\"6\":0.0290833984},\"2\":{\"0\":0.0000190116,\"1\":0.5795799219,\"2\":0.4796284849,\"3\":0.4490507766,\"4\":0.3006118464,\"5\":0.1683139785,\"6\":0.154394682},\"3\":{\"0\":0.0000000118,\"1\":0.1814430513,\"2\":0.0006267478,\"3\":0.3265760576,\"4\":0.4506871852,\"5\":0.2383095948,\"6\":0.3580649235},\"4\":{\"0\":0.0,\"1\":0.0000000016,\"2\":0.0000000056,\"3\":0.0092458895,\"4\":0.1853907928,\"5\":0.5907668706,\"6\":0.4366413699}}"}