{"source_name": "SUPPASRI2013_W3", "target_name": "SARA_W-WBB-H1", "source_damage_states": [0, 1, 2, 3, 4, 5, 6], "target_damage_states": [0, 1, 2, 3, 4], "conv_matrix": "{\"0\":{\"0\":0.9940773089,\"1\":0.0000073838,\"2\":0.042645694,\"3\":0.0087232428,\"4\":0.0042701358,\"5\":0.0001241699,\"6\":0.0112618231},\"1\":{\"0\":0.0000172186,\"1\":0.2457848197,\"2\":0.5438185716,\"3\":0.0983496878,\"4\":0.0027796473,\"5\":0.0000602772,\"6\":0.0003616134},\"2\":{\"0\":0.0059054718,\"1\":0.2382526991,\"2\":0.3980408957,\"3\":0.4746521498,\"4\":0.4873349392,\"5\":0.355021089,\"6\":0.516635872},\"3\":{\"0\":0.0000000007,\"1\":0.5159550971,\"2\":0.0154948254,\"3\":0.4075216725,\"4\":0.3166050956,\"5\":0.1060269679,\"6\":0.0531322622},\"4\":{\"0\":0.0,\"1\":0.0000000004,\"2\":0.0000000133,\"3\":0.0107532471,\"4\":0.1890101821,\"5\":0.538767496,\"6\":0.4186084293}}"}