{"source_name": "SUPPARSI2013_W1", "target_name": "SARA_MR-DUC-H1-3", "source_damage_states": [0, 1, 2, 3, 4, 5, 6], "target_damage_states": [0, 1, 2, 3, 4], "conv_matrix": "{\"0\":{\"0\":0.9999566516,\"1\":0.0000076707,\"2\":0.0789585966,\"3\":0.0207761106,\"4\":0.0185099742,\"5\":0.0010065656,\"6\":0.049342298},\"1\":{\"0\":0.0000108864,\"1\":0.999832314,\"2\":0.9050620066,\"3\":0.1588975695,\"4\":0.0000315894,\"5\":0.000000015,\"6\":0.0},\"2\":{\"0\":0.0000324589,\"1\":0.0000235228,\"2\":0.0154605179,\"3\":0.5211979482,\"4\":0.4695932199,\"5\":0.2084764971,\"6\":0.3020318264},\"3\":{\"0\":0.0000000031,\"1\":0.0001363987,\"2\":0.0005182321,\"3\":0.2443576145,\"4\":0.2970554764,\"5\":0.303864739,\"6\":0.3374783505},\"4\":{\"0\":0.0,\"1\":0.0000000938,\"2\":0.0000006467,\"3\":0.0547707571,\"4\":0.2148097401,\"5\":0.4866521833,\"6\":0.3111475251}}"}