{"source_name": "Supparsi_2013_RC2", "target_name": "SARA_W_WHE_H_1_3", "source_damage_states": [0, 1, 2, 3, 4, 5, 6], "target_damage_states": [0, 1, 2, 3, 4], "conv_matrix": "{\"0\":{\"0\":0.1029215762,\"1\":0.0220555411,\"2\":0.0008810911,\"3\":0.0000000203,\"4\":0.0000000001,\"5\":5.317426042e-19,\"6\":6.565769218e-20},\"1\":{\"0\":0.889605561,\"1\":0.5248594907,\"2\":0.2042691301,\"3\":0.0062322154,\"4\":0.0001053995,\"5\":0.0000000001,\"6\":0.0},\"2\":{\"0\":0.0061108769,\"1\":0.4530762635,\"2\":0.7948080851,\"3\":0.5159146106,\"4\":0.1977844532,\"5\":0.0000181433,\"6\":0.0000002709},\"3\":{\"0\":0.0013619858,\"1\":0.0000087048,\"2\":0.0000416936,\"3\":0.4338280805,\"4\":0.5869612698,\"5\":0.2813543104,\"6\":0.5431072989},\"4\":{\"0\":0.0,\"1\":0.0,\"2\":0.0000000001,\"3\":0.0440250732,\"4\":0.2151488774,\"5\":0.7186275462,\"6\":0.4568924302}}"}