{"source_name": "Supparsi2013_RC1", "target_name": "SARA_CR-LFINF-DUC-H4-7", "source_damage_states": [0, 1, 2, 3, 4, 5, 6], "target_damage_states": [0, 1, 2, 3, 4], "conv_matrix": "{\"0\":{\"0\":0.8121537722,\"1\":0.044138182,\"2\":0.0024678733,\"3\":0.0039724234,\"4\":0.0003011843,\"5\":0.0000540974,\"6\":0.0008001921},\"1\":{\"0\":0.1864514476,\"1\":0.726042371,\"2\":0.1089869216,\"3\":0.3711760493,\"4\":0.2056655456,\"5\":0.1594842102,\"6\":0.4110789607},\"2\":{\"0\":0.0012933198,\"1\":0.2294375298,\"2\":0.6704479215,\"3\":0.2222176391,\"4\":0.0815468827,\"5\":0.0005662811,\"6\":0.0001298701},\"3\":{\"0\":0.0000981665,\"1\":0.0003819171,\"2\":0.2180972835,\"3\":0.3574330574,\"4\":0.4844644273,\"5\":0.0646696491,\"6\":0.0154346275},\"4\":{\"0\":0.0000032938,\"1\":0.0,\"2\":0.0000000001,\"3\":0.0452008308,\"4\":0.2280219602,\"5\":0.7752257623,\"6\":0.5725563496}}"}