{"source_name": "SUPPASRI2013_BRICK", "target_name": "HAZUS_W1", "source_damage_states": [0, 1, 2, 3, 4, 5, 6], "target_damage_states": [0, 1, 2, 3, 4], "conv_matrix": "{\"0\":{\"0\":0.9977284551,\"1\":0.0000073773,\"2\":0.0449386548,\"3\":0.0133303533,\"4\":0.0071902422,\"5\":0.0002830934,\"6\":0.0219945179},\"1\":{\"0\":0.002253739,\"1\":0.2334062221,\"2\":0.4932022791,\"3\":0.1907763661,\"4\":0.0494752364,\"5\":0.0016676904,\"6\":0.0234269781},\"2\":{\"0\":0.0000177947,\"1\":0.5768861043,\"2\":0.4609636095,\"3\":0.4475460122,\"4\":0.2997966604,\"5\":0.1701671479,\"6\":0.1558760454},\"3\":{\"0\":0.0000000112,\"1\":0.1897002954,\"2\":0.0008954522,\"3\":0.3399888429,\"4\":0.4575908739,\"5\":0.2349668749,\"6\":0.3532961537},\"4\":{\"0\":0.0,\"1\":0.0000000009,\"2\":0.0000000044,\"3\":0.0083584255,\"4\":0.1859469871,\"5\":0.5929151934,\"6\":0.4454063049}}"}