{"source_name": "SUPPASRI2013_RC2", "target_name": "HAZUS_URMM", "source_damage_states": [0, 1, 2, 3, 4, 5, 6], "target_damage_states": [0, 1, 2, 3, 4], "conv_matrix": "{\"0\":{\"0\":0.9146555962,\"1\":0.0412564537,\"2\":0.0022195268,\"3\":0.0146349539,\"4\":0.0016952917,\"5\":0.0005169174,\"6\":0.0057335742},\"1\":{\"0\":0.0827539258,\"1\":0.9567238394,\"2\":0.6059570271,\"3\":0.2899506084,\"4\":0.0533153038,\"5\":0.0003152853,\"6\":0.0003947323},\"2\":{\"0\":0.0024592807,\"1\":0.0018130204,\"2\":0.2091137702,\"3\":0.3640934641,\"4\":0.3038777,\"5\":0.1507111899,\"6\":0.3525989079},\"3\":{\"0\":0.0001261861,\"1\":0.0002066865,\"2\":0.1827096744,\"3\":0.28076799,\"4\":0.4289285776,\"5\":0.1572510422,\"6\":0.1743637797},\"4\":{\"0\":0.0000050112,\"1\":0.0,\"2\":0.0000000014,\"3\":0.0505529836,\"4\":0.2121831269,\"5\":0.6912055652,\"6\":0.4669090059}}"}