{"source_name": "SUPPARSI_2013_W1", "target_name": "SARA_CR_LWAL_DUC_H_8_19", "source_damage_states": [0, 1, 2, 3, 4, 5, 6], "target_damage_states": [0, 1, 2, 3, 4], "conv_matrix": "{\"0\":{\"0\":0.720793224,\"1\":0.0000731432,\"2\":0.0928087979,\"3\":0.0000038462,\"4\":0.0,\"5\":3.288559126e-19,\"6\":8.557127571e-21},\"1\":{\"0\":0.2399300037,\"1\":0.7361954302,\"2\":0.8455299157,\"3\":0.070682468,\"4\":0.0000191041,\"5\":0.0000000003,\"6\":0.0},\"2\":{\"0\":0.0392757645,\"1\":0.1845535461,\"2\":0.061355139,\"3\":0.5407634506,\"4\":0.0222982595,\"5\":0.000088253,\"6\":0.0000106474},\"3\":{\"0\":0.0000010078,\"1\":0.0000000152,\"2\":0.0000113318,\"3\":0.1717192105,\"4\":0.5400819268,\"5\":0.4216706446,\"6\":0.5474272279},\"4\":{\"0\":0.0,\"1\":0.0791778653,\"2\":0.0002948156,\"3\":0.2168310247,\"4\":0.4376007095,\"5\":0.5782411021,\"6\":0.4525621248}}"}