{"source_name": "SUPPASRI2013_RC1", "target_name": "SARA_MUR-H2-3", "source_damage_states": [0, 1, 2, 3, 4, 5, 6], "target_damage_states": [0, 1, 2, 3, 4], "conv_matrix": "{\"0\":{\"0\":0.9592244457,\"1\":0.0420501724,\"2\":0.0022893747,\"3\":0.0183207036,\"4\":0.0022678336,\"5\":0.0008891664,\"6\":0.0091568737},\"1\":{\"0\":0.0385840608,\"1\":0.9528175379,\"2\":0.5007832203,\"3\":0.3060742135,\"4\":0.0721944474,\"5\":0.002259194,\"6\":0.0021937389},\"2\":{\"0\":0.0004672511,\"1\":0.0051322806,\"2\":0.4969259252,\"3\":0.3637437789,\"4\":0.2251440137,\"5\":0.0018895904,\"6\":0.0007727101},\"3\":{\"0\":0.0017216821,\"1\":0.0000000091,\"2\":0.0000014724,\"3\":0.2625754712,\"4\":0.4888558646,\"5\":0.3264376619,\"6\":0.5535763928},\"4\":{\"0\":0.0000025603,\"1\":0.0,\"2\":0.0000000074,\"3\":0.0492858328,\"4\":0.2115378407,\"5\":0.6685243873,\"6\":0.4343002844}}"}