{"source_schema": "SUPPASRI2013_v2.0", "source_taxonomy": "RC2", "target_schema": "SARA_v1.0", "target_taxonomy": "MUR-STRUB-H1-2", "source_damage_states": [0, 1, 2, 3, 4, 5, 6], "target_damage_states": [0, 1, 2, 3, 4], "conv_matrix": {"0": {"0": 0.9779622051, "1": 0.0406337178, "2": 0.002664373, "3": 0.024172033, "4": 0.0038795561, "5": 0.0014554872, "6": 0.015303832}, "1": {"0": 0.0161057692, "1": 0.9334785351, "2": 0.3967038572, "3": 0.0627388298, "4": 0.0028999817, "5": 5.02e-08, "6": 1.09e-08}, "2": {"0": 0.0058460218, "1": 0.0258168085, "2": 0.5140513596, "3": 0.5732780176, "4": 0.3121562035, "5": 0.1326305736, "6": 0.3429357932}, "3": {"0": 8.51618e-05, "1": 7.09386e-05, "2": 0.0865804044, "3": 0.2900811248, "4": 0.4537216173, "5": 0.2092262858, "6": 0.2452502535}, "4": {"0": 8.421e-07, "1": 0.0, "2": 5.9e-09, "3": 0.0497299949, "4": 0.2273426413, "5": 0.6566876032, "6": 0.3965101104}}}