{"source_name": "SUPPASRI2013_RC2", "target_name": "HAZUS_C1L", "source_damage_states": [0, 1, 2, 3, 4, 5, 6], "target_damage_states": [0, 1, 2, 3, 4], "conv_matrix": "{\"0\":{\"0\":0.9143290679,\"1\":0.0412664813,\"2\":0.0022194594,\"3\":0.0146132105,\"4\":0.0016947134,\"5\":0.0005169207,\"6\":0.0057336049},\"1\":{\"0\":0.0844264006,\"1\":0.8130053486,\"2\":0.1922100221,\"3\":0.118736432,\"4\":0.01424511,\"5\":0.0028870252,\"6\":0.0213350287},\"2\":{\"0\":0.0012377214,\"1\":0.1427492384,\"2\":0.3641507894,\"3\":0.4110914577,\"4\":0.2314782179,\"5\":0.1139195939,\"6\":0.3093489382},\"3\":{\"0\":0.0000023332,\"1\":0.0029789317,\"2\":0.4414197278,\"3\":0.3946419884,\"4\":0.4991718018,\"5\":0.060949216,\"6\":0.0134474655},\"4\":{\"0\":0.0000044769,\"1\":0.0,\"2\":0.0000000014,\"3\":0.0609169113,\"4\":0.2534101569,\"5\":0.8217272441,\"6\":0.6501349628}}"}