{"source_name": "SUPPASRI2013_RC2", "target_name": "SARA_CR-LFM-DUC-H4-7", "source_damage_states": [0, 1, 2, 3, 4, 5, 6], "target_damage_states": [0, 1, 2, 3, 4], "conv_matrix": "{\"0\":{\"0\":0.8421912952,\"1\":0.0412299081,\"2\":0.0022174198,\"3\":0.0043538276,\"4\":0.0003257376,\"5\":0.0000751063,\"6\":0.0010562345},\"1\":{\"0\":0.1253051165,\"1\":0.9439937499,\"2\":0.4178085517,\"3\":0.3309723018,\"4\":0.1177912864,\"5\":0.03759212,\"6\":0.0890688687},\"2\":{\"0\":0.0324327287,\"1\":0.0118765364,\"2\":0.1530317773,\"3\":0.2111447221,\"4\":0.1932702641,\"5\":0.1626661222,\"6\":0.3660886831},\"3\":{\"0\":0.0000706525,\"1\":0.002899528,\"2\":0.4266998294,\"3\":0.3385021966,\"4\":0.3614921221,\"5\":0.2452799401,\"6\":0.2467389187},\"4\":{\"0\":0.0000002072,\"1\":0.0000002776,\"2\":0.0002424219,\"3\":0.1150269519,\"4\":0.3271205898,\"5\":0.5543867114,\"6\":0.297047295}}"}