{"source_name": "SUPPARSI2013_S2", "target_name": "SARA_S-LFM-H4-7", "source_damage_states": [0, 1, 2, 3, 4, 5, 6], "target_damage_states": [0, 1, 2, 3, 4], "conv_matrix": "{\"0\":{\"0\":0.9977427262,\"1\":0.0000073607,\"2\":0.044487149,\"3\":0.0143310285,\"4\":0.0080298584,\"5\":0.0002718704,\"6\":0.0202825663},\"1\":{\"0\":0.0000422988,\"1\":0.4035909072,\"2\":0.6557373911,\"3\":0.0673131454,\"4\":0.0000372354,\"5\":0.0000000022,\"6\":0.0000000001},\"2\":{\"0\":0.0022149749,\"1\":0.2211386053,\"2\":0.2954642615,\"3\":0.5098268405,\"4\":0.4583570459,\"5\":0.2266614229,\"6\":0.4730296568},\"3\":{\"0\":0.0000000001,\"1\":0.3752631266,\"2\":0.004311198,\"3\":0.4044843434,\"4\":0.3868688159,\"5\":0.1966710652,\"6\":0.1084967326},\"4\":{\"0\":0.0,\"1\":0.0000000001,\"2\":0.0000000004,\"3\":0.0040446421,\"4\":0.1467070444,\"5\":0.5763956393,\"6\":0.3981910443}}"}