{"source_name": "SUPPASRI2013_BRICK", "target_name": "SARA_CR-LDUAL-DUC-H4-7", "source_damage_states": [0, 1, 2, 3, 4, 5, 6], "target_damage_states": [0, 1, 2, 3, 4], "conv_matrix": "{\"0\":{\"0\":0.9927716905,\"1\":0.0000073589,\"2\":0.0382246498,\"3\":0.0054884298,\"4\":0.0044173922,\"5\":0.0002277836,\"6\":0.0193264336},\"1\":{\"0\":0.0071665572,\"1\":0.2430983737,\"2\":0.7037623348,\"3\":0.2525451823,\"4\":0.11874699,\"5\":0.0110150802,\"6\":0.0664805627},\"2\":{\"0\":0.0000617438,\"1\":0.1572403596,\"2\":0.1178370326,\"3\":0.2804442374,\"4\":0.3670872507,\"5\":0.2901702326,\"6\":0.4259362011},\"3\":{\"0\":0.0000000085,\"1\":0.5828940422,\"2\":0.1399919685,\"3\":0.3340100203,\"4\":0.2932961091,\"5\":0.2118974466,\"6\":0.177380585},\"4\":{\"0\":0.0,\"1\":0.0167598656,\"2\":0.0001840143,\"3\":0.1275121303,\"4\":0.216452258,\"5\":0.486689457,\"6\":0.3108762176}}"}