{"source_name": "SUPPASRI2013_S3", "target_name": "SARA_CR-LWAL-DNO-H1-3", "source_damage_states": [0, 1, 2, 3, 4, 5, 6], "target_damage_states": [0, 1, 2, 3, 4], "conv_matrix": "{\"0\":{\"0\":0.1300523443,\"1\":0.2071583214,\"2\":0.6035377492,\"3\":0.0449853747,\"4\":0.0000146716,\"5\":0.0000000006,\"6\":0.0},\"1\":{\"0\":0.8699051726,\"1\":0.0265576593,\"2\":0.0983716859,\"3\":0.3063850664,\"4\":0.2110096489,\"5\":0.0745892198,\"6\":0.1770505936},\"2\":{\"0\":0.0000424412,\"1\":0.0000029029,\"2\":0.0031514937,\"3\":0.0987401131,\"4\":0.2900660054,\"5\":0.2436843375,\"6\":0.4329942487},\"3\":{\"0\":0.0000000419,\"1\":0.7662811165,\"2\":0.2949390712,\"3\":0.5498820034,\"4\":0.488031689,\"5\":0.2989377818,\"6\":0.0376546408},\"4\":{\"0\":0.0,\"1\":1.404978036e-19,\"2\":0.0,\"3\":0.0000074424,\"4\":0.0108779851,\"5\":0.3827886603,\"6\":0.3523005169}}"}