{"source_name": "Supparsi2013_RC1", "target_name": "SARA_CR-LFM-DNO-SOS-H1-3", "source_damage_states": [0, 1, 2, 3, 4, 5, 6], "target_damage_states": [0, 1, 2, 3, 4], "conv_matrix": "{\"0\":{\"0\":0.020743042,\"1\":0.1554581718,\"2\":0.0223687184,\"3\":0.0001122573,\"4\":0.0000008933,\"5\":0.0,\"6\":0.0},\"1\":{\"0\":0.9776856397,\"1\":0.7919269764,\"2\":0.217985887,\"3\":0.359846521,\"4\":0.1752483621,\"5\":0.1313646953,\"6\":0.3459289848},\"2\":{\"0\":0.0007124488,\"1\":0.0000002372,\"2\":0.0000007205,\"3\":0.0880680317,\"4\":0.1161142179,\"5\":0.1323785997,\"6\":0.1930072559},\"3\":{\"0\":0.0008561358,\"1\":0.0526146146,\"2\":0.7596446741,\"3\":0.5344128616,\"4\":0.63620572,\"5\":0.1532306442,\"6\":0.0221857319},\"4\":{\"0\":0.0000027337,\"1\":0.0,\"2\":0.0,\"3\":0.0175603284,\"4\":0.0724308066,\"5\":0.5830260608,\"6\":0.4388780274}}"}