{"source_name": "SUPPARSI2013_BRICK", "target_name": "HAZUS_S4H", "source_damage_states": [0, 1, 2, 3, 4, 5, 6], "target_damage_states": [0, 1, 2, 3, 4], "conv_matrix": "{\"0\":{\"0\":0.9931173695,\"1\":0.0000073937,\"2\":0.0382952262,\"3\":0.0056287897,\"4\":0.0043553814,\"5\":0.0001810431,\"6\":0.0143959814},\"1\":{\"0\":0.0000394026,\"1\":0.8008062556,\"2\":0.9235880206,\"3\":0.1469327509,\"4\":0.0000305975,\"5\":0.000000002,\"6\":0.0},\"2\":{\"0\":0.0068432278,\"1\":0.0063037471,\"2\":0.0376222649,\"3\":0.3533759884,\"4\":0.1678433374,\"5\":0.0119004329,\"6\":0.140947101},\"3\":{\"0\":0.0,\"1\":0.1928826031,\"2\":0.0004944654,\"3\":0.478712478,\"4\":0.6312240945,\"5\":0.4051327252,\"6\":0.4322429928},\"4\":{\"0\":0.0,\"1\":0.0000000004,\"2\":0.0000000229,\"3\":0.015349993,\"4\":0.1965465891,\"5\":0.5827857967,\"6\":0.4124139247}}"}