{"source_name": "SUPPASRI2013_W2", "target_name": "SARA_CR-LFLS-DNO-H1-3", "source_damage_states": [0, 1, 2, 3, 4, 5, 6], "target_damage_states": [0, 1, 2, 3, 4], "conv_matrix": "{\"0\":{\"0\":0.0018554864,\"1\":0.0001026847,\"2\":0.0791147792,\"3\":0.0000601528,\"4\":0.0000000016,\"5\":0.0,\"6\":0.0},\"1\":{\"0\":0.9981396983,\"1\":0.1086684787,\"2\":0.3711841819,\"3\":0.3316580308,\"4\":0.3223074981,\"5\":0.1703639456,\"6\":0.3424549014},\"2\":{\"0\":0.0000032875,\"1\":0.000000357,\"2\":0.0000208042,\"3\":0.0701961383,\"4\":0.1730751591,\"5\":0.2408532224,\"6\":0.3247973812},\"3\":{\"0\":0.0000015278,\"1\":0.8912284796,\"2\":0.5496802347,\"3\":0.5980814723,\"4\":0.4970299862,\"5\":0.3000755642,\"6\":0.0409224106},\"4\":{\"0\":0.0,\"1\":1.547486241e-20,\"2\":0.0,\"3\":0.0000042057,\"4\":0.007587355,\"5\":0.2887072678,\"6\":0.2918253067}}"}