{"source_name": "SUPPARSI_2013_S3", "target_name": "SARA_ER_ETR_H_1_2", "source_damage_states": [0, 1, 2, 3, 4, 5, 6], "target_damage_states": [0, 1, 2, 3, 4], "conv_matrix": "{\"0\":{\"0\":0.6869476853,\"1\":0.0000004264,\"2\":0.0247020797,\"3\":0.000000112,\"4\":0.0,\"5\":3.753846179e-19,\"6\":2.504739158e-20},\"1\":{\"0\":0.2765260693,\"1\":0.6279119934,\"2\":0.9287000463,\"3\":0.0543968501,\"4\":0.0000053927,\"5\":0.0,\"6\":0.0},\"2\":{\"0\":0.0365262452,\"1\":0.3720684271,\"2\":0.0465922757,\"3\":0.7954147904,\"4\":0.1868470906,\"5\":0.021899248,\"6\":0.0099977668},\"3\":{\"0\":0.0000000002,\"1\":0.0000191531,\"2\":0.0000055922,\"3\":0.1464922255,\"4\":0.675797864,\"5\":0.5860441122,\"6\":0.6151082055},\"4\":{\"0\":3.497074532e-18,\"1\":0.0,\"2\":0.0000000061,\"3\":0.0036960219,\"4\":0.1373496527,\"5\":0.3920566397,\"6\":0.3748940277}}"}