{"source_schema": "SUPPASRI2013_v2.0", "source_taxonomy": "RC2", "target_schema": "SARA_v1.0", "target_taxonomy": "CR-LWAL-DNO-H4-7", "source_damage_states": [0, 1, 2, 3, 4, 5, 6], "target_damage_states": [0, 1, 2, 3, 4], "conv_matrix": {"0": {"0": 0.0342728397, "1": 0.4087495223, "2": 0.0707165227, "3": 0.0006683216, "4": 6.9169e-06, "5": 0.0, "6": 0.0}, "1": {"0": 0.9642876462, "1": 0.450262139, "2": 0.0844182227, "3": 0.3186306041, "4": 0.1220228552, "5": 0.0737660869, "6": 0.2694178998}, "2": {"0": 0.0012650688, "1": 7.05888e-05, "2": 0.0001512947, "3": 0.1302955924, "4": 0.1687895592, "5": 0.2332863227, "6": 0.3708444859}, "3": {"0": 0.0001743693, "1": 0.14091775, "2": 0.8447139599, "3": 0.539706889, "4": 0.6526536938, "5": 0.1556212535, "6": 0.0207114018}, "4": {"0": 7.6e-08, "1": 0.0, "2": 0.0, "3": 0.0106985929, "4": 0.0565269749, "5": 0.5373263368, "6": 0.3390262126}}}