{"source_name": "SUPPARSI_2013_W1", "target_name": "SARA_MUR_H3", "source_damage_states": [0, 1, 2, 3, 4, 5, 6], "target_damage_states": [0, 1, 2, 3, 4], "conv_matrix": "{\"0\":{\"0\":0.7252756411,\"1\":0.0129218115,\"2\":0.2096093585,\"3\":0.0000083691,\"4\":0.0,\"5\":6.705494884e-19,\"6\":1.470109513e-20},\"1\":{\"0\":0.2744664741,\"1\":0.4237532964,\"2\":0.663188732,\"3\":0.1525381606,\"4\":0.0001049821,\"5\":0.0000000046,\"6\":0.0000000002},\"2\":{\"0\":0.0002578848,\"1\":0.4526626192,\"2\":0.1228935816,\"3\":0.6121261791,\"4\":0.416575138,\"5\":0.0896514622,\"6\":0.0326618985},\"3\":{\"0\":0.0,\"1\":0.1106622729,\"2\":0.004308328,\"3\":0.2351850532,\"4\":0.5344833783,\"5\":0.1945290081,\"6\":0.0451297884},\"4\":{\"0\":0.0,\"1\":2.345872742e-19,\"2\":0.0,\"3\":0.000142238,\"4\":0.0488365015,\"5\":0.7158195251,\"6\":0.922208313}}"}