{"source_name": "SUPPARSI2013_S1", "target_name": "SARA_CR-LFM-DNO-H4-7", "source_damage_states": [0, 1, 2, 3, 4, 5, 6], "target_damage_states": [0, 1, 2, 3, 4], "conv_matrix": "{\"0\":{\"0\":0.0018551484,\"1\":0.0001586748,\"2\":0.0953779721,\"3\":0.0000590834,\"4\":0.0000000009,\"5\":0.0,\"6\":3.157767388e-16},\"1\":{\"0\":0.9981411984,\"1\":0.1107508042,\"2\":0.3675051164,\"3\":0.3408398705,\"4\":0.458300162,\"5\":0.3008974861,\"6\":0.5115339549},\"2\":{\"0\":0.0000036359,\"1\":0.2451654453,\"2\":0.3580447543,\"3\":0.1970773702,\"4\":0.0320354449,\"5\":0.0007963461,\"6\":0.0002300708},\"3\":{\"0\":0.0000000173,\"1\":0.6439250757,\"2\":0.1790721572,\"3\":0.4620147314,\"4\":0.4963577835,\"5\":0.3000319814,\"6\":0.0409430508},\"4\":{\"0\":0.0,\"1\":5.548920874e-20,\"2\":0.0,\"3\":0.0000089445,\"4\":0.0133066088,\"5\":0.3982741863,\"6\":0.4472929236}}"}