{"source_name": "Supparsi_2013_RC1", "target_name": "SARA_MUR_STRUB_H_1_2", "source_damage_states": [0, 1, 2, 3, 4, 5, 6], "target_damage_states": [0, 1, 2, 3, 4], "conv_matrix": "{\"0\":{\"0\":0.0990897052,\"1\":0.0235618512,\"2\":0.0013328709,\"3\":0.0000000142,\"4\":0.0,\"5\":2.632922316e-20,\"6\":2.176134929e-21},\"1\":{\"0\":0.8933657774,\"1\":0.967975976,\"2\":0.7295787068,\"3\":0.0717327349,\"4\":0.0036039339,\"5\":0.0000000008,\"6\":0.0000000003},\"2\":{\"0\":0.0075445013,\"1\":0.0084616003,\"2\":0.2687882335,\"3\":0.6570325139,\"4\":0.305863171,\"5\":0.0088791645,\"6\":0.0042183182},\"3\":{\"0\":0.0000000004,\"1\":0.0000005726,\"2\":0.0003001888,\"3\":0.2416211999,\"4\":0.6223006646,\"5\":0.2190394825,\"6\":0.0867967405},\"4\":{\"0\":0.0000000157,\"1\":0.0,\"2\":0.0,\"3\":0.0296135371,\"4\":0.0682322304,\"5\":0.7720813522,\"6\":0.908984941}}"}