{"source_name": "SUPPARSI2013_RC3", "target_name": "SARA_CR-LFM-DUC-H4-7", "source_damage_states": [0, 1, 2, 3, 4, 5, 6], "target_damage_states": [0, 1, 2, 3, 4], "conv_matrix": "{\"0\":{\"0\":0.9919288378,\"1\":0.000007352,\"2\":0.0382405885,\"3\":0.0041016109,\"4\":0.0020429485,\"5\":0.000050695,\"6\":0.0056322339},\"1\":{\"0\":0.0064134002,\"1\":0.4338454274,\"2\":0.7701067891,\"3\":0.3625110861,\"4\":0.1725669001,\"5\":0.063128011,\"6\":0.0601068243},\"2\":{\"0\":0.0016577516,\"1\":0.0863708136,\"2\":0.1006938562,\"3\":0.1803960692,\"4\":0.3093309548,\"5\":0.1832367396,\"6\":0.3916758167},\"3\":{\"0\":0.0000000104,\"1\":0.4779504469,\"2\":0.0908596405,\"3\":0.3294511652,\"4\":0.2995840748,\"5\":0.2669196009,\"6\":0.2315637401},\"4\":{\"0\":0.0,\"1\":0.0018259602,\"2\":0.0000991257,\"3\":0.1235400687,\"4\":0.2164751218,\"5\":0.4866649535,\"6\":0.3110213849}}"}