{"source_name": "SUPPARSI_2013_S3", "target_name": "SARA_CR_LFM_DNO_SOS_H_4_7", "source_damage_states": [0, 1, 2, 3, 4, 5, 6], "target_damage_states": [0, 1, 2, 3, 4], "conv_matrix": "{\"0\":{\"0\":0.3369734013,\"1\":0.0000002085,\"2\":0.0121221436,\"3\":0.0000000688,\"4\":0.0,\"5\":8.821391354e-17,\"6\":1.03484286e-17},\"1\":{\"0\":0.6609381718,\"1\":0.7531461521,\"2\":0.959041998,\"3\":0.1876341055,\"4\":0.0000382857,\"5\":0.0000000003,\"6\":0.0},\"2\":{\"0\":0.0020880955,\"1\":0.2468536381,\"2\":0.0288309777,\"3\":0.6506332654,\"4\":0.0852123504,\"5\":0.0006032911,\"6\":0.0000388692},\"3\":{\"0\":0.0000003314,\"1\":0.0000000014,\"2\":0.0000048791,\"3\":0.158650241,\"4\":0.768724627,\"5\":0.5094180729,\"6\":0.560304669},\"4\":{\"0\":1.83092656e-20,\"1\":0.0,\"2\":0.0000000016,\"3\":0.0030823193,\"4\":0.1460247369,\"5\":0.4899786357,\"6\":0.4396564618}}"}