{"source_name": "SUPPARSI_2013_BRICK", "target_name": "SARA_MR_DNO_H_1_3", "source_damage_states": [0, 1, 2, 3, 4, 5, 6], "target_damage_states": [0, 1, 2, 3, 4], "conv_matrix": "{\"0\":{\"0\":0.6833977076,\"1\":0.0000004237,\"2\":0.024472317,\"3\":0.0000000548,\"4\":0.0,\"5\":9.2317313e-23,\"6\":7.637620056e-25},\"1\":{\"0\":0.2771880087,\"1\":0.9999986374,\"2\":0.9399847062,\"3\":0.4308954061,\"4\":0.0059956562,\"5\":0.0000020095,\"6\":0.0000000159},\"2\":{\"0\":0.0394140991,\"1\":0.0000009374,\"2\":0.0355259465,\"3\":0.3744732703,\"4\":0.0663127207,\"5\":0.0005686218,\"6\":0.0000337709},\"3\":{\"0\":0.0000001846,\"1\":0.0000000014,\"2\":0.0000170282,\"3\":0.1901706426,\"4\":0.6982849517,\"5\":0.1771924088,\"6\":0.0542407428},\"4\":{\"0\":0.0,\"1\":0.0,\"2\":0.0000000021,\"3\":0.0044606262,\"4\":0.2294066715,\"5\":0.8222369599,\"6\":0.9457254704}}"}