{"source_schema": "SUPPASRI2013_v2.0", "source_taxonomy": "RC2", "target_schema": "SARA_v1.0", "target_taxonomy": "CR-LFLS-DNO-H1-3", "source_damage_states": [0, 1, 2, 3, 4, 5, 6], "target_damage_states": [0, 1, 2, 3, 4], "conv_matrix": {"0": {"0": 0.0226263582, "1": 0.08411658, "2": 0.0085339728, "3": 0.000109869, "4": 8.598e-07, "5": 0.0, "6": 0.0}, "1": {"0": 0.975413514, "1": 0.6546432369, "2": 0.0788553545, "3": 0.32804883, "4": 0.1676433904, "5": 0.1243623549, "6": 0.3553295631}, "2": {"0": 0.0006347138, "1": 5.2694e-06, "2": 3.1836e-06, "3": 0.0951957919, "4": 0.1368070286, "5": 0.2618164194, "6": 0.3437696607}, "3": {"0": 0.001325338, "1": 0.2612349137, "2": 0.9126074892, "3": 0.5664930408, "4": 0.6452041742, "5": 0.1555714687, "6": 0.0208328989}, "4": {"0": 7.61e-08, "1": 0.0, "2": 0.0, "3": 0.0101524682, "4": 0.050344547, "5": 0.458249757, "6": 0.2800678773}}}