{"source_name": "SUPPASRI2013_RC2", "target_name": "SARA_W-WLI-H1-3", "source_damage_states": [0, 1, 2, 3, 4, 5, 6], "target_damage_states": [0, 1, 2, 3, 4], "conv_matrix": "{\"0\":{\"0\":0.9429859723,\"1\":0.0440167587,\"2\":0.0024281577,\"3\":0.014531524,\"4\":0.0015393268,\"5\":0.0005082619,\"6\":0.0056723702},\"1\":{\"0\":0.0482157366,\"1\":0.1578318562,\"2\":0.4847219753,\"3\":0.1450155621,\"4\":0.0219480367,\"5\":0.0017828516,\"6\":0.0086742239},\"2\":{\"0\":0.0081508535,\"1\":0.7980769973,\"2\":0.4305884382,\"3\":0.4414132874,\"4\":0.2692633603,\"5\":0.1069619319,\"6\":0.2109434714},\"3\":{\"0\":0.0006470761,\"1\":0.0000743878,\"2\":0.0822614229,\"3\":0.3452874248,\"4\":0.463818251,\"5\":0.2052130486,\"6\":0.3359616777},\"4\":{\"0\":0.0000003614,\"1\":0.0,\"2\":0.0000000059,\"3\":0.0537522018,\"4\":0.2434310252,\"5\":0.685533906,\"6\":0.4387482568}}"}