{"source_name": "SUPPASRI2013_RC1", "target_name": "HAZUS_C2H", "source_damage_states": [0, 1, 2, 3, 4, 5, 6], "target_damage_states": [0, 1, 2, 3, 4], "conv_matrix": "{\"0\":{\"0\":0.8594894142,\"1\":0.0412384641,\"2\":0.0022179526,\"3\":0.0081992267,\"4\":0.0011245425,\"5\":0.0004372992,\"6\":0.0049432003},\"1\":{\"0\":0.1364707062,\"1\":0.91294953,\"2\":0.2555949582,\"3\":0.227250084,\"4\":0.0539839451,\"5\":0.0084560105,\"6\":0.0451568343},\"2\":{\"0\":0.0039729033,\"1\":0.0357328463,\"2\":0.1504421345,\"3\":0.299786005,\"4\":0.2642007648,\"5\":0.2446903107,\"6\":0.4769472589},\"3\":{\"0\":0.0000667552,\"1\":0.0100782793,\"2\":0.5908730971,\"3\":0.3418375685,\"4\":0.3466119274,\"5\":0.1920873067,\"6\":0.1760123176},\"4\":{\"0\":0.0000002211,\"1\":0.0000008803,\"2\":0.0008718576,\"3\":0.1229271159,\"4\":0.3340788202,\"5\":0.5543290729,\"6\":0.2969403888}}"}