{"source_name": "SUPPASRI2013_W2", "target_name": "HAZUS_S4L", "source_damage_states": [0, 1, 2, 3, 4, 5, 6], "target_damage_states": [0, 1, 2, 3, 4], "conv_matrix": "{\"0\":{\"0\":0.9931154797,\"1\":0.0000073684,\"2\":0.0384428332,\"3\":0.0056327279,\"4\":0.0043275436,\"5\":0.000180413,\"6\":0.0143967568},\"1\":{\"0\":0.0000392551,\"1\":0.800843534,\"2\":0.9233676647,\"3\":0.1468980609,\"4\":0.0000306739,\"5\":0.000000002,\"6\":0.0},\"2\":{\"0\":0.0068452652,\"1\":0.0063130275,\"2\":0.0377044226,\"3\":0.3534590105,\"4\":0.1674614173,\"5\":0.0118937832,\"6\":0.1409792504},\"3\":{\"0\":0.0,\"1\":0.1928360697,\"2\":0.0004850563,\"3\":0.4786534029,\"4\":0.6314605967,\"5\":0.4052784721,\"6\":0.4321880928},\"4\":{\"0\":0.0,\"1\":0.0000000004,\"2\":0.0000000231,\"3\":0.0153567978,\"4\":0.1967197685,\"5\":0.5826473296,\"6\":0.4124358999}}"}