{"source_name": "Supparsi_2013_RC1", "target_name": "SARA_W_WS_H_1_2", "source_damage_states": [0, 1, 2, 3, 4, 5, 6], "target_damage_states": [0, 1, 2, 3, 4], "conv_matrix": "{\"0\":{\"0\":0.1100384277,\"1\":0.0224923902,\"2\":0.000900271,\"3\":0.0000001412,\"4\":0.0000000007,\"5\":4.777365018e-18,\"6\":3.663867748e-19},\"1\":{\"0\":0.8886530702,\"1\":0.9749937864,\"2\":0.9947317473,\"3\":0.2161830365,\"4\":0.027161512,\"5\":0.0000000429,\"6\":0.0000000024},\"2\":{\"0\":0.0013023473,\"1\":0.0025138095,\"2\":0.0043678727,\"3\":0.4251350328,\"4\":0.2112384228,\"5\":0.0000564172,\"6\":0.0000045248},\"3\":{\"0\":0.0000061548,\"1\":0.0000000136,\"2\":0.0000000316,\"3\":0.2827290643,\"4\":0.4663041452,\"5\":0.4274039445,\"6\":0.7096273564},\"4\":{\"0\":0.0,\"1\":0.0000000003,\"2\":0.0000000775,\"3\":0.0759527252,\"4\":0.2952959193,\"5\":0.5725395955,\"6\":0.2903681164}}"}