{"source_schema": "SUPPASRI2013_v2.0", "source_taxonomy": "RC1", "target_schema": "SARA_v1.0", "target_taxonomy": "CR-LWAL-DUC-H4-7", "source_damage_states": [0, 1, 2, 3, 4, 5, 6], "target_damage_states": [0, 1, 2, 3, 4], "conv_matrix": {"0": {"0": 0.8278926645, "1": 0.0523264204, "2": 0.0034686254, "3": 0.0040982671, "4": 0.0003049905, "5": 5.3188e-05, "6": 0.0008376539}, "1": {"0": 0.1706192651, "1": 0.8963340845, "2": 0.2293584246, "3": 0.3526857323, "4": 0.1676137098, "5": 0.1176781325, "6": 0.3431743487}, "2": {"0": 0.0014434246, "1": 0.0490664619, "2": 0.3451135413, "3": 0.1792573725, "4": 0.1193933556, "5": 0.0502094434, "6": 0.0936585249}, "3": {"0": 4.32171e-05, "1": 0.0012978474, "2": 0.0688972047, "3": 0.1633667409, "4": 0.1942948126, "5": 0.2483963694, "6": 0.2679472717}, "4": {"0": 1.4287e-06, "1": 0.0009751858, "2": 0.3531622039, "3": 0.3005918872, "4": 0.5183931315, "5": 0.5836628667, "6": 0.2943822007}}}