{"source_name": "SUPPARSI2013_W2", "target_name": "SARA_CR-LFLS-DNO-H1-3", "source_damage_states": [0, 1, 2, 3, 4, 5, 6], "target_damage_states": [0, 1, 2, 3, 4], "conv_matrix": "{\"0\":{\"0\":0.0018527961,\"1\":0.0001027124,\"2\":0.0791532691,\"3\":0.0000600532,\"4\":0.0000000016,\"5\":0.0,\"6\":0.0},\"1\":{\"0\":0.9981423866,\"1\":0.1086857682,\"2\":0.3711100006,\"3\":0.3316968361,\"4\":0.3222500878,\"5\":0.1703869738,\"6\":0.3424475167},\"2\":{\"0\":0.0000032894,\"1\":0.0000003571,\"2\":0.0000208542,\"3\":0.0702064202,\"4\":0.1730666187,\"5\":0.2408627846,\"6\":0.3247916208},\"3\":{\"0\":0.0000015279,\"1\":0.8912111624,\"2\":0.5497158761,\"3\":0.5980324818,\"4\":0.4970976223,\"5\":0.3000536907,\"6\":0.0409346277},\"4\":{\"0\":0.0,\"1\":1.549289474e-20,\"2\":0.0,\"3\":0.0000042088,\"4\":0.0075856696,\"5\":0.2886965508,\"6\":0.2918262348}}"}