{"source_name": "SUPPARSI_2013_RC3", "target_name": "SARA_W_WBB_H_1", "source_damage_states": [0, 1, 2, 3, 4, 5, 6], "target_damage_states": [0, 1, 2, 3, 4], "conv_matrix": "{\"0\":{\"0\":0.6911180892,\"1\":0.0000004286,\"2\":0.0247489435,\"3\":0.0000000554,\"4\":0.0,\"5\":8.891144324e-23,\"6\":6.425627556e-25},\"1\":{\"0\":0.3084855525,\"1\":0.0328361482,\"2\":0.6901107223,\"3\":0.2151330061,\"4\":0.2551054932,\"5\":0.1552093892,\"6\":0.3846732906},\"2\":{\"0\":0.0003963583,\"1\":0.8620792114,\"2\":0.285140308,\"3\":0.6275514135,\"4\":0.2299714823,\"5\":0.0727561915,\"6\":0.0737441061},\"3\":{\"0\":2.746014091e-26,\"1\":0.1050842118,\"2\":0.0000000262,\"3\":0.155215203,\"4\":0.3628396827,\"5\":0.2775364946,\"6\":0.1896232907},\"4\":{\"0\":1.950618387e-28,\"1\":0.0,\"2\":0.0,\"3\":0.002100322,\"4\":0.1520833418,\"5\":0.4944979247,\"6\":0.3519593127}}"}