{"source_schema": "SUPPASRI2013_v2.0", "source_taxonomy": "S3", "target_schema": "SARA_v1.0", "target_taxonomy": "S-LFM-H4-7", "source_damage_states": [0, 1, 2, 3, 4, 5, 6], "target_damage_states": [0, 1, 2, 3, 4], "conv_matrix": {"0": {"0": 0.9956337267, "1": 7.3679e-06, "2": 0.042723686, "3": 0.0111123585, "4": 0.0058027915, "5": 0.0001840228, "6": 0.0148898253}, "1": {"0": 4.61075e-05, "1": 0.4021610056, "2": 0.6534650962, "3": 0.0686828096, "4": 3.98069e-05, "5": 2.4e-09, "6": 2e-10}, "2": {"0": 0.0043201658, "1": 0.2185184543, "2": 0.2994292016, "3": 0.5107241627, "4": 0.4628926521, "5": 0.2309458228, "6": 0.4839294993}, "3": {"0": 1e-10, "1": 0.379313172, "2": 0.0043820159, "3": 0.405524471, "4": 0.3851478991, "5": 0.19133641, "6": 0.1016836629}, "4": {"0": 0.0, "1": 1e-10, "2": 3e-10, "3": 0.0039561982, "4": 0.1461168504, "5": 0.577533742, "6": 0.3994970123}}}