{"source_name": "SUPPARSI_2013_S2", "target_name": "SARA_CR_LFLS_DUC_H_4_7", "source_damage_states": [0, 1, 2, 3, 4, 5, 6], "target_damage_states": [0, 1, 2, 3, 4], "conv_matrix": "{\"0\":{\"0\":0.7256165395,\"1\":0.0010090602,\"2\":0.2534002709,\"3\":0.0000267239,\"4\":0.0,\"5\":8.16252375e-19,\"6\":1.106932175e-20},\"1\":{\"0\":0.2743612656,\"1\":0.0000419054,\"2\":0.3796353323,\"3\":0.30896435,\"4\":0.4096922675,\"5\":0.2747330059,\"6\":0.5319613374},\"2\":{\"0\":0.0000221949,\"1\":0.998948573,\"2\":0.3669643069,\"3\":0.5173032601,\"4\":0.0078557295,\"5\":0.0000040324,\"6\":0.0000001746},\"3\":{\"0\":3.279185654e-20,\"1\":0.0000004614,\"2\":0.0000000899,\"3\":0.1734653315,\"4\":0.5572791531,\"5\":0.2227175871,\"6\":0.0411624607},\"4\":{\"0\":1.893801014e-26,\"1\":3.461879399e-17,\"2\":0.0,\"3\":0.0002403346,\"4\":0.0251728498,\"5\":0.5025453747,\"6\":0.4268760273}}"}