{"source_name": "SUPPARSI_2013_RC3", "target_name": "SARA_CR_LFLS_DUC_H_1_3", "source_damage_states": [0, 1, 2, 3, 4, 5, 6], "target_damage_states": [0, 1, 2, 3, 4], "conv_matrix": "{\"0\":{\"0\":0.6674457379,\"1\":0.0000004107,\"2\":0.0242783744,\"3\":0.0000002733,\"4\":0.0,\"5\":1.463671804e-17,\"6\":1.645815591e-18},\"1\":{\"0\":0.228487769,\"1\":0.0957107392,\"2\":0.4955637811,\"3\":0.0031493284,\"4\":0.0000004372,\"5\":0.0,\"6\":0.0},\"2\":{\"0\":0.1039156937,\"1\":0.9042888485,\"2\":0.4798369201,\"3\":0.6262538271,\"4\":0.0078183368,\"5\":0.0000023633,\"6\":0.0000000209},\"3\":{\"0\":0.0001507994,\"1\":0.0000000016,\"2\":0.0003209237,\"3\":0.3666516198,\"4\":0.7464643363,\"5\":0.150014436,\"6\":0.0513750656},\"4\":{\"0\":0.0,\"1\":0.0,\"2\":0.0000000007,\"3\":0.0039449514,\"4\":0.2457168897,\"5\":0.8499832007,\"6\":0.9486249135}}"}