{"source_schema": "SUPPASRI2013_v2.0", "source_taxonomy": "RC2", "target_schema": "HAZUS_v1.0", "target_taxonomy": "C2M", "source_damage_states": [0, 1, 2, 3, 4, 5, 6], "target_damage_states": [0, 1, 2, 3, 4], "conv_matrix": {"0": {"0": 0.8633524261, "1": 0.039491604, "2": 0.002526629, "3": 0.0082151021, "4": 0.0012410009, "5": 0.0004018833, "6": 0.0050469135}, "1": {"0": 0.1334438885, "1": 0.9197314658, "2": 0.2654432069, "3": 0.2238592415, "4": 0.0507302414, "5": 0.0078246566, "6": 0.0463187484}, "2": {"0": 0.0031521828, "1": 0.0327003074, "2": 0.1525460589, "3": 0.2993705111, "4": 0.2521371843, "5": 0.2336337157, "6": 0.482860612}, "3": {"0": 5.13761e-05, "1": 0.0080760752, "2": 0.5788988704, "3": 0.344535486, "4": 0.3471356259, "5": 0.190244808, "6": 0.1744839908}, "4": {"0": 1.266e-07, "1": 5.476e-07, "2": 0.0005852348, "3": 0.1240196594, "4": 0.3487559476, "5": 0.5678949365, "6": 0.2912897353}}}