{"source_name": "Supparsi_2013_RC1", "target_name": "SARA_MUR_H1", "source_damage_states": [0, 1, 2, 3, 4, 5, 6], "target_damage_states": [0, 1, 2, 3, 4], "conv_matrix": "{\"0\":{\"0\":0.2526621745,\"1\":0.0125876169,\"2\":0.0005425956,\"3\":0.000098039,\"4\":0.0000012286,\"5\":0.0,\"6\":0.0},\"1\":{\"0\":0.4832456509,\"1\":0.8400904393,\"2\":0.937663344,\"3\":0.0769419554,\"4\":0.0123159433,\"5\":0.0000000029,\"6\":0.0},\"2\":{\"0\":0.2640225828,\"1\":0.1473199713,\"2\":0.0617911429,\"3\":0.550159729,\"4\":0.2191333188,\"5\":0.0002492658,\"6\":0.0001577491},\"3\":{\"0\":0.0000695917,\"1\":0.0000019718,\"2\":0.0000026886,\"3\":0.3003882687,\"4\":0.4913963077,\"5\":0.4455869004,\"6\":0.7183561224},\"4\":{\"0\":0.0,\"1\":0.0000000007,\"2\":0.0000002289,\"3\":0.0724120079,\"4\":0.2771532017,\"5\":0.554163831,\"6\":0.2814861285}}"}