{"source_name": "SUPPARSI2013_S3", "target_name": "HAZUS_S1H", "source_damage_states": [0, 1, 2, 3, 4, 5, 6], "target_damage_states": [0, 1, 2, 3, 4], "conv_matrix": "{\"0\":{\"0\":0.9999757262,\"1\":0.0000077591,\"2\":0.0784232382,\"3\":0.0334499065,\"4\":0.0281298328,\"5\":0.0021348284,\"6\":0.0761671684},\"1\":{\"0\":0.0000242397,\"1\":0.0179978919,\"2\":0.4877221132,\"3\":0.0565603093,\"4\":0.0017593957,\"5\":0.0000015546,\"6\":0.0000005652},\"2\":{\"0\":0.0000000027,\"1\":0.981865321,\"2\":0.4338368027,\"3\":0.5254878396,\"4\":0.0088695315,\"5\":0.0000212444,\"6\":0.0000032051},\"3\":{\"0\":0.0000000313,\"1\":0.0001290276,\"2\":0.0000178343,\"3\":0.3701326612,\"4\":0.7658078202,\"5\":0.4140389723,\"6\":0.5078789066},\"4\":{\"0\":0.0,\"1\":0.0000000004,\"2\":0.0000000115,\"3\":0.0143692834,\"4\":0.1954334199,\"5\":0.5838034002,\"6\":0.4159501547}}"}