{"source_name": "Supparsi2013_RC2", "target_name": "SARA_CR-LFM-DNO-SOS-H4-7", "source_damage_states": [0, 1, 2, 3, 4, 5, 6], "target_damage_states": [0, 1, 2, 3, 4], "conv_matrix": "{\"0\":{\"0\":0.0202861627,\"1\":0.0938708985,\"2\":0.0083747415,\"3\":0.0001047069,\"4\":0.0000008379,\"5\":0.0,\"6\":0.0},\"1\":{\"0\":0.977535681,\"1\":0.6360977373,\"2\":0.0798574139,\"3\":0.3181963682,\"4\":0.1707569154,\"5\":0.1314179656,\"6\":0.3460187716},\"2\":{\"0\":0.0007189439,\"1\":0.0000011348,\"2\":0.0000009032,\"3\":0.0953036672,\"4\":0.1383397116,\"5\":0.2658996659,\"6\":0.343445326},\"3\":{\"0\":0.0014591121,\"1\":0.2700302294,\"2\":0.9117669414,\"3\":0.5761089503,\"4\":0.6407403092,\"5\":0.1532006752,\"6\":0.0221671217},\"4\":{\"0\":0.0000001003,\"1\":0.0,\"2\":0.0,\"3\":0.0102863074,\"4\":0.0501622259,\"5\":0.4494816933,\"6\":0.2883687808}}"}