{"source_name": "Supparsi_2013_RC2", "target_name": "SARA_CR_LFM_DNO_SOS_H_4_7", "source_damage_states": [0, 1, 2, 3, 4, 5, 6], "target_damage_states": [0, 1, 2, 3, 4], "conv_matrix": "{\"0\":{\"0\":0.051542609,\"1\":0.0108413724,\"2\":0.00043307,\"3\":0.0000000447,\"4\":0.0000000003,\"5\":9.816017679e-17,\"6\":3.438179521e-17},\"1\":{\"0\":0.9288972315,\"1\":0.987283942,\"2\":0.9658888334,\"3\":0.1606427998,\"4\":0.0199822872,\"5\":0.0000000023,\"6\":0.0},\"2\":{\"0\":0.0195529611,\"1\":0.001874665,\"2\":0.0336779983,\"3\":0.5156744526,\"4\":0.2621640913,\"5\":0.0001985401,\"6\":0.0000096142},\"3\":{\"0\":0.0000071984,\"1\":0.0000000206,\"2\":0.0000000983,\"3\":0.2912480239,\"4\":0.564011066,\"5\":0.3149799968,\"6\":0.5458378364},\"4\":{\"0\":0.0,\"1\":0.0,\"2\":0.0000000001,\"3\":0.032434679,\"4\":0.1538425552,\"5\":0.6848214608,\"6\":0.4541525494}}"}