{"source_name": "SUPPARSI2013_S1", "target_name": "SARA_W-WS-H1-2", "source_damage_states": [0, 1, 2, 3, 4, 5, 6], "target_damage_states": [0, 1, 2, 3, 4], "conv_matrix": "{\"0\":{\"0\":0.9940768776,\"1\":0.0000073792,\"2\":0.042682214,\"3\":0.008723105,\"4\":0.0042647257,\"5\":0.0001240744,\"6\":0.0112619321},\"1\":{\"0\":0.0000172053,\"1\":0.2457828607,\"2\":0.5439852274,\"3\":0.0983397954,\"4\":0.002777623,\"5\":0.0000602739,\"6\":0.0003619095},\"2\":{\"0\":0.0059059164,\"1\":0.2382712712,\"2\":0.3978559677,\"3\":0.4746995227,\"4\":0.4872776612,\"5\":0.3550598111,\"6\":0.5166238397},\"3\":{\"0\":0.0000000007,\"1\":0.5159384885,\"2\":0.0154765775,\"3\":0.4074822006,\"4\":0.3166392351,\"5\":0.106020918,\"6\":0.0531384106},\"4\":{\"0\":0.0,\"1\":0.0000000004,\"2\":0.0000000133,\"3\":0.0107553763,\"4\":0.189040755,\"5\":0.5387349226,\"6\":0.418613908}}"}