{"source_name": "SUPPASRI2013_RC2", "target_name": "SARA_W-WBB-H1", "source_damage_states": [0, 1, 2, 3, 4, 5, 6], "target_damage_states": [0, 1, 2, 3, 4], "conv_matrix": "{\"0\":{\"0\":0.8787215072,\"1\":0.0429326095,\"2\":0.0024308801,\"3\":0.0089497662,\"4\":0.0008000206,\"5\":0.0002286586,\"6\":0.0024705817},\"1\":{\"0\":0.0044632765,\"1\":0.3067986827,\"2\":0.4958599059,\"3\":0.0630560828,\"4\":0.0046126415,\"5\":0.000010218,\"6\":0.0000101319},\"2\":{\"0\":0.1168051137,\"1\":0.6440565624,\"2\":0.1401175525,\"3\":0.4774894412,\"4\":0.318504284,\"5\":0.2987576212,\"6\":0.5526759803},\"3\":{\"0\":0.0000084173,\"1\":0.0062121454,\"2\":0.3615916478,\"3\":0.395039672,\"4\":0.4323457601,\"5\":0.0615003723,\"6\":0.0373391157},\"4\":{\"0\":0.0000016854,\"1\":0.0,\"2\":0.0000000137,\"3\":0.0554650378,\"4\":0.2437372938,\"5\":0.6395031299,\"6\":0.4075041904}}"}