{"source_name": "SUPPARSI2013_S3", "target_name": "SARA_MUR-STRUB-H1-2", "source_damage_states": [0, 1, 2, 3, 4, 5, 6], "target_damage_states": [0, 1, 2, 3, 4], "conv_matrix": "{\"0\":{\"0\":0.999925853,\"1\":0.000007366,\"2\":0.0477239364,\"3\":0.0194988973,\"4\":0.0152593279,\"5\":0.000848328,\"6\":0.0430095214},\"1\":{\"0\":0.000048859,\"1\":0.274893153,\"2\":0.7507601848,\"3\":0.0630740382,\"4\":0.0000514296,\"5\":0.0000000075,\"6\":0.000000003},\"2\":{\"0\":0.0000252813,\"1\":0.5749871751,\"2\":0.1861555254,\"3\":0.6005401012,\"4\":0.4536885352,\"5\":0.1956093626,\"6\":0.3078025542},\"3\":{\"0\":0.0000000068,\"1\":0.1501123057,\"2\":0.0153603334,\"3\":0.3081276142,\"4\":0.3656728971,\"5\":0.2552061283,\"6\":0.2454320413},\"4\":{\"0\":0.0,\"1\":0.0000000002,\"2\":0.0000000201,\"3\":0.0087593492,\"4\":0.1653278102,\"5\":0.5483361736,\"6\":0.4037558802}}"}