{"source_name": "SUPPARSI2013_W3", "target_name": "SARA_CR-LWAL-DNO-H1-3", "source_damage_states": [0, 1, 2, 3, 4, 5, 6], "target_damage_states": [0, 1, 2, 3, 4], "conv_matrix": "{\"0\":{\"0\":0.1299296664,\"1\":0.2071760126,\"2\":0.6034777778,\"3\":0.0450012466,\"4\":0.0000146702,\"5\":0.0000000006,\"6\":0.0},\"1\":{\"0\":0.8700278112,\"1\":0.0265651823,\"2\":0.0983561995,\"3\":0.3064054294,\"4\":0.2109542835,\"5\":0.074601677,\"6\":0.1770480348},\"2\":{\"0\":0.0000424805,\"1\":0.0000029031,\"2\":0.0031574781,\"3\":0.0987591501,\"4\":0.2900468465,\"5\":0.2436956371,\"6\":0.4329885036},\"3\":{\"0\":0.0000000419,\"1\":0.766255902,\"2\":0.2950085447,\"3\":0.5498267253,\"4\":0.4881075224,\"5\":0.2989156693,\"6\":0.0376645258},\"4\":{\"0\":0.0,\"1\":1.406643336e-19,\"2\":0.0,\"3\":0.0000074485,\"4\":0.0108766774,\"5\":0.382787016,\"6\":0.3522989358}}"}