{"source_name": "Supparsi2013_RC1", "target_name": "SARA_MUR-H2-3", "source_damage_states": [0, 1, 2, 3, 4, 5, 6], "target_damage_states": [0, 1, 2, 3, 4], "conv_matrix": "{\"0\":{\"0\":0.959674341,\"1\":0.0449716224,\"2\":0.0025284539,\"3\":0.0182943234,\"4\":0.0024683356,\"5\":0.0008268898,\"6\":0.0088639589},\"1\":{\"0\":0.0384830093,\"1\":0.950690003,\"2\":0.5173886073,\"3\":0.3042921874,\"4\":0.0689468971,\"5\":0.0022319257,\"6\":0.0021280928},\"2\":{\"0\":0.0004088555,\"1\":0.0043383685,\"2\":0.4800821691,\"3\":0.3653006095,\"4\":0.2188990263,\"5\":0.0019079216,\"6\":0.0007738825},\"3\":{\"0\":0.0014318817,\"1\":0.000000006,\"2\":0.0000007662,\"3\":0.26234037,\"4\":0.4879796789,\"5\":0.3238887392,\"6\":0.5499053502},\"4\":{\"0\":0.0000019126,\"1\":0.0,\"2\":0.0000000035,\"3\":0.0497725097,\"4\":0.2217060621,\"5\":0.6711445236,\"6\":0.4383287156}}"}