{"source_name": "SUPPASRI2013_S2", "target_name": "SARA_CR-LFM-DUC-H4-7", "source_damage_states": [0, 1, 2, 3, 4, 5, 6], "target_damage_states": [0, 1, 2, 3, 4], "conv_matrix": "{\"0\":{\"0\":0.9919297791,\"1\":0.0000073565,\"2\":0.0382125897,\"3\":0.0041017515,\"4\":0.0020458676,\"5\":0.0000507358,\"6\":0.0056321999},\"1\":{\"0\":0.0064131967,\"1\":0.4338251188,\"2\":0.7702367398,\"3\":0.3624859776,\"4\":0.1725994198,\"5\":0.0631143502,\"6\":0.0601112111},\"2\":{\"0\":0.0016570138,\"1\":0.0863771066,\"2\":0.1006415993,\"3\":0.1803795436,\"4\":0.3093596315,\"5\":0.1832276474,\"6\":0.3916786723},\"3\":{\"0\":0.0000000104,\"1\":0.4779643953,\"2\":0.0908101535,\"3\":0.3294854269,\"4\":0.2995646177,\"5\":0.2669132363,\"6\":0.2315622503},\"4\":{\"0\":0.0,\"1\":0.0018260228,\"2\":0.0000989177,\"3\":0.1235473004,\"4\":0.2164304635,\"5\":0.4866940303,\"6\":0.3110156664}}"}