{"source_name": "Supparsi2013_RC2", "target_name": "SARA_CR-LFINF-DNO-H1-3", "source_damage_states": [0, 1, 2, 3, 4, 5, 6], "target_damage_states": [0, 1, 2, 3, 4], "conv_matrix": "{\"0\":{\"0\":0.0301512834,\"1\":0.9442157218,\"2\":0.2414062292,\"3\":0.0796367133,\"4\":0.007356696,\"5\":0.000000081,\"6\":0.0000000012},\"1\":{\"0\":0.9628222814,\"1\":0.004136021,\"2\":0.0010933849,\"3\":0.2434869177,\"4\":0.1170792274,\"5\":0.0543922309,\"6\":0.171491837},\"2\":{\"0\":0.0068557423,\"1\":0.000074426,\"2\":0.000216553,\"3\":0.1445720889,\"4\":0.1742869149,\"5\":0.2226422957,\"6\":0.4056039578},\"3\":{\"0\":0.0001705922,\"1\":0.0515738312,\"2\":0.7572838329,\"3\":0.5196738473,\"4\":0.6364719421,\"5\":0.1534306874,\"6\":0.0225645919},\"4\":{\"0\":0.0000001006,\"1\":0.0,\"2\":0.0,\"3\":0.0126304328,\"4\":0.0648052196,\"5\":0.5695347049,\"6\":0.4003396121}}"}