{"source_name": "SUPPARSI_2013_S2", "target_name": "SARA_CR_LFM_DNO_SOS_H_1_3", "source_damage_states": [0, 1, 2, 3, 4, 5, 6], "target_damage_states": [0, 1, 2, 3, 4], "conv_matrix": "{\"0\":{\"0\":0.6899568555,\"1\":0.0000004277,\"2\":0.0247170793,\"3\":0.0000000611,\"4\":0.0,\"5\":2.173984896e-20,\"6\":6.313888078e-22},\"1\":{\"0\":0.2707673461,\"1\":0.9995360936,\"2\":0.9370770443,\"3\":0.2341845738,\"4\":0.0005967202,\"5\":0.0000000678,\"6\":0.0000000012},\"2\":{\"0\":0.0392746621,\"1\":0.0004496191,\"2\":0.0381980845,\"3\":0.5135433782,\"4\":0.035077206,\"5\":0.0001595067,\"6\":0.0000443565},\"3\":{\"0\":0.0000011363,\"1\":0.0000138596,\"2\":0.0000077919,\"3\":0.2521660183,\"4\":0.9182101036,\"5\":0.2863906265,\"6\":0.0801332411},\"4\":{\"0\":0.0,\"1\":3.355620857e-23,\"2\":0.0,\"3\":0.0001059688,\"4\":0.0461159702,\"5\":0.713449799,\"6\":0.9198224011}}"}