{"source_name": "SUPPARSI_2013_RC3", "target_name": "SARA_CR_LFM_DUC_H_1_3", "source_damage_states": [0, 1, 2, 3, 4, 5, 6], "target_damage_states": [0, 1, 2, 3, 4], "conv_matrix": "{\"0\":{\"0\":0.7217297246,\"1\":0.0000582683,\"2\":0.1023251547,\"3\":0.000001977,\"4\":0.0,\"5\":2.911759973e-20,\"6\":6.000848306e-22},\"1\":{\"0\":0.2389923239,\"1\":0.9789038226,\"2\":0.8592927175,\"3\":0.2305398346,\"4\":0.0000560914,\"5\":0.0000000002,\"6\":0.0},\"2\":{\"0\":0.03912849,\"1\":0.0210336669,\"2\":0.0380630198,\"3\":0.3980815372,\"4\":0.0076630158,\"5\":0.0000022884,\"6\":0.0000000211},\"3\":{\"0\":0.0001494615,\"1\":0.0000042422,\"2\":0.0003191079,\"3\":0.371276244,\"4\":0.946539036,\"5\":0.2879600501,\"6\":0.0872502451},\"4\":{\"0\":0.0,\"1\":3.851010564e-19,\"2\":0.0,\"3\":0.0001004072,\"4\":0.0457418568,\"5\":0.7120376614,\"6\":0.9127497338}}"}