{"source_name": "Supparsi2013_RC1", "target_name": "SARA_CR-LFM-DNO-H4-7", "source_damage_states": [0, 1, 2, 3, 4, 5, 6], "target_damage_states": [0, 1, 2, 3, 4], "conv_matrix": "{\"0\":{\"0\":0.0202855786,\"1\":0.1046446082,\"2\":0.0118170716,\"3\":0.0001037361,\"4\":0.0000008201,\"5\":0.0,\"6\":0.0},\"1\":{\"0\":0.9778091573,\"1\":0.6343974932,\"2\":0.0792579278,\"3\":0.3647079581,\"4\":0.2524214818,\"5\":0.2514340591,\"6\":0.5236378805},\"2\":{\"0\":0.0018352645,\"1\":0.2332960126,\"2\":0.2617808458,\"3\":0.1666963939,\"4\":0.0576347815,\"5\":0.0004894205,\"6\":0.0000810979},\"3\":{\"0\":0.0000667891,\"1\":0.027661886,\"2\":0.6471441548,\"3\":0.4499818022,\"4\":0.6151124334,\"5\":0.1531859115,\"6\":0.0221724913},\"4\":{\"0\":0.0000032105,\"1\":0.0,\"2\":0.0,\"3\":0.0185101098,\"4\":0.0748304832,\"5\":0.5948906088,\"6\":0.4541085304}}"}