{"source_name": "SUPPARSI_2013_S1", "target_name": "SARA_CR_LWAL_DUC_H_4_7", "source_damage_states": [0, 1, 2, 3, 4, 5, 6], "target_damage_states": [0, 1, 2, 3, 4], "conv_matrix": "{\"0\":{\"0\":0.6910049473,\"1\":0.0000004396,\"2\":0.0247844918,\"3\":0.0000000588,\"4\":0.0,\"5\":1.193978727e-20,\"6\":3.459156702e-22},\"1\":{\"0\":0.2072677983,\"1\":0.3787764335,\"2\":0.5600022004,\"3\":0.0035828854,\"4\":0.0000001721,\"5\":0.0,\"6\":0.0},\"2\":{\"0\":0.1016776037,\"1\":0.6211470716,\"2\":0.4150099593,\"3\":0.6078873737,\"4\":0.0060690122,\"5\":0.0000014988,\"6\":0.0000000627},\"3\":{\"0\":0.0000496507,\"1\":0.0000760553,\"2\":0.0002033485,\"3\":0.3884409864,\"4\":0.9628722829,\"5\":0.4660411293,\"6\":0.3939141074},\"4\":{\"0\":0.0,\"1\":4.670137397e-18,\"2\":0.0000000001,\"3\":0.0000886958,\"4\":0.0310585328,\"5\":0.533957372,\"6\":0.6060858299}}"}