{"source_name": "SUPPARSI2013_RC3", "target_name": "HAZUS_RM1M", "source_damage_states": [0, 1, 2, 3, 4, 5, 6], "target_damage_states": [0, 1, 2, 3, 4], "conv_matrix": "{\"0\":{\"0\":0.9999714144,\"1\":0.0000108195,\"2\":0.123570453,\"3\":0.0536639996,\"4\":0.0510372223,\"5\":0.0048869293,\"6\":0.086780671},\"1\":{\"0\":0.0000106811,\"1\":0.9949534991,\"2\":0.8342554577,\"3\":0.1974835079,\"4\":0.0008342919,\"5\":0.0000006539,\"6\":0.0000000002},\"2\":{\"0\":0.0000169591,\"1\":0.0049284037,\"2\":0.0420434599,\"3\":0.5105619806,\"4\":0.2891660196,\"5\":0.0441244906,\"6\":0.0296473761},\"3\":{\"0\":0.0000009451,\"1\":0.0001072777,\"2\":0.0001306289,\"3\":0.2365412068,\"4\":0.6186540271,\"5\":0.5795817147,\"6\":0.4373594717},\"4\":{\"0\":0.0000000003,\"1\":1.949641001e-17,\"2\":0.0000000005,\"3\":0.0017493051,\"4\":0.040308439,\"5\":0.3714062115,\"6\":0.4462124811}}"}