{"source_schema": "SUPPASRI2013_v2.0", "source_taxonomy": "RC1", "target_schema": "SARA_v1.0", "target_taxonomy": "W-WBB-H1", "source_damage_states": [0, 1, 2, 3, 4, 5, 6], "target_damage_states": [0, 1, 2, 3, 4], "conv_matrix": {"0": {"0": 0.8516905566, "1": 0.0395157505, "2": 0.0025281208, "3": 0.0046315928, "4": 0.0003697077, "5": 6.82725e-05, "6": 0.0010780972}, "1": {"0": 0.0225626969, "1": 0.1962365736, "2": 0.5045504542, "3": 0.1114560405, "4": 0.0172169389, "5": 0.001400051, "6": 0.0044811351}, "2": {"0": 0.1257464772, "1": 0.7534032009, "2": 0.1651683748, "3": 0.4730055955, "4": 0.3052559035, "5": 0.3146135818, "6": 0.5872006706}, "3": {"0": 1.803e-07, "1": 0.010844475, "2": 0.3277530278, "3": 0.3425047243, "4": 0.3863754624, "5": 0.1002040227, "6": 0.0957644756}, "4": {"0": 8.9e-08, "1": 0.0, "2": 2.24e-08, "3": 0.0684020469, "4": 0.2907819874, "5": 0.583714072, "6": 0.3114756214}}}