{"source_name": "Supparsi_2013_RC2", "target_name": "SARA_CR_LFLS_DUC_H_1_3", "source_damage_states": [0, 1, 2, 3, 4, 5, 6], "target_damage_states": [0, 1, 2, 3, 4], "conv_matrix": "{\"0\":{\"0\":0.1090710094,\"1\":0.0217135404,\"2\":0.0008671919,\"3\":0.0000002036,\"4\":0.000000001,\"5\":2.218521317e-17,\"6\":5.91105317e-18},\"1\":{\"0\":0.4270934518,\"1\":0.4416889954,\"2\":0.1607950441,\"3\":0.0016621211,\"4\":0.0000535382,\"5\":0.0,\"6\":0.0},\"2\":{\"0\":0.4624763198,\"1\":0.5365918932,\"2\":0.8383369054,\"3\":0.5210529358,\"4\":0.1963020618,\"5\":0.0000102694,\"6\":0.0000000366},\"3\":{\"0\":0.0013592025,\"1\":0.000005571,\"2\":0.0000008586,\"3\":0.4099745847,\"4\":0.5197910759,\"5\":0.043992013,\"6\":0.0103590477},\"4\":{\"0\":0.0000000166,\"1\":0.0,\"2\":0.0,\"3\":0.0673101548,\"4\":0.2838533231,\"5\":0.9559977176,\"6\":0.9896409157}}"}