{"source_name": "Supparsi2013_RC2", "target_name": "SARA_CR-LWAL-DNO-H4-7", "source_damage_states": [0, 1, 2, 3, 4, 5, 6], "target_damage_states": [0, 1, 2, 3, 4], "conv_matrix": "{\"0\":{\"0\":0.2907688959,\"1\":0.9301850617,\"2\":0.2290786711,\"3\":0.0548855867,\"4\":0.0037951191,\"5\":0.0000000422,\"6\":0.0000000022},\"1\":{\"0\":0.7050024466,\"1\":0.016961765,\"2\":0.011162378,\"3\":0.2593407266,\"4\":0.1055896668,\"5\":0.0519951996,\"6\":0.1708286665},\"2\":{\"0\":0.0040963465,\"1\":0.0001217295,\"2\":0.0003247394,\"3\":0.1513649994,\"4\":0.1850485667,\"5\":0.2436354289,\"6\":0.434275198},\"3\":{\"0\":0.0001322109,\"1\":0.0527314438,\"2\":0.7594342115,\"3\":0.5229189772,\"4\":0.6452477063,\"5\":0.1532259586,\"6\":0.0220145326},\"4\":{\"0\":0.0000001002,\"1\":0.0,\"2\":0.0,\"3\":0.01148971,\"4\":0.0603189411,\"5\":0.5511433707,\"6\":0.3728816007}}"}