{"source_name": "SUPPASRI2013_RC1", "target_name": "HAZUS_S3", "source_damage_states": [0, 1, 2, 3, 4, 5, 6], "target_damage_states": [0, 1, 2, 3, 4], "conv_matrix": "{\"0\":{\"0\":0.8991023206,\"1\":0.041670749,\"2\":0.0023423142,\"3\":0.0109036075,\"4\":0.0010095392,\"5\":0.0002922167,\"6\":0.0031965018},\"1\":{\"0\":0.0091917862,\"1\":0.6062297681,\"2\":0.7169659424,\"3\":0.0452210272,\"4\":0.0027656288,\"5\":0.0000000819,\"6\":0.0000000049},\"2\":{\"0\":0.0917035192,\"1\":0.3510690456,\"2\":0.0999993208,\"3\":0.5049588756,\"4\":0.2804216715,\"5\":0.2063211625,\"6\":0.489882722},\"3\":{\"0\":0.0000022237,\"1\":0.0010304373,\"2\":0.1806924218,\"3\":0.3986855757,\"4\":0.5089199634,\"5\":0.1216924632,\"6\":0.0929035455},\"4\":{\"0\":0.0000001503,\"1\":0.0,\"2\":0.0000000008,\"3\":0.040230914,\"4\":0.2068831972,\"5\":0.6716940757,\"6\":0.4140172258}}"}