{"source_name": "SUPPASRI2013_W1", "target_name": "HAZUS_URMM", "source_damage_states": [0, 1, 2, 3, 4, 5, 6], "target_damage_states": [0, 1, 2, 3, 4], "conv_matrix": "{\"0\":{\"0\":0.9978659236,\"1\":0.0000073635,\"2\":0.0383277772,\"3\":0.013040934,\"4\":0.0093938565,\"5\":0.0003106331,\"6\":0.0223340468},\"1\":{\"0\":0.0021278211,\"1\":0.5200456998,\"2\":0.8864657345,\"3\":0.3432429887,\"4\":0.0547037849,\"5\":0.0014383288,\"6\":0.0020637564},\"2\":{\"0\":0.0000062504,\"1\":0.2698816611,\"2\":0.0589074782,\"3\":0.3305169594,\"4\":0.4311612142,\"5\":0.211439618,\"6\":0.3322342706},\"3\":{\"0\":0.000000005,\"1\":0.2100652756,\"2\":0.0162990094,\"3\":0.3087771464,\"4\":0.3446037386,\"5\":0.2084843909,\"6\":0.1726134999},\"4\":{\"0\":0.0,\"1\":0.0,\"2\":0.0000000007,\"3\":0.0044219715,\"4\":0.1601374059,\"5\":0.5783270293,\"6\":0.4707544263}}"}