{"source_schema": "SUPPASRI2013_v2.0", "source_taxonomy": "S2", "target_schema": "HAZUS_v1.0", "target_taxonomy": "C1H", "source_damage_states": [0, 1, 2, 3, 4, 5, 6], "target_damage_states": [0, 1, 2, 3, 4], "conv_matrix": {"0": {"0": 0.9978253422, "1": 7.3726e-06, "2": 0.0382673789, "3": 0.0129594187, "4": 0.0094022661, "5": 0.0003108087, "6": 0.0223331923}, "1": {"0": 0.0021711358, "1": 0.1628916773, "2": 0.719245772, "3": 0.1757864739, "4": 0.0616522185, "5": 0.0040207964, "6": 0.0492432179}, "2": {"0": 3.5219e-06, "1": 0.307453601, "2": 0.1982437227, "3": 0.3864371562, "4": 0.3750702604, "5": 0.1454868255, "6": 0.2977214143}, "3": {"0": 0.0, "1": 0.5296473491, "2": 0.0442431257, "3": 0.4200081055, "4": 0.3663939106, "5": 0.1301529242, "6": 0.0189224983}, "4": {"0": 0.0, "1": 4.1053231e-16, "2": 7e-10, "3": 0.0048088457, "4": 0.1874813444, "5": 0.7200286452, "6": 0.6117796771}}}