{"source_name": "SUPPASRI2013_RC1", "target_name": "HAZUS_S1H", "source_damage_states": [0, 1, 2, 3, 4, 5, 6], "target_damage_states": [0, 1, 2, 3, 4], "conv_matrix": "{\"0\":{\"0\":0.9886401541,\"1\":0.0774268259,\"2\":0.0048983866,\"3\":0.0404915828,\"4\":0.0073895877,\"5\":0.003905346,\"6\":0.0316251531},\"1\":{\"0\":0.0110280908,\"1\":0.3703417695,\"2\":0.0952038844,\"3\":0.0389359546,\"4\":0.0021899876,\"5\":0.0000020582,\"6\":0.0000010493},\"2\":{\"0\":0.0000968695,\"1\":0.5522311713,\"2\":0.8998968066,\"3\":0.4639764273,\"4\":0.1404153462,\"5\":0.0000593505,\"6\":0.0000045625},\"3\":{\"0\":0.0002337975,\"1\":0.0000002333,\"2\":0.0000009106,\"3\":0.399549978,\"4\":0.5959642854,\"5\":0.3246851752,\"6\":0.550901579},\"4\":{\"0\":0.000001088,\"1\":0.0,\"2\":0.0000000119,\"3\":0.0570460572,\"4\":0.254040793,\"5\":0.6713480701,\"6\":0.417467656}}"}