{"source_name": "SUPPASRI2013_BRICK", "target_name": "HAZUS_C2H", "source_damage_states": [0, 1, 2, 3, 4, 5, 6], "target_damage_states": [0, 1, 2, 3, 4], "conv_matrix": "{\"0\":{\"0\":0.9927467135,\"1\":0.0000073595,\"2\":0.0382253753,\"3\":0.0054409782,\"4\":0.0043991546,\"5\":0.0002257239,\"6\":0.0191847043},\"1\":{\"0\":0.0071940435,\"1\":0.2421194411,\"2\":0.7038054968,\"3\":0.2524707887,\"4\":0.1189320041,\"5\":0.011205673,\"6\":0.0681780501},\"2\":{\"0\":0.0000592345,\"1\":0.1583309516,\"2\":0.1177949877,\"3\":0.2805906785,\"4\":0.3669383961,\"5\":0.2899989649,\"6\":0.4243806336},\"3\":{\"0\":0.0000000085,\"1\":0.5803675408,\"2\":0.1399753097,\"3\":0.3338002291,\"4\":0.2932778923,\"5\":0.2118807569,\"6\":0.1773954836},\"4\":{\"0\":0.0,\"1\":0.019174707,\"2\":0.0001988305,\"3\":0.1276973256,\"4\":0.2164525529,\"5\":0.4866888812,\"6\":0.3108611284}}"}