{"source_name": "Supparsi_2013_RC1", "target_name": "SARA_CR_LFLS_DNO_H_1_3", "source_damage_states": [0, 1, 2, 3, 4, 5, 6], "target_damage_states": [0, 1, 2, 3, 4], "conv_matrix": "{\"0\":{\"0\":0.1034182167,\"1\":0.0220388048,\"2\":0.0008804049,\"3\":0.0000000338,\"4\":0.0000000001,\"5\":9.250561377e-19,\"6\":7.085236396e-20},\"1\":{\"0\":0.6167629423,\"1\":0.9724942185,\"2\":0.9982626477,\"3\":0.264067767,\"4\":0.0654881933,\"5\":0.0000000555,\"6\":0.0000000001},\"2\":{\"0\":0.2784795406,\"1\":0.0054614682,\"2\":0.0008561076,\"3\":0.2586716276,\"4\":0.1306410644,\"5\":0.0000101723,\"6\":0.0000000377},\"3\":{\"0\":0.0013392845,\"1\":0.0000055085,\"2\":0.0000008397,\"3\":0.4102943861,\"4\":0.518843524,\"5\":0.0430992544,\"6\":0.0107833881},\"4\":{\"0\":0.000000016,\"1\":0.0,\"2\":0.0,\"3\":0.0669661855,\"4\":0.2850272182,\"5\":0.9568905179,\"6\":0.9892165741}}"}