{"source_name": "SUPPASRI2013_S2", "target_name": "SARA_CR-LFINF-DUC-H4-7", "source_damage_states": [0, 1, 2, 3, 4, 5, 6], "target_damage_states": [0, 1, 2, 3, 4], "conv_matrix": "{\"0\":{\"0\":0.9511661266,\"1\":0.0000073625,\"2\":0.038146758,\"3\":0.003899989,\"4\":0.0017369485,\"5\":0.0000400817,\"6\":0.0044485007},\"1\":{\"0\":0.0488299115,\"1\":0.139116033,\"2\":0.5704582014,\"3\":0.3635133873,\"4\":0.3729375517,\"5\":0.1939890439,\"6\":0.4228459162},\"2\":{\"0\":0.0000035952,\"1\":0.5664035775,\"2\":0.3471706555,\"3\":0.2555614781,\"4\":0.0361497771,\"5\":0.0011069655,\"6\":0.0006324063},\"3\":{\"0\":0.0000003666,\"1\":0.294473027,\"2\":0.044224385,\"3\":0.3744765296,\"4\":0.4500694159,\"5\":0.1470688192,\"6\":0.0327743484},\"4\":{\"0\":0.0,\"1\":0.0,\"2\":0.0000000001,\"3\":0.002548616,\"4\":0.1391063068,\"5\":0.6577950897,\"6\":0.5392988284}}"}