{"source_schema": "SUPPASRI2013_v2.0", "source_taxonomy": "RC1", "target_schema": "SARA_v1.0", "target_taxonomy": "W-WLI-H1-3", "source_damage_states": [0, 1, 2, 3, 4, 5, 6], "target_damage_states": [0, 1, 2, 3, 4], "conv_matrix": {"0": {"0": 0.9461475422, "1": 0.0422795575, "2": 0.0027238131, "3": 0.0146604013, "4": 0.0017059694, "5": 0.0004748034, "6": 0.0058666938}, "1": {"0": 0.0454174744, "1": 0.1307723001, "2": 0.4603640052, "3": 0.1368907795, "4": 0.0201714378, "5": 0.0011055452, "6": 0.0064712746}, "2": {"0": 0.0079693967, "1": 0.8268743115, "2": 0.4495117116, "3": 0.4371129896, "4": 0.2501022453, "5": 0.1032208273, "6": 0.2179000455}, "3": {"0": 0.0004645723, "1": 7.3831e-05, "2": 0.0874004689, "3": 0.3565395969, "4": 0.475174491, "5": 0.1916261743, "6": 0.3267654182}, "4": {"0": 1.0144e-06, "1": 0.0, "2": 1.1e-09, "3": 0.0547962328, "4": 0.2528458565, "5": 0.7035726498, "6": 0.4429965679}}}