{"source_name": "SUPPASRI2013_RC2", "target_name": "HAZUS_RM2L", "source_damage_states": [0, 1, 2, 3, 4, 5, 6], "target_damage_states": [0, 1, 2, 3, 4], "conv_matrix": "{\"0\":{\"0\":0.5605909175,\"1\":0.041264433,\"2\":0.0022190012,\"3\":0.0018712839,\"4\":0.0000392075,\"5\":0.0000000161,\"6\":0.0000000192},\"1\":{\"0\":0.0024336604,\"1\":0.8103598099,\"2\":0.9820570745,\"3\":0.2254078875,\"4\":0.0740438751,\"5\":0.0000140179,\"6\":0.0000001651},\"2\":{\"0\":0.4353595863,\"1\":0.1482915029,\"2\":0.0145356546,\"3\":0.4265481752,\"4\":0.304359491,\"5\":0.2522259398,\"6\":0.5197440743},\"3\":{\"0\":0.0016158358,\"1\":0.0000842541,\"2\":0.0011882624,\"3\":0.335500372,\"4\":0.5044469232,\"5\":0.459857844,\"6\":0.3893378188},\"4\":{\"0\":7.293698516e-17,\"1\":0.0,\"2\":0.0000000073,\"3\":0.0106722813,\"4\":0.1171105032,\"5\":0.2879021822,\"6\":0.0909179226}}"}