{"source_name": "SUPPARSI2013_S3", "target_name": "SARA_CR-LWAL-DUC-H4-7", "source_damage_states": [0, 1, 2, 3, 4, 5, 6], "target_damage_states": [0, 1, 2, 3, 4], "conv_matrix": "{\"0\":{\"0\":0.9625271689,\"1\":0.0000279102,\"2\":0.0462667247,\"3\":0.0039714724,\"4\":0.0017350233,\"5\":0.0000358681,\"6\":0.0037909444},\"1\":{\"0\":0.0374656897,\"1\":0.2421435835,\"2\":0.6501424789,\"3\":0.3592424607,\"4\":0.314433388,\"5\":0.1505096382,\"6\":0.3195809544},\"2\":{\"0\":0.0000071334,\"1\":0.2409248292,\"2\":0.2236368802,\"3\":0.1822614454,\"4\":0.1606460141,\"5\":0.0695214298,\"6\":0.1237184763},\"3\":{\"0\":0.000000008,\"1\":0.1018796814,\"2\":0.0286725802,\"3\":0.1592917718,\"4\":0.1840457329,\"5\":0.2560937785,\"6\":0.2315289487},\"4\":{\"0\":0.0,\"1\":0.4150239957,\"2\":0.051281336,\"3\":0.2952328498,\"4\":0.3391398417,\"5\":0.5238392853,\"6\":0.3213806762}}"}