{"source_name": "Supparsi2013_RC1", "target_name": "SARA_W-WBB-H1", "source_damage_states": [0, 1, 2, 3, 4, 5, 6], "target_damage_states": [0, 1, 2, 3, 4], "conv_matrix": "{\"0\":{\"0\":0.8825058589,\"1\":0.0459680287,\"2\":0.0026653734,\"3\":0.0089773778,\"4\":0.0008947695,\"5\":0.000209074,\"6\":0.0023725225},\"1\":{\"0\":0.0045029439,\"1\":0.296975658,\"2\":0.4934831446,\"3\":0.0638068382,\"4\":0.0049861638,\"5\":0.0000088334,\"6\":0.000009038},\"2\":{\"0\":0.1129834704,\"1\":0.6517635954,\"2\":0.1528060461,\"3\":0.4756946254,\"4\":0.3090277644,\"5\":0.2981257477,\"6\":0.5500437184},\"3\":{\"0\":0.0000064704,\"1\":0.0052927179,\"2\":0.3510454293,\"3\":0.3954972624,\"4\":0.4310652693,\"5\":0.0604017623,\"6\":0.0365676729},\"4\":{\"0\":0.0000012564,\"1\":0.0,\"2\":0.0000000066,\"3\":0.0560238962,\"4\":0.254026033,\"5\":0.6412545826,\"6\":0.4110070482}}"}