{"source_name": "SUPPASRI2013_RC1", "target_name": "SARA_CR-LFLS-DNO-H1-3", "source_damage_states": [0, 1, 2, 3, 4, 5, 6], "target_damage_states": [0, 1, 2, 3, 4], "conv_matrix": "{\"0\":{\"0\":0.0180933572,\"1\":0.0885179022,\"2\":0.0076262303,\"3\":0.0001006119,\"4\":0.0000007274,\"5\":0.0,\"6\":0.0},\"1\":{\"0\":0.9795704922,\"1\":0.6185841521,\"2\":0.0703016268,\"3\":0.3193413216,\"4\":0.1772973731,\"5\":0.1325001361,\"6\":0.3486283633},\"2\":{\"0\":0.0008482382,\"1\":0.0000011914,\"2\":0.0000011375,\"3\":0.0952219556,\"4\":0.1384831995,\"5\":0.2671928366,\"6\":0.3440238765},\"3\":{\"0\":0.0014877719,\"1\":0.2928967543,\"2\":0.9220710054,\"3\":0.5753639915,\"4\":0.6384840217,\"5\":0.1541376603,\"6\":0.0229048138},\"4\":{\"0\":0.0000001405,\"1\":0.0,\"2\":0.0,\"3\":0.0099721195,\"4\":0.0457346783,\"5\":0.446169367,\"6\":0.2844429463}}"}