{"source_name": "SUPPASRI2013_S3", "target_name": "SARA_MUR-ADO-H1-2", "source_damage_states": [0, 1, 2, 3, 4, 5, 6], "target_damage_states": [0, 1, 2, 3, 4], "conv_matrix": "{\"0\":{\"0\":0.9993362269,\"1\":0.0000073691,\"2\":0.044254419,\"3\":0.016341575,\"4\":0.0098543905,\"5\":0.000492044,\"6\":0.0299789537},\"1\":{\"0\":0.0006580257,\"1\":0.4350380555,\"2\":0.8463122545,\"3\":0.3580898516,\"4\":0.1256070334,\"5\":0.0087827639,\"6\":0.0044164412},\"2\":{\"0\":0.0000017407,\"1\":0.5649499048,\"2\":0.1094296474,\"3\":0.4483760053,\"4\":0.0668208439,\"5\":0.0038488463,\"6\":0.0002672494},\"3\":{\"0\":0.0000040067,\"1\":0.0000046706,\"2\":0.0000036723,\"3\":0.1712928059,\"4\":0.6362199147,\"5\":0.4235170124,\"6\":0.5284821831},\"4\":{\"0\":0.0,\"1\":0.0000000001,\"2\":0.0000000069,\"3\":0.0058997622,\"4\":0.1614978174,\"5\":0.5633593335,\"6\":0.4368551726}}"}