{"source_name": "SUPPASRI2013_RC1", "target_name": "SARA_CR-LFINF-DUC-H1-3", "source_damage_states": [0, 1, 2, 3, 4, 5, 6], "target_damage_states": [0, 1, 2, 3, 4], "conv_matrix": "{\"0\":{\"0\":0.8037847793,\"1\":0.0411936317,\"2\":0.0022185199,\"3\":0.0039282109,\"4\":0.0002690258,\"5\":0.0000585293,\"6\":0.0008262105},\"1\":{\"0\":0.1946808387,\"1\":0.7067207921,\"2\":0.0989664143,\"3\":0.3723576397,\"4\":0.2120569843,\"5\":0.1615006895,\"6\":0.4149247612},\"2\":{\"0\":0.0014106685,\"1\":0.2516268635,\"2\":0.6690615513,\"3\":0.2229444271,\"4\":0.0847088917,\"5\":0.0005836954,\"6\":0.0001382345},\"3\":{\"0\":0.0001193177,\"1\":0.0004587127,\"2\":0.2297535142,\"3\":0.3562041242,\"4\":0.4842809964,\"5\":0.065619949,\"6\":0.015976365},\"4\":{\"0\":0.0000043958,\"1\":0.0,\"2\":0.0000000003,\"3\":0.0445655981,\"4\":0.2186841018,\"5\":0.7722371368,\"6\":0.5681344288}}"}