{"source_name": "Supparsi_2013_RC2", "target_name": "SARA_CR_LFM_DUC_H_4_7", "source_damage_states": [0, 1, 2, 3, 4, 5, 6], "target_damage_states": [0, 1, 2, 3, 4], "conv_matrix": "{\"0\":{\"0\":0.102956511,\"1\":0.0220920994,\"2\":0.000882556,\"3\":0.0000000172,\"4\":0.0000000001,\"5\":3.57337419e-19,\"6\":3.544620542e-20},\"1\":{\"0\":0.8914215179,\"1\":0.975521023,\"2\":0.8885557458,\"3\":0.1048361377,\"4\":0.0078752606,\"5\":0.0000000006,\"6\":0.0},\"2\":{\"0\":0.0056162272,\"1\":0.0023868704,\"2\":0.1105616773,\"3\":0.5497860997,\"4\":0.2343029392,\"5\":0.0000589971,\"6\":0.0000060814},\"3\":{\"0\":0.0000003989,\"1\":0.0000000032,\"2\":0.0000000207,\"3\":0.3077963022,\"4\":0.6947530551,\"5\":0.1746614462,\"6\":0.0197777598},\"4\":{\"0\":0.000005345,\"1\":0.000000004,\"2\":0.0000000002,\"3\":0.0375814432,\"4\":0.0630687451,\"5\":0.8252795562,\"6\":0.9802161588}}"}