{"source_name": "SUPPARSI_2013_W1", "target_name": "SARA_CR_LFLS_DNO_H_1_3", "source_damage_states": [0, 1, 2, 3, 4, 5, 6], "target_damage_states": [0, 1, 2, 3, 4], "conv_matrix": "{\"0\":{\"0\":0.6867431074,\"1\":0.0000004254,\"2\":0.0246422191,\"3\":0.0000000841,\"4\":0.0,\"5\":1.098612479e-19,\"6\":3.198590081e-21},\"1\":{\"0\":0.2739811049,\"1\":0.9998700962,\"2\":0.937286081,\"3\":0.2350610076,\"4\":0.0000652993,\"5\":0.0000000005,\"6\":0.0},\"2\":{\"0\":0.0391272771,\"1\":0.0001289929,\"2\":0.0377543014,\"3\":0.3943391329,\"4\":0.0077546671,\"5\":0.0000023847,\"6\":0.0000000271},\"3\":{\"0\":0.0001485106,\"1\":0.0000004855,\"2\":0.0003173979,\"3\":0.3667387358,\"4\":0.7469191211,\"5\":0.149172108,\"6\":0.0521356237},\"4\":{\"0\":0.0,\"1\":0.0,\"2\":0.0000000006,\"3\":0.0038610397,\"4\":0.2452609126,\"5\":0.8508255068,\"6\":0.9478643492}}"}