{"source_name": "Supparsi_2013_RC2", "target_name": "SARA_CR_LDUAL_DUC_H_8_19", "source_damage_states": [0, 1, 2, 3, 4, 5, 6], "target_damage_states": [0, 1, 2, 3, 4], "conv_matrix": "{\"0\":{\"0\":0.1002120419,\"1\":0.0215845158,\"2\":0.00086229,\"3\":0.0000000079,\"4\":0.0,\"5\":1.304765637e-21,\"6\":2.172474588e-23},\"1\":{\"0\":0.8705202898,\"1\":0.1822769361,\"2\":0.0585432286,\"3\":0.1526081676,\"4\":0.0189834961,\"5\":0.0019282555,\"6\":0.0333659082},\"2\":{\"0\":0.0292676682,\"1\":0.7961382477,\"2\":0.9405451505,\"3\":0.4453099475,\"4\":0.2410360126,\"5\":0.000614885,\"6\":0.0000069848},\"3\":{\"0\":0.0000000001,\"1\":0.0000001745,\"2\":0.0000091253,\"3\":0.3151551862,\"4\":0.4486253164,\"5\":0.4251151968,\"6\":0.6762314588},\"4\":{\"0\":0.0,\"1\":0.0000001259,\"2\":0.0000402056,\"3\":0.0869266908,\"4\":0.2913551749,\"5\":0.5723416628,\"6\":0.2903956483}}"}