{"source_name": "SUPPASRI2013_S3", "target_name": "HAZUS_RM1H", "source_damage_states": [0, 1, 2, 3, 4, 5, 6], "target_damage_states": [0, 1, 2, 3, 4], "conv_matrix": "{\"0\":{\"0\":0.9999714643,\"1\":0.0000107978,\"2\":0.124009027,\"3\":0.053710805,\"4\":0.0508691882,\"5\":0.0048813487,\"6\":0.0867894701},\"1\":{\"0\":0.000010613,\"1\":0.9949420054,\"2\":0.8335532511,\"3\":0.1974235558,\"4\":0.0008372634,\"5\":0.0000006548,\"6\":0.0000000002},\"2\":{\"0\":0.0000169714,\"1\":0.0049393451,\"2\":0.0423054806,\"3\":0.5105367116,\"4\":0.2890379299,\"5\":0.0441442898,\"6\":0.029649218},\"3\":{\"0\":0.000000951,\"1\":0.0001078517,\"2\":0.0001322408,\"3\":0.2365724365,\"4\":0.6189771773,\"5\":0.5796526745,\"6\":0.4373314259},\"4\":{\"0\":0.0000000003,\"1\":1.963454077e-17,\"2\":0.0000000005,\"3\":0.001756491,\"4\":0.0402784413,\"5\":0.3713210322,\"6\":0.4462298858}}"}