{"source_name": "Supparsi_2013_RC1", "target_name": "SARA_MCF_DUC_H_1_3", "source_damage_states": [0, 1, 2, 3, 4, 5, 6], "target_damage_states": [0, 1, 2, 3, 4], "conv_matrix": "{\"0\":{\"0\":0.1178224628,\"1\":0.0563784433,\"2\":0.0045742086,\"3\":0.0000000761,\"4\":0.0000000002,\"5\":2.984810062e-20,\"6\":4.511091215e-22},\"1\":{\"0\":0.602891736,\"1\":0.803160048,\"2\":0.7246977291,\"3\":0.0133075277,\"4\":0.0004779148,\"5\":0.0,\"6\":0.0},\"2\":{\"0\":0.2792857426,\"1\":0.1403654095,\"2\":0.2184233851,\"3\":0.5011709639,\"4\":0.1556456932,\"5\":0.0085115458,\"6\":0.0440642717},\"3\":{\"0\":0.0000000586,\"1\":0.0000960977,\"2\":0.0523041271,\"3\":0.4073005592,\"4\":0.5399767304,\"5\":0.4187276368,\"6\":0.6658114786},\"4\":{\"0\":0.0,\"1\":0.0000000015,\"2\":0.0000005501,\"3\":0.0782208731,\"4\":0.3038996613,\"5\":0.5727608174,\"6\":0.2901242497}}"}