{"source_name": "SUPPARSI_2013_W2", "target_name": "SARA_MUR_H1", "source_damage_states": [0, 1, 2, 3, 4, 5, 6], "target_damage_states": [0, 1, 2, 3, 4], "conv_matrix": "{\"0\":{\"0\":0.1235702429,\"1\":0.0000000212,\"2\":0.0150455626,\"3\":0.0000839389,\"4\":0.0000000511,\"5\":0.0,\"6\":0.0},\"1\":{\"0\":0.8398519258,\"1\":0.7362478232,\"2\":0.8947210795,\"3\":0.0574811826,\"4\":0.0000194462,\"5\":0.0000000005,\"6\":0.0},\"2\":{\"0\":0.0365697326,\"1\":0.2635953697,\"2\":0.0901995245,\"3\":0.7093448743,\"4\":0.061405077,\"5\":0.0015409108,\"6\":0.0008514739},\"3\":{\"0\":0.0000080987,\"1\":0.0001357107,\"2\":0.0000325246,\"3\":0.1853806299,\"4\":0.69865874,\"5\":0.6134347359,\"6\":0.7138905223},\"4\":{\"0\":3.055120913e-17,\"1\":0.0000210753,\"2\":0.0000013089,\"3\":0.0477093744,\"4\":0.2399166857,\"5\":0.3850243528,\"6\":0.2852580038}}"}