{"source_name": "SUPPARSI_2013_BRICK", "target_name": "SARA_CR_LFM_DUC_H_4_7", "source_damage_states": [0, 1, 2, 3, 4, 5, 6], "target_damage_states": [0, 1, 2, 3, 4], "conv_matrix": "{\"0\":{\"0\":0.6893121323,\"1\":0.0000004273,\"2\":0.0247018282,\"3\":0.0000000655,\"4\":0.0,\"5\":6.555804131e-20,\"6\":4.261631331e-21},\"1\":{\"0\":0.3103112114,\"1\":0.6518458654,\"2\":0.9305180167,\"3\":0.1296747719,\"4\":0.0000220081,\"5\":0.0000000002,\"6\":0.0},\"2\":{\"0\":0.0003764721,\"1\":0.3481486413,\"2\":0.0447789046,\"3\":0.6815838491,\"4\":0.0556524364,\"5\":0.0002394374,\"6\":0.0000473707},\"3\":{\"0\":0.0000000123,\"1\":0.0000050661,\"2\":0.0000004966,\"3\":0.1824401026,\"4\":0.8817013112,\"5\":0.2833190688,\"6\":0.0721176838},\"4\":{\"0\":0.000000172,\"1\":8.043968287e-20,\"2\":0.0000007539,\"3\":0.0063012109,\"4\":0.0626242444,\"5\":0.7164414936,\"6\":0.9278349455}}"}