{"source_schema": "SUPPASRI2013_v2.0", "source_taxonomy": "W2", "target_schema": "SARA_v1.0", "target_taxonomy": "CR-LFLS-DNO-H1-3", "source_damage_states": [0, 1, 2, 3, 4, 5, 6], "target_damage_states": [0, 1, 2, 3, 4], "conv_matrix": {"0": {"0": 0.0018579544, "1": 0.0001028747, "2": 0.0791484364, "3": 6.02649e-05, "4": 1.6e-09, "5": 0.0, "6": 0.0}, "1": {"0": 0.9981373618, "1": 0.1189843473, "2": 0.414096281, "3": 0.3416386878, "4": 0.3223435504, "5": 0.1703049614, "6": 0.3424151335}, "2": {"0": 3.1916e-06, "1": 1.02703e-05, "2": 3.93709e-05, "3": 0.0701986325, "4": 0.1731070316, "5": 0.2408787792, "6": 0.324849667}, "3": {"0": 1.4922e-06, "1": 0.8809025077, "2": 0.5067159116, "3": 0.5880977924, "4": 0.4969500188, "5": 0.3000876822, "6": 0.0409060663}, "4": {"0": 0.0, "1": 3.782558132e-20, "2": 0.0, "3": 4.6224e-06, "4": 0.0075993976, "5": 0.2887285771, "6": 0.2918291332}}}