{"source_name": "SUPPASRI2013_W3", "target_name": "SARA_CR-LFM-DUC-H1-3", "source_damage_states": [0, 1, 2, 3, 4, 5, 6], "target_damage_states": [0, 1, 2, 3, 4], "conv_matrix": "{\"0\":{\"0\":0.9963667784,\"1\":0.0000073582,\"2\":0.038248702,\"3\":0.0105596123,\"4\":0.0092918808,\"5\":0.0003105818,\"6\":0.0223334095},\"1\":{\"0\":0.0036227631,\"1\":0.253684801,\"2\":0.7340500848,\"3\":0.2309028471,\"4\":0.0686698308,\"5\":0.0032104176,\"6\":0.0221721501},\"2\":{\"0\":0.0000104585,\"1\":0.2078587156,\"2\":0.1752906804,\"3\":0.3341376135,\"4\":0.3755089058,\"5\":0.1708241873,\"6\":0.3524500293},\"3\":{\"0\":0.0,\"1\":0.5384491252,\"2\":0.0524105321,\"3\":0.4195916824,\"4\":0.3608851718,\"5\":0.1282757541,\"6\":0.0187881471},\"4\":{\"0\":0.0,\"1\":4.113322626e-16,\"2\":0.0000000007,\"3\":0.0048082447,\"4\":0.1856442107,\"5\":0.6973790593,\"6\":0.5842562641}}"}