{"source_name": "Supparsi_2013_RC2", "target_name": "SARA_CR_LFLS_DUC_H_4_7", "source_damage_states": [0, 1, 2, 3, 4, 5, 6], "target_damage_states": [0, 1, 2, 3, 4], "conv_matrix": "{\"0\":{\"0\":0.1307792097,\"1\":0.1702897287,\"2\":0.0223369538,\"3\":0.00000125,\"4\":0.0000000063,\"5\":6.171615808e-18,\"6\":1.515966729e-19},\"1\":{\"0\":0.8687153038,\"1\":0.2382423201,\"2\":0.0459485689,\"3\":0.3320040411,\"4\":0.1590188006,\"5\":0.1306847896,\"6\":0.5011520467},\"2\":{\"0\":0.0005054866,\"1\":0.5914679499,\"2\":0.9317144511,\"3\":0.4491085262,\"4\":0.1916737682,\"5\":0.0000107974,\"6\":0.0000000677},\"3\":{\"0\":0.0,\"1\":0.0000000014,\"2\":0.0000000261,\"3\":0.2134390484,\"4\":0.6166623255,\"5\":0.1686548674,\"6\":0.0160369194},\"4\":{\"0\":7.214638569e-19,\"1\":0.0,\"2\":0.0,\"3\":0.0054471343,\"4\":0.0326450994,\"5\":0.7006495455,\"6\":0.4828109662}}"}