{"source_name": "SUPPARSI_2013_BRICK", "target_name": "SARA_MUR_STRUB_H_1_2", "source_damage_states": [0, 1, 2, 3, 4, 5, 6], "target_damage_states": [0, 1, 2, 3, 4], "conv_matrix": "{\"0\":{\"0\":0.6601166356,\"1\":0.0000021237,\"2\":0.0280980256,\"3\":0.0000000863,\"4\":0.0,\"5\":4.089023075e-21,\"6\":2.460748733e-22},\"1\":{\"0\":0.3390718943,\"1\":0.5078306308,\"2\":0.917694922,\"3\":0.0988983623,\"4\":0.0000288984,\"5\":0.0000000036,\"6\":0.0000000024},\"2\":{\"0\":0.00081147,\"1\":0.4727450248,\"2\":0.0541138747,\"3\":0.7085284731,\"4\":0.3597902779,\"5\":0.0633122563,\"6\":0.0267064208},\"3\":{\"0\":0.0,\"1\":0.0194222207,\"2\":0.0000931778,\"3\":0.1922442572,\"4\":0.5864708791,\"5\":0.2555306653,\"6\":0.1166855631},\"4\":{\"0\":0.0,\"1\":5.81123511e-19,\"2\":0.0,\"3\":0.0003288211,\"4\":0.0537099446,\"5\":0.6811570748,\"6\":0.8566080137}}"}