{"source_name": "SUPPASRI2013_RC1", "target_name": "HAZUS_S2L", "source_damage_states": [0, 1, 2, 3, 4, 5, 6], "target_damage_states": [0, 1, 2, 3, 4], "conv_matrix": "{\"0\":{\"0\":0.9910485789,\"1\":0.078110705,\"2\":0.0049569018,\"3\":0.0446508013,\"4\":0.0081245526,\"5\":0.0038193331,\"6\":0.0310014316},\"1\":{\"0\":0.0038552325,\"1\":0.9144481046,\"2\":0.9059167087,\"3\":0.1383516309,\"4\":0.0134255718,\"5\":0.000000103,\"6\":0.0000000015},\"2\":{\"0\":0.005095233,\"1\":0.0072656029,\"2\":0.0016061846,\"3\":0.3395165908,\"4\":0.179810366,\"5\":0.1303572846,\"6\":0.3716678371},\"3\":{\"0\":0.0000008005,\"1\":0.0001755875,\"2\":0.0875202024,\"3\":0.4324693157,\"4\":0.5688325467,\"5\":0.2602510564,\"6\":0.2619750662},\"4\":{\"0\":0.000000155,\"1\":0.0,\"2\":0.0000000025,\"3\":0.0450116613,\"4\":0.229806963,\"5\":0.6055722228,\"6\":0.3353556635}}"}