{"source_name": "SUPPARSI2013_S2", "target_name": "HAZUS_C2M", "source_damage_states": [0, 1, 2, 3, 4, 5, 6], "target_damage_states": [0, 1, 2, 3, 4], "conv_matrix": "{\"0\":{\"0\":0.9927481921,\"1\":0.0000073848,\"2\":0.0380795192,\"3\":0.0054369182,\"4\":0.0044282223,\"5\":0.0002265747,\"6\":0.0191837474},\"1\":{\"0\":0.0071928313,\"1\":0.2419974731,\"2\":0.7043121963,\"3\":0.2523063011,\"4\":0.1191151586,\"5\":0.0112040115,\"6\":0.0681714462},\"2\":{\"0\":0.0000589682,\"1\":0.1583362564,\"2\":0.1177980484,\"3\":0.2805288306,\"4\":0.3670479031,\"5\":0.2898256617,\"6\":0.4244437315},\"3\":{\"0\":0.0000000085,\"1\":0.5804770193,\"2\":0.1396130592,\"3\":0.3339879307,\"4\":0.2931821906,\"5\":0.2118845498,\"6\":0.1773727848},\"4\":{\"0\":0.0,\"1\":0.0191818663,\"2\":0.000197177,\"3\":0.1277400193,\"4\":0.2162265253,\"5\":0.4868592024,\"6\":0.31082829}}"}