{"source_name": "SUPPASRI2013_RC1", "target_name": "SARA_MR-DNO-H1-3", "source_damage_states": [0, 1, 2, 3, 4, 5, 6], "target_damage_states": [0, 1, 2, 3, 4], "conv_matrix": "{\"0\":{\"0\":0.9902114185,\"1\":0.0664341947,\"2\":0.0115449777,\"3\":0.097127166,\"4\":0.0329660056,\"5\":0.0312952966,\"6\":0.144845597},\"1\":{\"0\":0.0097395039,\"1\":0.8624573615,\"2\":0.2075815969,\"3\":0.2050257652,\"4\":0.0724439395,\"5\":0.0349370174,\"6\":0.1079660663},\"2\":{\"0\":0.0000463243,\"1\":0.0706491486,\"2\":0.5510100584,\"3\":0.3463368037,\"4\":0.2555205244,\"5\":0.1564761413,\"6\":0.2466474202},\"3\":{\"0\":0.0000026149,\"1\":0.0002371618,\"2\":0.0308090288,\"3\":0.1945855353,\"4\":0.303197832,\"5\":0.2351559625,\"6\":0.2077879761},\"4\":{\"0\":0.0000001384,\"1\":0.0002221334,\"2\":0.1990543382,\"3\":0.1569247298,\"4\":0.3358716985,\"5\":0.5421355822,\"6\":0.2927529405}}"}