{"source_name": "SUPPASRI2013_BRICK", "target_name": "SARA_CR-LFINF-DNO-H1-3", "source_damage_states": [0, 1, 2, 3, 4, 5, 6], "target_damage_states": [0, 1, 2, 3, 4], "conv_matrix": "{\"0\":{\"0\":0.002676,\"1\":0.2413683643,\"2\":0.6705061559,\"3\":0.0630523466,\"4\":0.0000080505,\"5\":0.0000000003,\"6\":0.0},\"1\":{\"0\":0.9970310894,\"1\":0.001010282,\"2\":0.0314905501,\"3\":0.2937714815,\"4\":0.2304262516,\"5\":0.0806007951,\"6\":0.1750961972},\"2\":{\"0\":0.000292847,\"1\":0.0000001046,\"2\":0.0029316877,\"3\":0.1003990623,\"4\":0.2621863424,\"5\":0.2287354545,\"6\":0.4054709421},\"3\":{\"0\":0.0000000636,\"1\":0.7576212491,\"2\":0.2950716064,\"3\":0.542767431,\"4\":0.4954926082,\"5\":0.2999406396,\"6\":0.0406746569},\"4\":{\"0\":0.0,\"1\":8.154995165e-19,\"2\":0.0,\"3\":0.0000096786,\"4\":0.0118867472,\"5\":0.3907231105,\"6\":0.3787582038}}"}