{"source_name": "SUPPASRI2013_W2", "target_name": "HAZUS_C3L", "source_damage_states": [0, 1, 2, 3, 4, 5, 6], "target_damage_states": [0, 1, 2, 3, 4], "conv_matrix": "{\"0\":{\"0\":0.2339218167,\"1\":0.0000073718,\"2\":0.0378370464,\"3\":0.0013041487,\"4\":0.0000074296,\"5\":0.0000000125,\"6\":0.0000002004},\"1\":{\"0\":0.7660748415,\"1\":0.1929108131,\"2\":0.6397076482,\"3\":0.3697065122,\"4\":0.4191789782,\"5\":0.2606842532,\"6\":0.5059587389},\"2\":{\"0\":0.0000033416,\"1\":0.2234726244,\"2\":0.2475304719,\"3\":0.1826973146,\"4\":0.0625027795,\"5\":0.0106306554,\"6\":0.0074051009},\"3\":{\"0\":0.0000000001,\"1\":0.5836091907,\"2\":0.0749248334,\"3\":0.4435630993,\"4\":0.3807291624,\"5\":0.1312902766,\"6\":0.0269208031},\"4\":{\"0\":0.0,\"1\":0.0,\"2\":0.0000000001,\"3\":0.0027289252,\"4\":0.1375816504,\"5\":0.5973948022,\"6\":0.4597151567}}"}