{"source_name": "SUPPASRI2013_RC1", "target_name": "SARA_CR-LFM-DNO-H1-3", "source_damage_states": [0, 1, 2, 3, 4, 5, 6], "target_damage_states": [0, 1, 2, 3, 4], "conv_matrix": "{\"0\":{\"0\":0.0185180588,\"1\":0.1501920738,\"2\":0.0204494329,\"3\":0.0001082382,\"4\":0.0000007793,\"5\":0.0,\"6\":0.0},\"1\":{\"0\":0.9797268113,\"1\":0.7896621859,\"2\":0.2022365989,\"3\":0.3614775594,\"4\":0.18217166,\"5\":0.1324462543,\"6\":0.3485379978},\"2\":{\"0\":0.0008408197,\"1\":0.0000003002,\"2\":0.0000010716,\"3\":0.0880697289,\"4\":0.1172222058,\"5\":0.1332347002,\"6\":0.1938648396},\"3\":{\"0\":0.0009106567,\"1\":0.0601454401,\"2\":0.7773128965,\"3\":0.5331815647,\"4\":0.6335681984,\"5\":0.1541663384,\"6\":0.0229228329},\"4\":{\"0\":0.0000036535,\"1\":0.0,\"2\":0.0,\"3\":0.0171629088,\"4\":0.0670371564,\"5\":0.5801527071,\"6\":0.4346743297}}"}