{"source_name": "SUPPARSI2013_S3", "target_name": "SARA_MUR-H2-3", "source_damage_states": [0, 1, 2, 3, 4, 5, 6], "target_damage_states": [0, 1, 2, 3, 4], "conv_matrix": "{\"0\":{\"0\":0.9993364249,\"1\":0.0000073646,\"2\":0.044292884,\"3\":0.0163433913,\"4\":0.0098428795,\"5\":0.0004917275,\"6\":0.029979299},\"1\":{\"0\":0.0006578228,\"1\":0.4350563905,\"2\":0.8462206574,\"3\":0.3581120123,\"4\":0.12557584,\"5\":0.0087840157,\"6\":0.0044168266},\"2\":{\"0\":0.0000017412,\"1\":0.5649315691,\"2\":0.1094827684,\"3\":0.448324616,\"4\":0.0668197297,\"5\":0.0038487639,\"6\":0.0002671202},\"3\":{\"0\":0.0000040112,\"1\":0.0000046758,\"2\":0.0000036833,\"3\":0.1713172814,\"4\":0.6362410141,\"5\":0.423538074,\"6\":0.5284779845},\"4\":{\"0\":0.0,\"1\":0.0000000001,\"2\":0.0000000069,\"3\":0.005902699,\"4\":0.1615205367,\"5\":0.5633374189,\"6\":0.4368587697}}"}