{"source_name": "Supparsi_2013_RC2", "target_name": "SARA_CR_LFM_DUC_H_1_3", "source_damage_states": [0, 1, 2, 3, 4, 5, 6], "target_damage_states": [0, 1, 2, 3, 4], "conv_matrix": "{\"0\":{\"0\":0.1255250585,\"1\":0.0781328805,\"2\":0.0065307663,\"3\":0.0000001591,\"4\":0.0000000006,\"5\":2.443181307e-19,\"6\":1.244841379e-20},\"1\":{\"0\":0.5946692583,\"1\":0.9163085123,\"2\":0.9923044877,\"3\":0.2547475942,\"4\":0.0581573872,\"5\":0.0000000403,\"6\":0.0},\"2\":{\"0\":0.2784579953,\"1\":0.0055530729,\"2\":0.0011639035,\"3\":0.2675846728,\"4\":0.1366416954,\"5\":0.000009854,\"6\":0.0000000362},\"3\":{\"0\":0.0013476784,\"1\":0.0000055343,\"2\":0.0000008426,\"3\":0.4501232847,\"4\":0.7443369271,\"5\":0.1755499869,\"6\":0.0292887402},\"4\":{\"0\":0.0000000095,\"1\":0.0,\"2\":0.0,\"3\":0.0275442893,\"4\":0.0608639897,\"5\":0.8244401188,\"6\":0.9707112236}}"}