{"source_name": "Supparsi2013_RC1", "target_name": "SARA_W-WLI-H1-3", "source_damage_states": [0, 1, 2, 3, 4, 5, 6], "target_damage_states": [0, 1, 2, 3, 4], "conv_matrix": "{\"0\":{\"0\":0.945046801,\"1\":0.0470899429,\"2\":0.0026771404,\"3\":0.0145299429,\"4\":0.001686524,\"5\":0.0004689086,\"6\":0.005470787},\"1\":{\"0\":0.0464798821,\"1\":0.1547667844,\"2\":0.4731616641,\"3\":0.1462590729,\"4\":0.0240884651,\"5\":0.0016117082,\"6\":0.0082720192},\"2\":{\"0\":0.0079372837,\"1\":0.7980851449,\"2\":0.4456718342,\"3\":0.4398542255,\"4\":0.2555741128,\"5\":0.1075696541,\"6\":0.2105302009},\"3\":{\"0\":0.0005357706,\"1\":0.0000581279,\"2\":0.0784893585,\"3\":0.3450274948,\"4\":0.4650862009,\"5\":0.2020329582,\"6\":0.3328106214},\"4\":{\"0\":0.0000002625,\"1\":0.0,\"2\":0.0000000028,\"3\":0.0543292639,\"4\":0.2535646972,\"5\":0.6883167709,\"6\":0.4429163715}}"}