{"source_name": "SUPPARSI2013_W3", "target_name": "SARA_MCF-DNO-H1-3", "source_damage_states": [0, 1, 2, 3, 4, 5, 6], "target_damage_states": [0, 1, 2, 3, 4], "conv_matrix": "{\"0\":{\"0\":0.9999748688,\"1\":0.000009162,\"2\":0.0953511439,\"3\":0.0693948988,\"4\":0.0936552513,\"5\":0.0143877277,\"6\":0.2392995814},\"1\":{\"0\":0.00002513,\"1\":0.1862105693,\"2\":0.6467929291,\"3\":0.234888811,\"4\":0.1411746511,\"5\":0.0486177671,\"6\":0.0853422429},\"2\":{\"0\":0.0000000012,\"1\":0.5190262471,\"2\":0.2135448409,\"3\":0.3597646858,\"4\":0.26998254,\"5\":0.1994730263,\"6\":0.1851118587},\"3\":{\"0\":0.0,\"1\":0.0783625966,\"2\":0.0288058601,\"3\":0.1929353995,\"4\":0.285928416,\"5\":0.2702310201,\"6\":0.1847800645},\"4\":{\"0\":0.0,\"1\":0.2163914251,\"2\":0.015505226,\"3\":0.1430162048,\"4\":0.2092591416,\"5\":0.4672904588,\"6\":0.3054662525}}"}