{"source_name": "SUPPASRI2013_RC1", "target_name": "HAZUS_W1", "source_damage_states": [0, 1, 2, 3, 4, 5, 6], "target_damage_states": [0, 1, 2, 3, 4], "conv_matrix": "{\"0\":{\"0\":0.9427475871,\"1\":0.0428091994,\"2\":0.002342401,\"3\":0.0145651753,\"4\":0.0015502242,\"5\":0.0005134574,\"6\":0.0057205661},\"1\":{\"0\":0.0487114506,\"1\":0.1805831179,\"2\":0.4820645292,\"3\":0.1349294151,\"4\":0.0183449251,\"5\":0.0012668073,\"6\":0.0069189585},\"2\":{\"0\":0.0078844927,\"1\":0.7765164333,\"2\":0.4256457207,\"3\":0.4401890777,\"4\":0.2687114498,\"5\":0.1083689396,\"6\":0.2130042946},\"3\":{\"0\":0.0006549939,\"1\":0.0000912494,\"2\":0.0899473441,\"3\":0.355721055,\"4\":0.4702519712,\"5\":0.2004312364,\"6\":0.3290354718},\"4\":{\"0\":0.0000014758,\"1\":0.0,\"2\":0.000000005,\"3\":0.0545952769,\"4\":0.2411414297,\"5\":0.6894195593,\"6\":0.445320709}}"}