{"source_name": "Supparsi_2013_RC1", "target_name": "SARA_MUR_ADO_H_1_2", "source_damage_states": [0, 1, 2, 3, 4, 5, 6], "target_damage_states": [0, 1, 2, 3, 4], "conv_matrix": "{\"0\":{\"0\":0.1024103834,\"1\":0.0220580131,\"2\":0.0008812059,\"3\":0.0000000081,\"4\":0.0,\"5\":1.333461869e-21,\"6\":2.220697228e-23},\"1\":{\"0\":0.6175591137,\"1\":0.9465181967,\"2\":0.9947999268,\"3\":0.2706571467,\"4\":0.0765133583,\"5\":0.0000006156,\"6\":0.0000000037},\"2\":{\"0\":0.2800247064,\"1\":0.0314237655,\"2\":0.0043155866,\"3\":0.3811994827,\"4\":0.1711427497,\"5\":0.0016387726,\"6\":0.0004436119},\"3\":{\"0\":0.0000000001,\"1\":0.0000000194,\"2\":0.0000032802,\"3\":0.20530186,\"4\":0.5490915845,\"5\":0.1499051667,\"6\":0.0127888839},\"4\":{\"0\":0.0000057964,\"1\":0.0000000052,\"2\":0.0000000005,\"3\":0.1428415026,\"4\":0.2032523076,\"5\":0.8484554452,\"6\":0.9867675005}}"}