{"source_name": "SUPPASRI2013_RC1", "target_name": "SARA_CR-LFINF-DNO-H1-3", "source_damage_states": [0, 1, 2, 3, 4, 5, 6], "target_damage_states": [0, 1, 2, 3, 4], "conv_matrix": "{\"0\":{\"0\":0.0272382206,\"1\":0.9366858192,\"2\":0.223632565,\"3\":0.0805055177,\"4\":0.0080132165,\"5\":0.000000088,\"6\":0.0000000014},\"1\":{\"0\":0.9646100844,\"1\":0.0042597254,\"2\":0.0011765744,\"3\":0.2442100764,\"4\":0.1222332407,\"5\":0.0548166605,\"6\":0.172860826},\"2\":{\"0\":0.0079795684,\"1\":0.0000887793,\"2\":0.0002823917,\"3\":0.1446715003,\"4\":0.1755155973,\"5\":0.2252706312,\"6\":0.4087417024},\"3\":{\"0\":0.0001719856,\"1\":0.0589656761,\"2\":0.7749084689,\"3\":0.5183351498,\"4\":0.6340935511,\"5\":0.1543675452,\"6\":0.0232967427},\"4\":{\"0\":0.000000141,\"1\":0.0,\"2\":0.0,\"3\":0.0122777558,\"4\":0.0601443944,\"5\":0.5655450751,\"6\":0.3951007275}}"}