{"source_name": "SUPPASRI2013_RC2", "target_name": "HAZUS_RM1L", "source_damage_states": [0, 1, 2, 3, 4, 5, 6], "target_damage_states": [0, 1, 2, 3, 4], "conv_matrix": "{\"0\":{\"0\":0.9915480893,\"1\":0.1160899434,\"2\":0.0081883212,\"3\":0.0593369856,\"4\":0.0123681774,\"5\":0.0067610613,\"6\":0.0471134887},\"1\":{\"0\":0.0028020101,\"1\":0.8832799086,\"2\":0.9610684027,\"3\":0.2754680339,\"4\":0.0816200124,\"5\":0.0000121736,\"6\":0.0000002577},\"2\":{\"0\":0.0049868738,\"1\":0.0006297857,\"2\":0.0304519012,\"3\":0.3619194008,\"4\":0.2155161578,\"5\":0.0195192008,\"6\":0.0315171006},\"3\":{\"0\":0.0006247147,\"1\":0.0000003622,\"2\":0.0002913739,\"3\":0.2763414244,\"4\":0.6097205565,\"5\":0.4085427972,\"6\":0.4879075252},\"4\":{\"0\":0.0000383121,\"1\":0.0,\"2\":0.000000001,\"3\":0.0269341552,\"4\":0.0807750959,\"5\":0.5651647671,\"6\":0.4334616278}}"}