{"source_schema": "SUPPASRI2013_v2.0", "source_taxonomy": "RC3", "target_schema": "SARA_v1.0", "target_taxonomy": "MUR-ADO-H1-2", "source_damage_states": [0, 1, 2, 3, 4, 5, 6], "target_damage_states": [0, 1, 2, 3, 4], "conv_matrix": {"0": {"0": 0.9989517409, "1": 7.3725e-06, "2": 0.0426670656, "3": 0.0154408826, "4": 0.0094173939, "5": 0.0003127331, "6": 0.02240971}, "1": {"0": 0.0010423674, "1": 0.4632852122, "2": 0.8611154781, "3": 0.3513061545, "4": 0.1015801003, "5": 0.0052502657, "6": 0.0037865575}, "2": {"0": 1.8931e-06, "1": 0.5366969143, "2": 0.0962137062, "3": 0.4549235185, "4": 0.0885174345, "5": 0.0071203542, "6": 0.0008413554}, "3": {"0": 3.9986e-06, "1": 1.0501e-05, "2": 3.7421e-06, "3": 0.1721508109, "4": 0.6384936205, "5": 0.4253495193, "6": 0.5399355443}, "4": {"0": 0.0, "1": 1e-10, "2": 8.1e-09, "3": 0.0061786335, "4": 0.1619914508, "5": 0.5619671277, "6": 0.4330268328}}}