{"source_name": "SUPPASRI2013_RC1", "target_name": "SARA_MR-DUC-H1-3", "source_damage_states": [0, 1, 2, 3, 4, 5, 6], "target_damage_states": [0, 1, 2, 3, 4], "conv_matrix": "{\"0\":{\"0\":0.984395771,\"1\":0.0775775953,\"2\":0.0049231358,\"3\":0.026657178,\"4\":0.0041857,\"5\":0.0018561376,\"6\":0.0170019182},\"1\":{\"0\":0.0038977103,\"1\":0.9215597423,\"2\":0.9937066994,\"3\":0.2517235774,\"4\":0.0659156913,\"5\":0.0000023461,\"6\":0.0000000114},\"2\":{\"0\":0.0115678811,\"1\":0.0008600912,\"2\":0.0007699477,\"3\":0.4309378043,\"4\":0.3037618778,\"5\":0.1464070257,\"6\":0.3370608063},\"3\":{\"0\":0.000138453,\"1\":0.0000025706,\"2\":0.0005995808,\"3\":0.2131846493,\"4\":0.3423795241,\"5\":0.297378657,\"6\":0.3488106376},\"4\":{\"0\":0.0000001846,\"1\":0.0000000006,\"2\":0.0000006364,\"3\":0.077496791,\"4\":0.2837572067,\"5\":0.5543558336,\"6\":0.2971266265}}"}