{"source_name": "SUPPARSI_2013_RC3", "target_name": "SARA_CR_LFM_DNO_H_4_7", "source_damage_states": [0, 1, 2, 3, 4, 5, 6], "target_damage_states": [0, 1, 2, 3, 4], "conv_matrix": "{\"0\":{\"0\":0.3716923826,\"1\":0.0000002299,\"2\":0.0133821233,\"3\":0.0000000715,\"4\":0.0,\"5\":1.213009422e-18,\"6\":1.287965954e-19},\"1\":{\"0\":0.5882647814,\"1\":0.9955221249,\"2\":0.9438910533,\"3\":0.2351012358,\"4\":0.000096521,\"5\":0.0000000089,\"6\":0.0000000001},\"2\":{\"0\":0.040042826,\"1\":0.0044071336,\"2\":0.0427263182,\"3\":0.561988447,\"4\":0.0888536232,\"5\":0.0031601509,\"6\":0.003082214},\"3\":{\"0\":0.00000001,\"1\":0.0000705061,\"2\":0.0000005025,\"3\":0.1961070432,\"4\":0.6231689828,\"5\":0.1560625395,\"6\":0.1051551728},\"4\":{\"0\":0.0,\"1\":0.0000000056,\"2\":0.0000000026,\"3\":0.0068032024,\"4\":0.287880873,\"5\":0.8407773007,\"6\":0.8917626131}}"}