{"source_name": "SUPPASRI2013_RC3", "target_name": "SARA_CR-LFM-DNO-SOS-H1-3", "source_damage_states": [0, 1, 2, 3, 4, 5, 6], "target_damage_states": [0, 1, 2, 3, 4], "conv_matrix": "{\"0\":{\"0\":0.0020115767,\"1\":0.0015767339,\"2\":0.1493275,\"3\":0.0000652075,\"4\":0.0000000012,\"5\":0.0,\"6\":5.808529787e-16},\"1\":{\"0\":0.9979840498,\"1\":0.240512289,\"2\":0.5470211595,\"3\":0.3637263308,\"4\":0.3222845423,\"5\":0.1703161232,\"6\":0.3423650613},\"2\":{\"0\":0.0000030343,\"1\":0.000000005,\"2\":0.0000210026,\"3\":0.0702173502,\"4\":0.1679036443,\"5\":0.1392843852,\"6\":0.1848961117},\"3\":{\"0\":0.0000013392,\"1\":0.757910972,\"2\":0.3036303379,\"3\":0.5659802547,\"4\":0.4969854241,\"5\":0.3000920074,\"6\":0.0409310091},\"4\":{\"0\":0.0,\"1\":5.143283098e-20,\"2\":0.0,\"3\":0.0000108568,\"4\":0.0128263881,\"5\":0.3903074843,\"6\":0.4318078179}}"}