{"source_name": "SUPPASRI2013_W1", "target_name": "SARA_MCF-DUC-H1-3", "source_damage_states": [0, 1, 2, 3, 4, 5, 6], "target_damage_states": [0, 1, 2, 3, 4], "conv_matrix": "{\"0\":{\"0\":0.9999566402,\"1\":0.0000076755,\"2\":0.0788966444,\"3\":0.0207723149,\"4\":0.0185282854,\"5\":0.0010071518,\"6\":0.049341786},\"1\":{\"0\":0.0000108998,\"1\":0.9998324702,\"2\":0.9051425735,\"3\":0.1589155031,\"4\":0.0000315631,\"5\":0.000000015,\"6\":0.0},\"2\":{\"0\":0.0000324568,\"1\":0.0000235057,\"2\":0.0154430923,\"3\":0.5211778635,\"4\":0.4696381776,\"5\":0.208452611,\"6\":0.3020376919},\"3\":{\"0\":0.0000000031,\"1\":0.0001362549,\"2\":0.0005170452,\"3\":0.2443612993,\"4\":0.2970346959,\"5\":0.3038589645,\"6\":0.3374787203},\"4\":{\"0\":0.0,\"1\":0.0000000937,\"2\":0.0000006446,\"3\":0.0547730192,\"4\":0.214767278,\"5\":0.4866812578,\"6\":0.3111418019}}"}