{"source_name": "SUPPASRI2013_RC1", "target_name": "SARA_W-WHE-H1-3", "source_damage_states": [0, 1, 2, 3, 4, 5, 6], "target_damage_states": [0, 1, 2, 3, 4], "conv_matrix": "{\"0\":{\"0\":0.9886854325,\"1\":0.0775097384,\"2\":0.0049059415,\"3\":0.0405595307,\"4\":0.0073827523,\"5\":0.0038958233,\"6\":0.0315555087},\"1\":{\"0\":0.0109733969,\"1\":0.3688987555,\"2\":0.0927995603,\"3\":0.0384727602,\"4\":0.0021557867,\"5\":0.0000020065,\"6\":0.0000010293},\"2\":{\"0\":0.0001044285,\"1\":0.5535911245,\"2\":0.9022933946,\"3\":0.4563072792,\"4\":0.13504667,\"5\":0.0000593534,\"6\":0.0000047414},\"3\":{\"0\":0.0002356814,\"1\":0.0000003815,\"2\":0.0000010923,\"3\":0.4072882252,\"4\":0.6003060215,\"5\":0.3260002469,\"6\":0.5527362104},\"4\":{\"0\":0.0000010607,\"1\":0.0,\"2\":0.0000000114,\"3\":0.0573722047,\"4\":0.2551087695,\"5\":0.6700425698,\"6\":0.4157025102}}"}