{"source_name": "SUPPARSI_2013_W1", "target_name": "SARA_MUR_ADO_H_1_2", "source_damage_states": [0, 1, 2, 3, 4, 5, 6], "target_damage_states": [0, 1, 2, 3, 4], "conv_matrix": "{\"0\":{\"0\":0.6887428653,\"1\":0.000000427,\"2\":0.0246637239,\"3\":0.0000000552,\"4\":0.0,\"5\":8.860513364e-23,\"6\":6.405560547e-25},\"1\":{\"0\":0.2719808653,\"1\":0.9976565988,\"2\":0.931459029,\"3\":0.2447108642,\"4\":0.0009956052,\"5\":0.000000141,\"6\":0.0000000022},\"2\":{\"0\":0.0392760848,\"1\":0.0022400943,\"2\":0.0438691951,\"3\":0.5415929952,\"4\":0.108078776,\"5\":0.0068613484,\"6\":0.0020550315},\"3\":{\"0\":0.0,\"1\":0.0001028798,\"2\":0.0000070286,\"3\":0.1759031762,\"4\":0.5044931058,\"5\":0.1806186065,\"6\":0.0377368552},\"4\":{\"0\":0.0000001846,\"1\":1.438478684e-17,\"2\":0.0000010234,\"3\":0.0377929092,\"4\":0.386432513,\"5\":0.8125199041,\"6\":0.9602081111}}"}