{"source_name": "SUPPARSI2013_S1", "target_name": "HAZUS_PC2L", "source_damage_states": [0, 1, 2, 3, 4, 5, 6], "target_damage_states": [0, 1, 2, 3, 4], "conv_matrix": "{\"0\":{\"0\":0.0018383549,\"1\":0.0001030649,\"2\":0.0793040668,\"3\":0.0000752988,\"4\":0.0000000092,\"5\":0.0,\"6\":0.0},\"1\":{\"0\":0.2009712354,\"1\":0.0736240924,\"2\":0.3910449077,\"3\":0.0992838367,\"4\":0.0001639635,\"5\":0.0000000096,\"6\":0.0000000001},\"2\":{\"0\":0.7971890107,\"1\":0.0000052184,\"2\":0.000735193,\"3\":0.2945978653,\"4\":0.5088022555,\"5\":0.4130270952,\"6\":0.6714556617},\"3\":{\"0\":0.0000013989,\"1\":0.9261422897,\"2\":0.5288514385,\"3\":0.4927340351,\"4\":0.2969596293,\"5\":0.128402328,\"6\":0.0191685235},\"4\":{\"0\":0.0,\"1\":0.0001253346,\"2\":0.000064394,\"3\":0.1133089641,\"4\":0.1940741425,\"5\":0.4585705672,\"6\":0.3093758146}}"}