{"source_name": "Supparsi2013_RC1", "target_name": "SARA_S-LFM-H4-7", "source_damage_states": [0, 1, 2, 3, 4, 5, 6], "target_damage_states": [0, 1, 2, 3, 4], "conv_matrix": "{\"0\":{\"0\":0.9388456235,\"1\":0.0448368519,\"2\":0.0025883807,\"3\":0.0150917507,\"4\":0.0016827794,\"5\":0.0004275448,\"6\":0.0049533351},\"1\":{\"0\":0.0098775035,\"1\":0.5927359377,\"2\":0.7127637493,\"3\":0.0469559933,\"4\":0.0030776845,\"5\":0.0000000749,\"6\":0.0000000044},\"2\":{\"0\":0.0512741053,\"1\":0.3616621129,\"2\":0.1150635872,\"3\":0.4994985938,\"4\":0.2721040358,\"5\":0.1969378373,\"6\":0.4743528372},\"3\":{\"0\":0.0000026583,\"1\":0.0007650975,\"2\":0.1695842825,\"3\":0.3975932354,\"4\":0.5068609727,\"5\":0.1300229418,\"6\":0.1058868318},\"4\":{\"0\":0.0000001094,\"1\":0.0,\"2\":0.0000000003,\"3\":0.0408604268,\"4\":0.2162745275,\"5\":0.6726116013,\"6\":0.4148069916}}"}