{"source_name": "SUPPARSI2013_W3", "target_name": "HAZUS_RM2H", "source_damage_states": [0, 1, 2, 3, 4, 5, 6], "target_damage_states": [0, 1, 2, 3, 4], "conv_matrix": "{\"0\":{\"0\":0.5488006926,\"1\":0.0000073942,\"2\":0.0380830906,\"3\":0.002635821,\"4\":0.0000425232,\"5\":0.0000000097,\"6\":0.0000000152},\"1\":{\"0\":0.0000106411,\"1\":0.9786132366,\"2\":0.7006435759,\"3\":0.142712751,\"4\":0.0005399357,\"5\":0.0000008467,\"6\":0.0000000002},\"2\":{\"0\":0.4511843678,\"1\":0.0212375322,\"2\":0.2572705503,\"3\":0.4540798766,\"4\":0.4805244473,\"5\":0.3008636825,\"6\":0.4943635631},\"3\":{\"0\":0.0000042985,\"1\":0.0000925269,\"2\":0.0040027761,\"3\":0.3903496167,\"4\":0.4605413256,\"5\":0.3623940775,\"6\":0.4466304979},\"4\":{\"0\":5.200109655e-32,\"1\":0.00004931,\"2\":0.0000000072,\"3\":0.0102219346,\"4\":0.0583517682,\"5\":0.3367413836,\"6\":0.0590059236}}"}