{"source_name": "SUPPASRI2013_RC2", "target_name": "SARA_MUR-STRUB-H1-2", "source_damage_states": [0, 1, 2, 3, 4, 5, 6], "target_damage_states": [0, 1, 2, 3, 4], "conv_matrix": "{\"0\":{\"0\":0.9781182588,\"1\":0.0425522059,\"2\":0.0024190473,\"3\":0.0238936009,\"4\":0.0035235781,\"5\":0.0015314943,\"6\":0.0145976482},\"1\":{\"0\":0.0147489638,\"1\":0.9312349195,\"2\":0.3826830455,\"3\":0.0632476223,\"4\":0.0030845079,\"5\":0.0000000594,\"6\":0.0000000132},\"2\":{\"0\":0.0069987765,\"1\":0.0261191033,\"2\":0.5229652273,\"3\":0.5756360089,\"4\":0.3283656005,\"5\":0.14045164,\"6\":0.3369811062},\"3\":{\"0\":0.0001325625,\"1\":0.0000937712,\"2\":0.0919326595,\"3\":0.287849909,\"4\":0.4505485158,\"5\":0.2139031581,\"6\":0.2466826459},\"4\":{\"0\":0.0000014384,\"1\":0.0,\"2\":0.0000000203,\"3\":0.049372859,\"4\":0.2144777977,\"5\":0.6441136482,\"6\":0.4017385864}}"}