{"source_name": "SUPPASRI2013_RC3", "target_name": "SARA_MCF-DNO-H1-3", "source_damage_states": [0, 1, 2, 3, 4, 5, 6], "target_damage_states": [0, 1, 2, 3, 4], "conv_matrix": "{\"0\":{\"0\":0.9999748572,\"1\":0.0000091688,\"2\":0.0952701113,\"3\":0.069377337,\"4\":0.0937136355,\"5\":0.0143931349,\"6\":0.2392956377},\"1\":{\"0\":0.0000251417,\"1\":0.1861863046,\"2\":0.6469118479,\"3\":0.2348586396,\"4\":0.141192881,\"5\":0.0486101947,\"6\":0.0853447335},\"2\":{\"0\":0.0000000012,\"1\":0.519045045,\"2\":0.2135416965,\"3\":0.3597824509,\"4\":0.2699754735,\"5\":0.1994531075,\"6\":0.185120351},\"3\":{\"0\":0.0,\"1\":0.0783562717,\"2\":0.028787729,\"3\":0.1929472325,\"4\":0.2858996895,\"5\":0.2702264915,\"6\":0.1847796392},\"4\":{\"0\":0.0,\"1\":0.2164032098,\"2\":0.0154886153,\"3\":0.1430343401,\"4\":0.2092183204,\"5\":0.4673170714,\"6\":0.3054596386}}"}