{"source_schema": "SUPPASRI2013_v2.0", "source_taxonomy": "S2", "target_schema": "SARA_v1.0", "target_taxonomy": "CR-LFLS-DUC-H1-3", "source_damage_states": [0, 1, 2, 3, 4, 5, 6], "target_damage_states": [0, 1, 2, 3, 4], "conv_matrix": {"0": {"0": 0.9927651496, "1": 7.3631e-06, "2": 0.0381974087, "3": 0.0054755589, "4": 0.0044114897, "5": 0.0002269817, "6": 0.0192460017}, "1": {"0": 0.0071714745, "1": 0.2430538741, "2": 0.7037681794, "3": 0.2525612959, "4": 0.1189167284, "5": 0.0110555756, "6": 0.0666707418}, "2": {"0": 6.33674e-05, "1": 0.1572675327, "2": 0.1179248845, "3": 0.280400477, "4": 0.366987157, "5": 0.2900982273, "6": 0.4258362486}, "3": {"0": 8.5e-09, "1": 0.5828546065, "2": 0.139925586, "3": 0.3340446702, "4": 0.2932732172, "5": 0.2118934292, "6": 0.1773786512}, "4": {"0": 0.0, "1": 0.0168166236, "2": 0.0001839415, "3": 0.127517998, "4": 0.2164114077, "5": 0.4867257863, "6": 0.3108683568}}}