{"source_name": "SUPPARSI2013_S1", "target_name": "SARA_W-WHE-H1-3", "source_damage_states": [0, 1, 2, 3, 4, 5, 6], "target_damage_states": [0, 1, 2, 3, 4], "conv_matrix": "{\"0\":{\"0\":0.9999760306,\"1\":0.0000077287,\"2\":0.0788860635,\"3\":0.0336410682,\"4\":0.0279300062,\"5\":0.002122612,\"6\":0.0760622795},\"1\":{\"0\":0.0000239338,\"1\":0.0174886489,\"2\":0.4837940243,\"3\":0.055749299,\"4\":0.0017105879,\"5\":0.0000015107,\"6\":0.000000544},\"2\":{\"0\":0.000000004,\"1\":0.982367267,\"2\":0.4372948511,\"3\":0.5115646463,\"4\":0.0089501432,\"5\":0.0000245456,\"6\":0.0000035712},\"3\":{\"0\":0.0000000316,\"1\":0.0001363549,\"2\":0.00002505,\"3\":0.384172327,\"4\":0.764798815,\"5\":0.4149234442,\"6\":0.5096689949},\"4\":{\"0\":0.0,\"1\":0.0000000004,\"2\":0.0000000111,\"3\":0.0148726594,\"4\":0.1966104478,\"5\":0.5829278874,\"6\":0.4142646104}}"}