{"source_name": "SUPPARSI2013_W1", "target_name": "HAZUS_PC1", "source_damage_states": [0, 1, 2, 3, 4, 5, 6], "target_damage_states": [0, 1, 2, 3, 4], "conv_matrix": "{\"0\":{\"0\":0.2047363115,\"1\":0.0000468915,\"2\":0.1016124152,\"3\":0.0194942107,\"4\":0.0103005399,\"5\":0.0004911376,\"6\":0.0072634278},\"1\":{\"0\":0.0015945358,\"1\":0.1380953535,\"2\":0.5184662686,\"3\":0.2003001935,\"4\":0.0009132866,\"5\":0.0000002816,\"6\":0.0000000006},\"2\":{\"0\":0.7936690698,\"1\":0.0000000089,\"2\":0.0001647196,\"3\":0.2169769042,\"4\":0.4917013927,\"5\":0.4108884701,\"6\":0.661462315},\"3\":{\"0\":0.0000000829,\"1\":0.8618577462,\"2\":0.3797565966,\"3\":0.5632211444,\"4\":0.4894061698,\"5\":0.2997987047,\"6\":0.0394573518},\"4\":{\"0\":0.0,\"1\":1.570114125e-19,\"2\":0.0,\"3\":0.0000075471,\"4\":0.007678611,\"5\":0.2888214061,\"6\":0.2918169047}}"}