{"source_name": "SUPPASRI2013_RC2", "target_name": "SARA_CR-LFM-DNO-H4-7", "source_damage_states": [0, 1, 2, 3, 4, 5, 6], "target_damage_states": [0, 1, 2, 3, 4], "conv_matrix": "{\"0\":{\"0\":0.0180921883,\"1\":0.0996599554,\"2\":0.0107999943,\"3\":0.0000996763,\"4\":0.0000007116,\"5\":0.0,\"6\":0.0},\"1\":{\"0\":0.9799148462,\"1\":0.6169108375,\"2\":0.0697117979,\"3\":0.3657939597,\"4\":0.2592387263,\"5\":0.2532285652,\"6\":0.5270487735},\"2\":{\"0\":0.0019135228,\"1\":0.2513913227,\"2\":0.255039173,\"3\":0.1675431815,\"4\":0.0600948732,\"5\":0.0005018351,\"6\":0.000086066},\"3\":{\"0\":0.0000751531,\"1\":0.0320378845,\"2\":0.6644490348,\"3\":0.448460577,\"4\":0.6113609288,\"5\":0.1541230232,\"6\":0.0229102524},\"4\":{\"0\":0.0000042895,\"1\":0.0,\"2\":0.0,\"3\":0.0181026054,\"4\":0.0693047601,\"5\":0.5921465765,\"6\":0.4499549081}}"}