{"source_name": "SUPPARSI2013_W1", "target_name": "SARA_CR-PC-LWAL-DUC-H1-3", "source_damage_states": [0, 1, 2, 3, 4, 5, 6], "target_damage_states": [0, 1, 2, 3, 4], "conv_matrix": "{\"0\":{\"0\":0.0018172951,\"1\":0.000103025,\"2\":0.0797290934,\"3\":0.000084802,\"4\":0.0000000145,\"5\":0.0,\"6\":0.0},\"1\":{\"0\":0.200617457,\"1\":0.0724411601,\"2\":0.3918964112,\"3\":0.1048000054,\"4\":0.0001904641,\"5\":0.0000000128,\"6\":0.0000000003},\"2\":{\"0\":0.7975638543,\"1\":0.000006377,\"2\":0.0006468627,\"3\":0.2887567814,\"4\":0.5089834442,\"5\":0.4134090683,\"6\":0.6715331646},\"3\":{\"0\":0.0000013937,\"1\":0.9273102395,\"2\":0.5276747518,\"3\":0.4969865078,\"4\":0.2963710033,\"5\":0.1277684834,\"6\":0.0190984573},\"4\":{\"0\":0.0,\"1\":0.0001391984,\"2\":0.0000528809,\"3\":0.1093719034,\"4\":0.1944550739,\"5\":0.4588224355,\"6\":0.3093683777}}"}