{"source_name": "SUPPASRI2013_W3", "target_name": "HAZUS_RM2L", "source_damage_states": [0, 1, 2, 3, 4, 5, 6], "target_damage_states": [0, 1, 2, 3, 4], "conv_matrix": "{\"0\":{\"0\":0.5476288492,\"1\":0.0000073689,\"2\":0.038228682,\"3\":0.0026297142,\"4\":0.0000421616,\"5\":0.0000000097,\"6\":0.0000000152},\"1\":{\"0\":0.000010573,\"1\":0.9785820223,\"2\":0.7006538759,\"3\":0.142554664,\"4\":0.0005429275,\"5\":0.0000008483,\"6\":0.0000000002},\"2\":{\"0\":0.4523562684,\"1\":0.0212680634,\"2\":0.2570656234,\"3\":0.4542960333,\"4\":0.4802372531,\"5\":0.3010393729,\"6\":0.4943045943},\"3\":{\"0\":0.0000043095,\"1\":0.0000929647,\"2\":0.0040518118,\"3\":0.3903121742,\"4\":0.4606907247,\"5\":0.362165224,\"6\":0.446713386},\"4\":{\"0\":5.227667751e-32,\"1\":0.0000495807,\"2\":0.000000007,\"3\":0.0102074142,\"4\":0.0584869331,\"5\":0.3367945451,\"6\":0.0589820043}}"}