{"source_name": "SUPPASRI2013_W2", "target_name": "SARA_MUR-STRUB-H1-2", "source_damage_states": [0, 1, 2, 3, 4, 5, 6], "target_damage_states": [0, 1, 2, 3, 4], "conv_matrix": "{\"0\":{\"0\":0.9999258265,\"1\":0.0000073706,\"2\":0.047677427,\"3\":0.0194961615,\"4\":0.0152751121,\"5\":0.000848826,\"6\":0.0430090292},\"1\":{\"0\":0.0000488904,\"1\":0.274881706,\"2\":0.7507977349,\"3\":0.0630543964,\"4\":0.0000514596,\"5\":0.0000000075,\"6\":0.000000003},\"2\":{\"0\":0.0000252763,\"1\":0.5749953026,\"2\":0.186181583,\"3\":0.6005460481,\"4\":0.4537386114,\"5\":0.1955854282,\"6\":0.3078080762},\"3\":{\"0\":0.0000000068,\"1\":0.1501156207,\"2\":0.0153432351,\"3\":0.3081464785,\"4\":0.3656319579,\"5\":0.2552082524,\"6\":0.2454310767},\"4\":{\"0\":0.0,\"1\":0.0000000002,\"2\":0.00000002,\"3\":0.0087569156,\"4\":0.1653028589,\"5\":0.548357486,\"6\":0.4037518149}}"}