{"source_name": "SUPPASRI2013_S1", "target_name": "HAZUS_C1H", "source_damage_states": [0, 1, 2, 3, 4, 5, 6], "target_damage_states": [0, 1, 2, 3, 4], "conv_matrix": "{\"0\":{\"0\":0.9978516767,\"1\":0.0000073686,\"2\":0.038299591,\"3\":0.013009242,\"4\":0.0093934346,\"5\":0.0003106344,\"6\":0.0223341186},\"1\":{\"0\":0.0021455504,\"1\":0.124309181,\"2\":0.701508292,\"3\":0.1413217778,\"4\":0.0470689676,\"5\":0.0026254182,\"6\":0.041365321},\"2\":{\"0\":0.0000027729,\"1\":0.3459512792,\"2\":0.2120926426,\"3\":0.4205460274,\"4\":0.3889956717,\"5\":0.1476982806,\"6\":0.3034296386},\"3\":{\"0\":0.0,\"1\":0.5297321711,\"2\":0.0480994736,\"3\":0.420318997,\"4\":0.3671266222,\"5\":0.129779299,\"6\":0.0192191572},\"4\":{\"0\":0.0,\"1\":4.110528693e-16,\"2\":0.0000000007,\"3\":0.0048039558,\"4\":0.1874153039,\"5\":0.7195863678,\"6\":0.6136517645}}"}