{"source_name": "Supparsi_2013_RC2", "target_name": "SARA_W_WBB_H_1", "source_damage_states": [0, 1, 2, 3, 4, 5, 6], "target_damage_states": [0, 1, 2, 3, 4], "conv_matrix": "{\"0\":{\"0\":0.1027636083,\"1\":0.0221342213,\"2\":0.0008842525,\"3\":0.0000000081,\"4\":0.0,\"5\":1.338074993e-21,\"6\":2.22789194e-23},\"1\":{\"0\":0.8947520503,\"1\":0.308949147,\"2\":0.1488965496,\"3\":0.2265903718,\"4\":0.089619433,\"5\":0.0723147808,\"6\":0.3374407598},\"2\":{\"0\":0.0024843415,\"1\":0.6689091439,\"2\":0.8421229448,\"3\":0.5536312831,\"4\":0.2253988608,\"5\":0.022243537,\"6\":0.0702275465},\"3\":{\"0\":1.477293116e-17,\"1\":0.0000074878,\"2\":0.0080962531,\"3\":0.1925983538,\"4\":0.5006699313,\"5\":0.2001304794,\"6\":0.2207484041},\"4\":{\"0\":9.006226052e-20,\"1\":0.0,\"2\":0.0,\"3\":0.0271799832,\"4\":0.1843117749,\"5\":0.7053112028,\"6\":0.3715832896}}"}