{"source_name": "Supparsi2013_RC1", "target_name": "SARA_W-WHE-H1-3", "source_damage_states": [0, 1, 2, 3, 4, 5, 6], "target_damage_states": [0, 1, 2, 3, 4], "conv_matrix": "{\"0\":{\"0\":0.9887450224,\"1\":0.0831370415,\"2\":0.0052991363,\"3\":0.0403979325,\"4\":0.0079194998,\"5\":0.0036532294,\"6\":0.0306691472},\"1\":{\"0\":0.0109625602,\"1\":0.3774945341,\"2\":0.0969560172,\"3\":0.0384418215,\"4\":0.0022814371,\"5\":0.0000017719,\"6\":0.0000009087},\"2\":{\"0\":0.0000961407,\"1\":0.5393680919,\"2\":0.897744142,\"3\":0.455945262,\"4\":0.1332386475,\"5\":0.0000518763,\"6\":0.000004079},\"3\":{\"0\":0.0001954884,\"1\":0.0000003325,\"2\":0.0000006991,\"3\":0.4072860532,\"4\":0.5914845771,\"5\":0.3231836813,\"6\":0.5493308392},\"4\":{\"0\":0.0000007884,\"1\":0.0,\"2\":0.0000000054,\"3\":0.0579289308,\"4\":0.2650758384,\"5\":0.6731094411,\"6\":0.4199950259}}"}