{"source_name": "SUPPASRI2013_RC2", "target_name": "HAZUS_S4H", "source_damage_states": [0, 1, 2, 3, 4, 5, 6], "target_damage_states": [0, 1, 2, 3, 4], "conv_matrix": "{\"0\":{\"0\":0.8615270171,\"1\":0.0412911802,\"2\":0.0022214072,\"3\":0.0074337852,\"4\":0.0008897128,\"5\":0.0003053993,\"6\":0.0036805329},\"1\":{\"0\":0.0094076393,\"1\":0.9525428592,\"2\":0.9886117837,\"3\":0.1776882254,\"4\":0.0222541918,\"5\":0.0000002641,\"6\":0.0000000042},\"2\":{\"0\":0.1290623865,\"1\":0.0061226112,\"2\":0.0018366191,\"3\":0.2771614603,\"4\":0.0618466936,\"5\":0.0133031121,\"6\":0.0747589154},\"3\":{\"0\":0.0000026261,\"1\":0.0000433495,\"2\":0.0073301667,\"3\":0.4802755378,\"4\":0.6596242547,\"5\":0.3169629644,\"6\":0.5070201486},\"4\":{\"0\":0.000000331,\"1\":0.0,\"2\":0.0000000232,\"3\":0.0574409913,\"4\":0.255385147,\"5\":0.6694282601,\"6\":0.4145403988}}"}