{"source_schema": "SUPPASRI2013_v2.0", "source_taxonomy": "RC2", "target_schema": "SARA_v1.0", "target_taxonomy": "MUR-ADO-H1-2", "source_damage_states": [0, 1, 2, 3, 4, 5, 6], "target_damage_states": [0, 1, 2, 3, 4], "conv_matrix": {"0": {"0": 0.947015922, "1": 0.0400165806, "2": 0.0025629853, "3": 0.0164352798, "4": 0.00191054, "5": 0.0004808624, "6": 0.0059101283}, "1": {"0": 0.0511572399, "1": 0.9568545426, "2": 0.5516677705, "3": 0.2958478778, "4": 0.0587260606, "5": 0.0011564768, "6": 0.0013418564}, "2": {"0": 0.0004016478, "1": 0.0031288723, "2": 0.4457686821, "3": 0.3739739584, "4": 0.2242819782, "5": 0.0029342831, "6": 0.001658879}, "3": {"0": 0.001423789, "1": 4.4e-09, "2": 5.596e-07, "3": 0.2641400299, "4": 0.4901681744, "5": 0.3175240993, "6": 0.5662698714}, "4": {"0": 1.4013e-06, "1": 0.0, "2": 2.4e-09, "3": 0.0496028541, "4": 0.2249132468, "5": 0.6779042784, "6": 0.4248192649}}}