{"source_name": "SUPPARSI_2013_RC3", "target_name": "SARA_CR_LFM_DNO_H_1_3", "source_damage_states": [0, 1, 2, 3, 4, 5, 6], "target_damage_states": [0, 1, 2, 3, 4], "conv_matrix": "{\"0\":{\"0\":0.6910585263,\"1\":0.0000004285,\"2\":0.0247466474,\"3\":0.0000000554,\"4\":0.0,\"5\":8.946042401e-23,\"6\":6.589476719e-25},\"1\":{\"0\":0.269654182,\"1\":0.9998555474,\"2\":0.9369727179,\"3\":0.2336506471,\"4\":0.0000584829,\"5\":0.0000000003,\"6\":0.0},\"2\":{\"0\":0.0391365323,\"1\":0.0001440227,\"2\":0.0379598905,\"3\":0.3957531495,\"4\":0.0077613608,\"5\":0.0000023634,\"6\":0.0000000213},\"3\":{\"0\":0.0001507594,\"1\":0.0000000015,\"2\":0.0003207442,\"3\":0.3705061144,\"4\":0.9483200235,\"5\":0.3007659685,\"6\":0.1210965987},\"4\":{\"0\":0.0,\"1\":1.379340846e-19,\"2\":0.0,\"3\":0.0000900336,\"4\":0.0438601328,\"5\":0.6992316678,\"6\":0.87890338}}"}