{"source_name": "Supparsi_2013_RC1", "target_name": "SARA_ER_ETR_H_1_2", "source_damage_states": [0, 1, 2, 3, 4, 5, 6], "target_damage_states": [0, 1, 2, 3, 4], "conv_matrix": "{\"0\":{\"0\":0.1047061675,\"1\":0.0220911809,\"2\":0.0008827606,\"3\":0.0000000586,\"4\":0.0000000003,\"5\":1.99064937e-18,\"6\":2.012863203e-19},\"1\":{\"0\":0.6341608373,\"1\":0.9041248382,\"2\":0.9112557992,\"3\":0.0437282262,\"4\":0.0032703856,\"5\":0.0000000002,\"6\":0.0},\"2\":{\"0\":0.2611329475,\"1\":0.0737839779,\"2\":0.0878612618,\"3\":0.6689876961,\"4\":0.2984124805,\"5\":0.002128624,\"6\":0.0012965901},\"3\":{\"0\":0.0000000477,\"1\":0.000000003,\"2\":0.0000001784,\"3\":0.2543056852,\"4\":0.566976009,\"5\":0.4510172761,\"6\":0.6203088671},\"4\":{\"0\":0.0,\"1\":0.0,\"2\":0.0000000001,\"3\":0.032978334,\"4\":0.1313411246,\"5\":0.5468540997,\"6\":0.3783945429}}"}