{"source_name": "SUPPARSI2013_BRICK", "target_name": "SARA_CR-LFM-DNO-SOS-H1-3", "source_damage_states": [0, 1, 2, 3, 4, 5, 6], "target_damage_states": [0, 1, 2, 3, 4], "conv_matrix": "{\"0\":{\"0\":0.0020087392,\"1\":0.001577755,\"2\":0.149394079,\"3\":0.0000651062,\"4\":0.0000000012,\"5\":0.0,\"6\":5.802831735e-16},\"1\":{\"0\":0.9979868852,\"1\":0.2405355773,\"2\":0.5468754739,\"3\":0.3637696904,\"4\":0.3222271373,\"5\":0.1703391495,\"6\":0.342357678},\"2\":{\"0\":0.0000030362,\"1\":0.000000005,\"2\":0.0000210625,\"3\":0.0702276278,\"4\":0.1678965463,\"5\":0.1392909654,\"6\":0.1848933236},\"3\":{\"0\":0.0000013394,\"1\":0.7578866627,\"2\":0.3037093845,\"3\":0.5659267095,\"4\":0.4970530586,\"5\":0.3000701371,\"6\":0.0409432225},\"4\":{\"0\":0.0,\"1\":5.149427365e-20,\"2\":0.0,\"3\":0.0000108662,\"4\":0.0128232566,\"5\":0.390299748,\"6\":0.4318057759}}"}