{"source_name": "SUPPASRI2013_S2", "target_name": "SARA_W-WLI-H1-3", "source_damage_states": [0, 1, 2, 3, 4, 5, 6], "target_damage_states": [0, 1, 2, 3, 4], "conv_matrix": "{\"0\":{\"0\":0.9977263914,\"1\":0.0000073898,\"2\":0.0460420645,\"3\":0.0133350072,\"4\":0.0071499421,\"5\":0.0002809177,\"6\":0.0218154991},\"1\":{\"0\":0.0022545828,\"1\":0.2389688813,\"2\":0.4734528867,\"3\":0.2018030287,\"4\":0.0562023161,\"5\":0.0023291437,\"6\":0.0290784334},\"2\":{\"0\":0.000019014,\"1\":0.579573355,\"2\":0.4798768241,\"3\":0.4490354526,\"4\":0.300621866,\"5\":0.1682889804,\"6\":0.1544043057},\"3\":{\"0\":0.0000000118,\"1\":0.1814503722,\"2\":0.0006282191,\"3\":0.3265826218,\"4\":0.4506664247,\"5\":0.238310335,\"6\":0.3580630092},\"4\":{\"0\":0.0,\"1\":0.0000000016,\"2\":0.0000000056,\"3\":0.0092438897,\"4\":0.1853594512,\"5\":0.5907906232,\"6\":0.4366387527}}"}