{"source_schema": "SUPPASRI2013_v2.0", "source_taxonomy": "RC3", "target_schema": "SARA_v1.0", "target_taxonomy": "CR-LFM-DNO-H1-3", "source_damage_states": [0, 1, 2, 3, 4, 5, 6], "target_damage_states": [0, 1, 2, 3, 4], "conv_matrix": {"0": {"0": 0.0020131453, "1": 0.0015621691, "2": 0.1488819097, "3": 6.52296e-05, "4": 1.2e-09, "5": 0.0, "6": 5.77723903e-16}, "1": {"0": 0.9979824832, "1": 0.2405034803, "2": 0.5475428556, "3": 0.3636851043, "4": 0.3223406264, "5": 0.1702903203, "6": 0.3423719516}, "2": {"0": 3.0325e-06, "1": 5.1e-09, "2": 2.0876e-05, "3": 0.0702070241, "4": 0.1679155177, "5": 0.1393738199, "6": 0.1850214004}, "3": {"0": 1.339e-06, "1": 0.7579343455, "2": 0.3035543587, "3": 0.5660317807, "4": 0.4969190057, "5": 0.3001160874, "6": 0.0409189912}, "4": {"0": 0.0, "1": 5.129251455e-20, "2": 0.0, "3": 1.08613e-05, "4": 0.012824849, "5": 0.3902197724, "6": 0.4316876568}}}