{"source_schema": "SUPPASRI2013_v2.0", "source_taxonomy": "RC2", "target_schema": "HAZUS_v1.0", "target_taxonomy": "C3M", "source_damage_states": [0, 1, 2, 3, 4, 5, 6], "target_damage_states": [0, 1, 2, 3, 4], "conv_matrix": {"0": {"0": 0.2187472435, "1": 0.0388925873, "2": 0.0024895804, "3": 0.0005376272, "4": 7.2845e-06, "5": 3e-10, "6": 1.1e-09}, "1": {"0": 0.7800469828, "1": 0.7383684655, "2": 0.1061706828, "3": 0.3957621301, "4": 0.2386691247, "5": 0.2177849351, "6": 0.5189600124}, "2": {"0": 0.001197659, "1": 0.2210664001, "2": 0.4872029923, "3": 0.1677988397, "4": 0.0504598866, "5": 0.0003191011, "6": 6.1841e-05}, "3": {"0": 5.6276e-06, "1": 0.0016725471, "2": 0.4041367445, "3": 0.3929502951, "4": 0.4904763768, "5": 0.0603717077, "6": 0.0121513164}, "4": {"0": 2.4872e-06, "1": 0.0, "2": 1e-10, "3": 0.042951108, "4": 0.2203873273, "5": 0.7215242557, "6": 0.4688268292}}}