{"source_name": "SUPPARSI_2013_S3", "target_name": "SARA_MR_DUC_H_1_3", "source_damage_states": [0, 1, 2, 3, 4, 5, 6], "target_damage_states": [0, 1, 2, 3, 4], "conv_matrix": "{\"0\":{\"0\":0.7108668601,\"1\":0.0000156439,\"2\":0.0733959878,\"3\":0.0000007018,\"4\":0.0,\"5\":2.354635095e-21,\"6\":1.846449356e-23},\"1\":{\"0\":0.2499691232,\"1\":0.4645368147,\"2\":0.8533017897,\"3\":0.0262006911,\"4\":0.0000017563,\"5\":0.0,\"6\":0.0},\"2\":{\"0\":0.0391640165,\"1\":0.3163205859,\"2\":0.0697807374,\"3\":0.5899772103,\"4\":0.193730453,\"5\":0.0478041489,\"6\":0.0682356519},\"3\":{\"0\":0.0000000001,\"1\":0.2190736944,\"2\":0.0035194788,\"3\":0.3271839025,\"4\":0.5577525532,\"5\":0.5521863388,\"6\":0.6379053207},\"4\":{\"0\":3.899707706e-17,\"1\":0.0000532611,\"2\":0.0000020063,\"3\":0.0566374943,\"4\":0.2485152375,\"5\":0.4000095123,\"6\":0.2938590274}}"}