{"source_name": "SUPPASRI2013_RC3", "target_name": "HAZUS_S1L", "source_damage_states": [0, 1, 2, 3, 4, 5, 6], "target_damage_states": [0, 1, 2, 3, 4], "conv_matrix": "{\"0\":{\"0\":0.9999757959,\"1\":0.0000077326,\"2\":0.078744529,\"3\":0.0334819351,\"4\":0.027994718,\"5\":0.0021297252,\"6\":0.0761741631},\"1\":{\"0\":0.0000241699,\"1\":0.0180622941,\"2\":0.488624317,\"3\":0.0565428798,\"4\":0.0017494379,\"5\":0.0000015494,\"6\":0.0000005644},\"2\":{\"0\":0.0000000027,\"1\":0.981800298,\"2\":0.4326134356,\"3\":0.5253032374,\"4\":0.0088607419,\"5\":0.0000212109,\"6\":0.0000032065},\"3\":{\"0\":0.0000000315,\"1\":0.0001296749,\"2\":0.0000177068,\"3\":0.3702951847,\"4\":0.7657909582,\"5\":0.4141830428,\"6\":0.5078501072},\"4\":{\"0\":0.0,\"1\":0.0000000004,\"2\":0.0000000116,\"3\":0.014376763,\"4\":0.1956041439,\"5\":0.5836644717,\"6\":0.4159719587}}"}