{"source_name": "Supparsi_2013_RC1", "target_name": "SARA_CR_LFINF_DUC_H_4_7", "source_damage_states": [0, 1, 2, 3, 4, 5, 6], "target_damage_states": [0, 1, 2, 3, 4], "conv_matrix": "{\"0\":{\"0\":0.1373949327,\"1\":0.0955070184,\"2\":0.0081061846,\"3\":0.0000004666,\"4\":0.000000002,\"5\":7.459752887e-18,\"6\":5.424429437e-19},\"1\":{\"0\":0.586145462,\"1\":0.8258112524,\"2\":0.861634472,\"3\":0.0289988805,\"4\":0.0019537569,\"5\":0.0000000001,\"6\":0.0},\"2\":{\"0\":0.2764473086,\"1\":0.0786816321,\"2\":0.1302591087,\"3\":0.5668431591,\"4\":0.2134312471,\"5\":0.0000268891,\"6\":0.0000021089},\"3\":{\"0\":0.0000122967,\"1\":0.0000000971,\"2\":0.0000002346,\"3\":0.3903696724,\"4\":0.6839786147,\"5\":0.1665915783,\"6\":0.3119472213},\"4\":{\"0\":0.0,\"1\":0.0,\"2\":0.0,\"3\":0.0137878214,\"4\":0.1006363793,\"5\":0.8333815325,\"6\":0.6880506697}}"}