{"source_name": "Supparsi2013_RC1", "target_name": "SARA_CR-LDUAL-DUC-H4-7", "source_damage_states": [0, 1, 2, 3, 4, 5, 6], "target_damage_states": [0, 1, 2, 3, 4], "conv_matrix": "{\"0\":{\"0\":0.8635411495,\"1\":0.0441848177,\"2\":0.0024671354,\"3\":0.0082806276,\"4\":0.0012514345,\"5\":0.0004069932,\"6\":0.004813025},\"1\":{\"0\":0.1328963757,\"1\":0.915991461,\"2\":0.2737951797,\"3\":0.2257851026,\"4\":0.0519770284,\"5\":0.0078897541,\"6\":0.0429571597},\"2\":{\"0\":0.0035054042,\"1\":0.0312698403,\"2\":0.1497459802,\"3\":0.299112365,\"4\":0.256754928,\"5\":0.2434643766,\"6\":0.4758554175},\"3\":{\"0\":0.0000569098,\"1\":0.0085533418,\"2\":0.5734474988,\"3\":0.34450111,\"4\":0.3471630774,\"5\":0.1909436422,\"6\":0.1758595226},\"4\":{\"0\":0.0000001608,\"1\":0.0000005392,\"2\":0.0005442059,\"3\":0.1223207948,\"4\":0.3428535317,\"5\":0.5572952339,\"6\":0.3005148752}}"}