{"source_name": "SUPPARSI2013_RC3", "target_name": "SARA_CR-LFINF-DUC-H1-3", "source_damage_states": [0, 1, 2, 3, 4, 5, 6], "target_damage_states": [0, 1, 2, 3, 4], "conv_matrix": "{\"0\":{\"0\":0.9511495638,\"1\":0.000007358,\"2\":0.038174641,\"3\":0.0038997117,\"4\":0.0017344254,\"5\":0.0000400492,\"6\":0.0044485295},\"1\":{\"0\":0.0488464728,\"1\":0.1391417711,\"2\":0.5703623637,\"3\":0.3635610825,\"4\":0.3728789029,\"5\":0.1940091615,\"6\":0.4228386916},\"2\":{\"0\":0.0000035963,\"1\":0.5663834294,\"2\":0.3472037146,\"3\":0.2555381739,\"4\":0.036145554,\"5\":0.0011068724,\"6\":0.0006327253},\"3\":{\"0\":0.0000003671,\"1\":0.2944674416,\"2\":0.0442592805,\"3\":0.3744507672,\"4\":0.4501101328,\"5\":0.1470639278,\"6\":0.032785554},\"4\":{\"0\":0.0,\"1\":0.0,\"2\":0.0000000001,\"3\":0.0025502648,\"4\":0.1391309848,\"5\":0.6577799891,\"6\":0.5392944995}}"}