{"source_name": "SUPPASRI2013_RC2", "target_name": "HAZUS_S5H", "source_damage_states": [0, 1, 2, 3, 4, 5, 6], "target_damage_states": [0, 1, 2, 3, 4], "conv_matrix": "{\"0\":{\"0\":0.8415954998,\"1\":0.0412639038,\"2\":0.0022189997,\"3\":0.0042632483,\"4\":0.0003140198,\"5\":0.0000733448,\"6\":0.0010374617},\"1\":{\"0\":0.0094469983,\"1\":0.956297563,\"2\":0.763154892,\"3\":0.1758378935,\"4\":0.0293003406,\"5\":0.0000004798,\"6\":0.0000000033},\"2\":{\"0\":0.1487027174,\"1\":0.0019202375,\"2\":0.000664299,\"3\":0.395520634,\"4\":0.2874301421,\"5\":0.196486441,\"6\":0.4105389499},\"3\":{\"0\":0.0002546483,\"1\":0.0005182957,\"2\":0.2339618088,\"3\":0.3866185042,\"4\":0.4774867245,\"5\":0.1429824295,\"6\":0.1895532223},\"4\":{\"0\":0.0000001362,\"1\":0.0,\"2\":0.0000000005,\"3\":0.03775972,\"4\":0.2054687731,\"5\":0.660457305,\"6\":0.3988703627}}"}