{"source_name": "SUPPARSI2013_S2", "target_name": "SARA_CR-LFINF-DNO-H1-3", "source_damage_states": [0, 1, 2, 3, 4, 5, 6], "target_damage_states": [0, 1, 2, 3, 4], "conv_matrix": "{\"0\":{\"0\":0.0026725516,\"1\":0.2413923908,\"2\":0.6703909372,\"3\":0.0630718476,\"4\":0.0000080572,\"5\":0.0000000003,\"6\":0.0},\"1\":{\"0\":0.9970342528,\"1\":0.0010105512,\"2\":0.0315293015,\"3\":0.2937874006,\"4\":0.2303763699,\"5\":0.0806136459,\"6\":0.1750931597},\"2\":{\"0\":0.0002931321,\"1\":0.0000001046,\"2\":0.0029378911,\"3\":0.1004159523,\"4\":0.2621684333,\"5\":0.2287485561,\"6\":0.4054637277},\"3\":{\"0\":0.0000000635,\"1\":0.7575969534,\"2\":0.2951418701,\"3\":0.5427151133,\"4\":0.4955621138,\"5\":0.2999187725,\"6\":0.040686396},\"4\":{\"0\":0.0,\"1\":8.164540867e-19,\"2\":0.0,\"3\":0.0000096861,\"4\":0.0118850259,\"5\":0.3907190252,\"6\":0.3787567166}}"}