{"source_schema": "SUPPASRI2013_v2.0", "source_taxonomy": "W3", "target_schema": "SARA_v1.0", "target_taxonomy": "MR-DNO-H1-3", "source_damage_states": [0, 1, 2, 3, 4, 5, 6], "target_damage_states": [0, 1, 2, 3, 4], "conv_matrix": {"0": {"0": 0.9999724523, "1": 9.1037e-06, "2": 0.0924944086, "3": 0.0693392712, "4": 0.0937698217, "5": 0.014397947, "6": 0.2392915629}, "1": {"0": 2.75465e-05, "1": 0.1860449669, "2": 0.6495923429, "3": 0.2346677497, "4": 0.1413048555, "5": 0.0486406602, "6": 0.0853699294}, "2": {"0": 1.2e-09, "1": 0.5187978627, "2": 0.2119518386, "3": 0.3596792886, "4": 0.2702893457, "5": 0.2057652828, "6": 0.190671248}, "3": {"0": 0.0, "1": 0.0788754618, "2": 0.0304904864, "3": 0.1932783836, "4": 0.2857317228, "5": 0.2639313604, "6": 0.1792012229}, "4": {"0": 0.0, "1": 0.2162726048, "2": 0.0154709236, "3": 0.1430353069, "4": 0.2089042542, "5": 0.4672647496, "6": 0.3054660368}}}