{"source_name": "Supparsi_2013_RC2", "target_name": "SARA_MR_DNO_H_1_3", "source_damage_states": [0, 1, 2, 3, 4, 5, 6], "target_damage_states": [0, 1, 2, 3, 4], "conv_matrix": "{\"0\":{\"0\":0.1016156548,\"1\":0.0218868283,\"2\":0.0008743672,\"3\":0.000000008,\"4\":0.0,\"5\":1.360137238e-21,\"6\":2.48735855e-23},\"1\":{\"0\":0.6182257127,\"1\":0.97249517,\"2\":0.9985387973,\"3\":0.3884749443,\"4\":0.1647891668,\"5\":0.0000094137,\"6\":0.000000027},\"2\":{\"0\":0.2801528325,\"1\":0.0056179794,\"2\":0.0005865424,\"3\":0.2634204178,\"4\":0.1042059365,\"5\":0.0001590203,\"6\":0.0000086857},\"3\":{\"0\":0.0000057837,\"1\":0.0000000223,\"2\":0.0000002931,\"3\":0.2824053968,\"4\":0.4844176301,\"5\":0.0650124244,\"6\":0.0123754083},\"4\":{\"0\":0.0000000163,\"1\":0.0,\"2\":0.0000000001,\"3\":0.0656992331,\"4\":0.2465872666,\"5\":0.9348191415,\"6\":0.987615879}}"}