{"source_name": "SUPPARSI2013_W3", "target_name": "HAZUS_C1H", "source_damage_states": [0, 1, 2, 3, 4, 5, 6], "target_damage_states": [0, 1, 2, 3, 4], "conv_matrix": "{\"0\":{\"0\":0.9978481134,\"1\":0.000007394,\"2\":0.0381528389,\"3\":0.0129946847,\"4\":0.0094495389,\"5\":0.0003116655,\"6\":0.0223323991},\"1\":{\"0\":0.0021491236,\"1\":0.1241848504,\"2\":0.7014762445,\"3\":0.1411960989,\"4\":0.0472050522,\"5\":0.0026276742,\"6\":0.0413585164},\"2\":{\"0\":0.000002763,\"1\":0.3459698921,\"2\":0.2124301615,\"3\":0.4204699794,\"4\":0.3892041878,\"5\":0.1476060089,\"6\":0.3034420696},\"3\":{\"0\":0.0,\"1\":0.5298378635,\"2\":0.0479407544,\"3\":0.4205533864,\"4\":0.3668504717,\"5\":0.1298148554,\"6\":0.0191948813},\"4\":{\"0\":0.0,\"1\":4.084065136e-16,\"2\":0.0000000007,\"3\":0.0047858506,\"4\":0.1872907494,\"5\":0.719639796,\"6\":0.6136721335}}"}