{"source_name": "ems_98", "target_name": "sup_13", "source_damage_states": [0, 1, 2, 3, 4, 5], "target_damage_states": [0, 1, 2, 3, 4, 5, 6], "conv_matrix": "{\"0\":{\"0\":0.9964577467,\"1\":0.0001628657,\"2\":0.0000063023,\"3\":4.154081975e-17,\"4\":1.706169636e-27,\"5\":2.214023819e-42},\"1\":{\"0\":0.00341461,\"1\":0.9985683481,\"2\":0.0002749324,\"3\":0.0012468536,\"4\":0.0000002323,\"5\":2.994597011e-19},\"2\":{\"0\":0.0001276433,\"1\":0.0012684465,\"2\":0.9983218187,\"3\":0.0060146617,\"4\":0.448069556,\"5\":0.0007867133},\"3\":{\"0\":0.0,\"1\":0.0000003352,\"2\":0.0002928579,\"3\":0.9767091661,\"4\":0.2887683821,\"5\":0.2591489403},\"4\":{\"0\":2.73641527e-26,\"1\":0.0000000044,\"2\":0.0003643569,\"3\":0.0159870906,\"4\":0.2330805868,\"5\":0.0002598693},\"5\":{\"0\":2.523684733e-41,\"1\":7.648525225e-20,\"2\":0.000000002,\"3\":0.0000001033,\"4\":0.0002219551,\"5\":0.3764211145},\"6\":{\"0\":1.111869559e-38,\"1\":4.325495911e-17,\"2\":0.0007397297,\"3\":0.0000421248,\"4\":0.0298592876,\"5\":0.3633833626}}"}