{"source_name": "sup_13", "target_name": "ems_98", "source_damage_states": [0, 1, 2, 3, 4, 5, 6], "target_damage_states": [0, 1, 2, 3, 4, 5], "conv_matrix": "{\"0\":{\"0\":0.9962384605,\"1\":0.0001704018,\"2\":0.0000008715,\"3\":7.630207767e-19,\"4\":7.988007483e-28,\"5\":1.367148019e-44,\"6\":6.224835832e-42},\"1\":{\"0\":0.0032552543,\"1\":0.9962348254,\"2\":0.000173144,\"3\":0.000000005,\"4\":0.0000000026,\"5\":8.283404912e-22,\"6\":4.841285769e-19},\"2\":{\"0\":0.0005062852,\"1\":0.0011024378,\"2\":0.5477092396,\"3\":0.000017431,\"4\":0.0008546308,\"5\":0.0000000001,\"6\":0.0000332768},\"3\":{\"0\":0.0,\"1\":0.0024907278,\"2\":0.0016438921,\"3\":0.0289610344,\"4\":0.0186811463,\"5\":0.0000000022,\"6\":0.000000944},\"4\":{\"0\":2.364814901e-25,\"1\":0.0000016071,\"2\":0.424131425,\"3\":0.0296545505,\"4\":0.943263629,\"5\":0.0000166693,\"6\":0.0023175229},\"5\":{\"0\":1.085488061e-38,\"1\":7.328412479e-17,\"2\":0.0263414278,\"3\":0.9413669792,\"4\":0.0372005913,\"5\":0.9999833284,\"6\":0.9976482562}}"}