{"source_schema": "HAZUS_v1.0", "source_taxonomy": "W1", "target_schema": "SUPPASRI2013_v2.0", "target_taxonomy": "RC2", "source_damage_states": [0, 1, 2, 3, 4], "target_damage_states": [0, 1, 2, 3, 4, 5, 6], "conv_matrix": {"0": {"0": 0.0244901761, "1": 7.97257e-05, "2": 6.2986e-06, "3": 4.682e-07, "4": 4e-10}, "1": {"0": 0.1152650024, "1": 0.022110316, "2": 0.0621463816, "3": 5.1599e-06, "4": 0.0}, "2": {"0": 0.0357318097, "1": 0.4041536398, "2": 0.1616158836, "3": 0.0333236513, "4": 2.4e-09}, "3": {"0": 0.7685285001, "1": 0.5570880123, "2": 0.6728969455, "3": 0.7158093667, "4": 0.2754230878}, "4": {"0": 0.0105402574, "1": 0.0115397787, "2": 0.045370981, "3": 0.1157265197, "4": 0.155465068}, "5": {"0": 0.0018259042, "1": 0.0004691164, "2": 0.0113370321, "3": 0.0316473236, "4": 0.2599331057}, "6": {"0": 0.0436183501, "1": 0.0045594112, "2": 0.0466264778, "3": 0.1034875106, "4": 0.3091787357}}}