{"source_schema": "HAZUS_v1.0", "source_taxonomy": "PC2M", "target_schema": "SUPPASRI2013_v2.0", "target_taxonomy": "RC2", "source_damage_states": [0, 1, 2, 3, 4], "target_damage_states": [0, 1, 2, 3, 4, 5, 6], "conv_matrix": {"0": {"0": 0.0018008098, "1": 0.0013078827, "2": 0.0005569096, "3": 7.115e-07, "4": 3e-10}, "1": {"0": 0.6575202518, "1": 0.180342583, "2": 4.441e-07, "3": 0.0172709043, "4": 4.554e-07}, "2": {"0": 0.3207893929, "1": 0.1018061908, "2": 3.766e-07, "3": 0.2867728576, "4": 0.0022680857}, "3": {"0": 0.0198681097, "1": 0.7041428234, "2": 0.6399856822, "3": 0.6266644085, "4": 0.5068744551}, "4": {"0": 2.14357e-05, "1": 0.0123984147, "2": 0.0728219137, "3": 0.0607780735, "4": 0.1572671925}, "5": {"0": 1e-10, "1": 1.928e-06, "2": 0.0637625202, "3": 0.0061761658, "4": 0.1660136322}, "6": {"0": 0.0, "1": 1.773e-07, "2": 0.2228721535, "3": 0.0023368788, "4": 0.1675761789}}}