{"source_schema": "HAZUS_v1.0", "source_taxonomy": "S5M", "target_schema": "SUPPASRI2013_v2.0", "target_taxonomy": "RC1", "source_damage_states": [0, 1, 2, 3, 4], "target_damage_states": [0, 1, 2, 3, 4, 5, 6], "conv_matrix": {"0": {"0": 0.0558303484, "1": 1.32164e-05, "2": 0.0001366003, "3": 1.623e-07, "4": 2e-10}, "1": {"0": 0.2574319175, "1": 0.1161719557, "2": 0.0001603132, "3": 3.49681e-05, "4": 0.0}, "2": {"0": 0.0787542518, "1": 0.4490183145, "2": 0.0001918049, "3": 0.096859618, "4": 1e-10}, "3": {"0": 0.5811765153, "1": 0.4270835108, "2": 0.7878352674, "3": 0.728302429, "4": 0.2252429385}, "4": {"0": 0.0056184137, "1": 0.0077129331, "2": 0.0646980364, "3": 0.1066771967, "4": 0.1512146652}, "5": {"0": 0.0006730771, "1": 6.88e-08, "2": 0.0277780985, "3": 0.0189323246, "4": 0.2929367753}, "6": {"0": 0.0205154762, "1": 7e-10, "2": 0.1191998793, "3": 0.0491933014, "4": 0.3306056207}}}