{"source_schema": "HAZUS_v1.0", "source_taxonomy": "S5L", "target_schema": "SUPPASRI2013_v2.0", "target_taxonomy": "S3", "source_damage_states": [0, 1, 2, 3, 4], "target_damage_states": [0, 1, 2, 3, 4, 5, 6], "conv_matrix": {"0": {"0": 0.0416952493, "1": 3.06e-08, "2": 5.0691e-06, "3": 2e-10, "4": 7.178715646e-18}, "1": {"0": 0.0003619717, "1": 0.6444872492, "2": 1.28934e-05, "3": 0.2021073933, "4": 8e-10}, "2": {"0": 0.3958821396, "1": 0.1707326871, "2": 0.0036442104, "3": 0.007599498, "4": 1e-10}, "3": {"0": 0.327654921, "1": 0.1847705962, "2": 0.5317071759, "3": 0.4883822667, "4": 0.0137532514}, "4": {"0": 0.0665539307, "1": 9.4369e-06, "2": 0.2507114167, "3": 0.1848297616, "4": 0.2176533632}, "5": {"0": 0.0004930168, "1": 0.0, "2": 0.0402990691, "3": 0.0235746229, "4": 0.2566468521}, "6": {"0": 0.1673587709, "1": 0.0, "2": 0.1736201653, "3": 0.0935064574, "4": 0.5119465324}}}