{"source_schema": "HAZUS_v1.0", "source_taxonomy": "W2", "target_schema": "SUPPASRI2013_v2.0", "target_taxonomy": "RC2", "source_damage_states": [0, 1, 2, 3, 4], "target_damage_states": [0, 1, 2, 3, 4, 5, 6], "conv_matrix": {"0": {"0": 0.0096973632, "1": 7.1317e-05, "2": 5.64e-08, "3": 1.516e-07, "4": 1.4e-09}, "1": {"0": 0.0735261797, "1": 0.20958158, "2": 0.0400656423, "3": 2.29e-08, "4": 0.0}, "2": {"0": 0.0239810269, "1": 0.2892144898, "2": 0.2930017828, "3": 1.757e-07, "4": 4.6e-09}, "3": {"0": 0.7848827796, "1": 0.4975797356, "2": 0.6446184259, "3": 0.699811019, "4": 0.2927493828}, "4": {"0": 0.0176754082, "1": 0.0035495213, "2": 0.0223087393, "3": 0.1205309746, "4": 0.1609471007}, "5": {"0": 0.0048944668, "1": 1.7022e-06, "2": 4.7423e-06, "3": 0.0404930513, "4": 0.2534817285}, "6": {"0": 0.0853427756, "1": 1.6541e-06, "2": 6.11e-07, "3": 0.139164605, "4": 0.2928217819}}}