{"source_schema": "HAZUS_v1.0", "source_taxonomy": "S3", "target_schema": "SUPPASRI2013_v2.0", "target_taxonomy": "RC1", "source_damage_states": [0, 1, 2, 3, 4], "target_damage_states": [0, 1, 2, 3, 4, 5, 6], "conv_matrix": {"0": {"0": 0.0352533499, "1": 2.13155e-05, "2": 7.74424e-05, "3": 1.4e-09, "4": 2e-10}, "1": {"0": 0.1568023487, "1": 0.1161382826, "2": 0.0280712823, "3": 0.0001135185, "4": 0.0}, "2": {"0": 0.0489961058, "1": 0.6887394226, "2": 0.0342219798, "3": 0.0819006612, "4": 2e-10}, "3": {"0": 0.7228971797, "1": 0.1936590961, "2": 0.7564165145, "3": 0.7692644361, "4": 0.2286701283}, "4": {"0": 0.008196762, "1": 0.0014418644, "2": 0.0489535943, "3": 0.1141605006, "4": 0.1463012825}, "5": {"0": 0.001140404, "1": 1.71e-08, "2": 0.0228470252, "3": 0.0147566058, "4": 0.2889038629}, "6": {"0": 0.0267138498, "1": 1.7e-09, "2": 0.1094121614, "3": 0.0198042763, "4": 0.3361247258}}}