{"source_schema": "HAZUS_v1.0", "source_taxonomy": "RM1H", "target_schema": "SUPPASRI2013_v2.0", "target_taxonomy": "S2", "source_damage_states": [0, 1, 2, 3, 4], "target_damage_states": [0, 1, 2, 3, 4, 5, 6], "conv_matrix": {"0": {"0": 0.004083172, "1": 6.1e-09, "2": 1.21e-08, "3": 8e-10, "4": 0.0}, "1": {"0": 5.00901e-05, "1": 0.6627621964, "2": 0.0052188297, "3": 9.12057e-05, "4": 3.873547744e-16}, "2": {"0": 0.1210579689, "1": 0.1177702847, "2": 0.0083104582, "3": 2.30916e-05, "4": 2e-10}, "3": {"0": 0.4311962324, "1": 0.2190714272, "2": 0.7834810218, "3": 0.3369653341, "4": 0.0113054543}, "4": {"0": 0.1837264657, "1": 0.0003959998, "2": 0.1859780717, "3": 0.3491034578, "4": 0.1594672918}, "5": {"0": 0.0049476829, "1": 8.57e-08, "2": 0.0074394598, "3": 0.0859887442, "4": 0.2140899925}, "6": {"0": 0.254938388, "1": 1e-10, "2": 0.0095721468, "3": 0.2278281658, "4": 0.6151372612}}}