{"source_schema": "HAZUS_v1.0", "source_taxonomy": "S4M", "target_schema": "SUPPASRI2013_v2.0", "target_taxonomy": "BRICK", "source_damage_states": [0, 1, 2, 3, 4], "target_damage_states": [0, 1, 2, 3, 4, 5, 6], "conv_matrix": {"0": {"0": 0.0251413356, "1": 2.67e-08, "2": 6.4352e-06, "3": 0.0, "4": 1.150851181e-16}, "1": {"0": 0.0002178116, "1": 0.6471011583, "2": 0.0067238962, "3": 0.1037336032, "4": 8e-10}, "2": {"0": 0.2403470969, "1": 0.1558527116, "2": 0.0093099914, "3": 4.82174e-05, "4": 9e-09}, "3": {"0": 0.3277589358, "1": 0.1970285685, "2": 0.726813664, "3": 0.4441801682, "4": 0.046757658}, "4": {"0": 0.1172604213, "1": 1.75345e-05, "2": 0.1481714301, "3": 0.2544892471, "4": 0.2598365143}, "5": {"0": 0.0012994558, "1": 3e-10, "2": 0.0030716448, "3": 0.0476066664, "4": 0.2245073903}, "6": {"0": 0.2879749431, "1": 0.0, "2": 0.1059029381, "3": 0.1499420976, "4": 0.4688984275}}}