{"source_schema": "HAZUS_v1.0", "source_taxonomy": "C3H", "target_schema": "SUPPASRI2013_v2.0", "target_taxonomy": "S3", "source_damage_states": [0, 1, 2, 3, 4], "target_damage_states": [0, 1, 2, 3, 4, 5, 6], "conv_matrix": {"0": {"0": 0.0105567913, "1": 0.0004898404, "2": 3.5e-09, "3": 0.0, "4": 0.0}, "1": {"0": 0.0008676087, "1": 0.0899534785, "2": 0.4569100682, "3": 0.3255702908, "4": 0.0}, "2": {"0": 0.8686121505, "1": 0.0786643371, "2": 0.0852216626, "3": 0.0076034846, "4": 1e-10}, "3": {"0": 0.1198929407, "1": 0.3928191731, "2": 0.4332793871, "3": 0.4540467315, "4": 0.0086139278}, "4": {"0": 6.93403e-05, "1": 0.204851232, "2": 0.0241334812, "3": 0.1836364627, "4": 0.1902945833}, "5": {"0": 2.38e-08, "1": 0.0350110802, "2": 0.0001432687, "3": 0.0182258416, "4": 0.244318323}, "6": {"0": 1.1447e-06, "1": 0.1982108588, "2": 0.0003121287, "3": 0.0109171889, "4": 0.5567731658}}}