{"source_schema": "HAZUS_v1.0", "source_taxonomy": "S1M", "target_schema": "SUPPASRI2013_v2.0", "target_taxonomy": "RC3", "source_damage_states": [0, 1, 2, 3, 4], "target_damage_states": [0, 1, 2, 3, 4, 5, 6], "conv_matrix": {"0": {"0": 0.0062763864, "1": 9.88e-08, "2": 0.0, "3": 0.0, "4": 6.616737085e-16}, "1": {"0": 5.67203e-05, "1": 0.0751159517, "2": 0.5062092156, "3": 8.34302e-05, "4": 8e-10}, "2": {"0": 0.1218024255, "1": 0.4768787107, "2": 0.0475779393, "3": 2.5439e-06, "4": 5.1e-09}, "3": {"0": 0.398582518, "1": 0.4418439213, "2": 0.4430550875, "3": 0.3942217293, "4": 0.0473081144}, "4": {"0": 0.1448288538, "1": 0.0061485362, "2": 0.0031545493, "3": 0.3483946133, "4": 0.2606536631}, "5": {"0": 0.0029893124, "1": 2.0842e-06, "2": 2.2144e-06, "3": 0.0552248187, "4": 0.2243493293}, "6": {"0": 0.3254637836, "1": 1.06971e-05, "2": 9.939e-07, "3": 0.2020728645, "4": 0.4676888874}}}