{"source_schema": "HAZUS_v1.0", "source_taxonomy": "C1M", "target_schema": "SUPPASRI2013_v2.0", "target_taxonomy": "RC2", "source_damage_states": [0, 1, 2, 3, 4], "target_damage_states": [0, 1, 2, 3, 4, 5, 6], "conv_matrix": {"0": {"0": 0.024019492, "1": 0.0001706513, "2": 1.0323e-06, "3": 1.3e-09, "4": 5.2e-09}, "1": {"0": 0.1031622129, "1": 0.1696086612, "2": 0.0079860698, "3": 0.0002263256, "4": 0.0}, "2": {"0": 0.031560707, "1": 0.212195721, "2": 0.1476831243, "3": 0.1771911387, "4": 3e-10}, "3": {"0": 0.7827349593, "1": 0.5905373301, "2": 0.7018500754, "3": 0.7064644327, "4": 0.2474616173}, "4": {"0": 0.0118365552, "1": 0.0098191933, "2": 0.0468153253, "3": 0.1047700573, "4": 0.1282324502}, "5": {"0": 0.0018864645, "1": 0.0011294079, "2": 0.0144295624, "3": 0.0080928778, "4": 0.2495923802}, "6": {"0": 0.0447996092, "1": 0.0165390352, "2": 0.0812348104, "3": 0.0032551666, "4": 0.3747135469}}}