{"source_schema": "HAZUS_v1.0", "source_taxonomy": "C2H", "target_schema": "SUPPASRI2013_v2.0", "target_taxonomy": "BRICK", "source_damage_states": [0, 1, 2, 3, 4], "target_damage_states": [0, 1, 2, 3, 4, 5, 6], "conv_matrix": {"0": {"0": 0.0259273386, "1": 6.5863e-06, "2": 4.29e-08, "3": 0.0, "4": 7.128673997e-17}, "1": {"0": 0.00022462, "1": 0.2584689536, "2": 0.1288556488, "3": 0.3807187838, "4": 0.0289415126}, "2": {"0": 0.2458805004, "1": 0.1587329382, "2": 0.0202315861, "3": 0.0193809446, "4": 6.27978e-05}, "3": {"0": 0.2738854594, "1": 0.4454242925, "2": 0.3772658295, "3": 0.3622023858, "4": 0.3118538225}, "4": {"0": 0.0956071393, "1": 0.0904826561, "2": 0.2129443958, "3": 0.1373628856, "4": 0.2281015523}, "5": {"0": 0.0014258961, "1": 0.0024668932, "2": 0.0490043132, "3": 0.0289232262, "4": 0.149488291}, "6": {"0": 0.3570490462, "1": 0.0444176801, "2": 0.2116981836, "3": 0.071411774, "4": 0.2815520239}}}