{"source_schema": "HAZUS_v1.0", "source_taxonomy": "C1M", "target_schema": "SUPPASRI2013_v2.0", "target_taxonomy": "W3", "source_damage_states": [0, 1, 2, 3, 4], "target_damage_states": [0, 1, 2, 3, 4, 5, 6], "conv_matrix": {"0": {"0": 0.0168088599, "1": 2.7327e-06, "2": 2.1e-09, "3": 0.0, "4": 0.0}, "1": {"0": 0.0001450465, "1": 0.2394476069, "2": 0.2093581097, "3": 0.3454109101, "4": 6.158135753e-16}, "2": {"0": 0.1588768234, "1": 0.2231187579, "2": 0.0284876621, "3": 0.0060889472, "4": 2e-10}, "3": {"0": 0.4214453182, "1": 0.4271378945, "2": 0.4349708206, "3": 0.4527703321, "4": 0.0119237757}, "4": {"0": 0.1319994053, "1": 0.0646718193, "2": 0.1822542221, "3": 0.170510944, "4": 0.2006849193}, "5": {"0": 0.0012715786, "1": 0.0012291052, "2": 0.0206015195, "3": 0.0176509693, "4": 0.2246037858}, "6": {"0": 0.2694529681, "1": 0.0443920833, "2": 0.124327664, "3": 0.0075678971, "4": 0.562787519}}}