{"source_schema": "HAZUS_v1.0", "source_taxonomy": "W1", "target_schema": "SUPPASRI2013_v2.0", "target_taxonomy": "S1", "source_damage_states": [0, 1, 2, 3, 4], "target_damage_states": [0, 1, 2, 3, 4, 5, 6], "conv_matrix": {"0": {"0": 0.0165143853, "1": 2.5595e-06, "2": 1.01e-08, "3": 0.0, "4": 9.01805674e-18}, "1": {"0": 0.0001434877, "1": 0.3318795685, "2": 0.3283158281, "3": 0.131217598, "4": 4.4e-09}, "2": {"0": 0.197805248, "1": 0.1287383125, "2": 0.0587185915, "3": 8.65906e-05, "4": 2.5e-09}, "3": {"0": 0.4267285515, "1": 0.4576151448, "2": 0.4193657131, "3": 0.4093756744, "4": 0.0313434236}, "4": {"0": 0.0988043517, "1": 0.0559693438, "2": 0.1212837847, "3": 0.247251316, "4": 0.2477294235}, "5": {"0": 0.0011310006, "1": 0.0007339117, "2": 0.0194004269, "3": 0.0391387782, "4": 0.2282546574}, "6": {"0": 0.2588729752, "1": 0.0250611593, "2": 0.0529156456, "3": 0.1729300428, "4": 0.4926724885}}}