{"source_schema": "HAZUS_v1.0", "source_taxonomy": "C3H", "target_schema": "SUPPASRI2013_v2.0", "target_taxonomy": "RC1", "source_damage_states": [0, 1, 2, 3, 4], "target_damage_states": [0, 1, 2, 3, 4, 5, 6], "conv_matrix": {"0": {"0": 0.0344524414, "1": 0.0006672206, "2": 1.9759e-06, "3": 5e-09, "4": 6.5e-09}, "1": {"0": 0.607287683, "1": 0.0626140897, "2": 0.0361576621, "3": 0.000147913, "4": 0.0}, "2": {"0": 0.185883427, "1": 0.0430517118, "2": 0.3810433906, "3": 0.1709004667, "4": 1e-10}, "3": {"0": 0.172100244, "1": 0.6880275356, "2": 0.5626511492, "3": 0.712423604, "4": 0.2271092128}, "4": {"0": 0.0002761483, "1": 0.0491371586, "2": 0.0200372788, "3": 0.1053079091, "4": 0.1380032178}, "5": {"0": 8e-09, "1": 0.0279536091, "2": 7.89982e-05, "3": 0.0080811396, "4": 0.2816759609}, "6": {"0": 4.82e-08, "1": 0.1285486746, "2": 2.95453e-05, "3": 0.0031389625, "4": 0.353211602}}}