{"source_schema": "HAZUS_v1.0", "source_taxonomy": "URMM", "target_schema": "SUPPASRI2013_v2.0", "target_taxonomy": "RC2", "source_damage_states": [0, 1, 2, 3, 4], "target_damage_states": [0, 1, 2, 3, 4, 5, 6], "conv_matrix": {"0": {"0": 0.0239697916, "1": 8.68758e-05, "2": 1.7625e-06, "3": 9.74e-08, "4": 7.5e-09}, "1": {"0": 0.1028586853, "1": 0.0967520804, "2": 0.0001433616, "3": 1.77935e-05, "4": 0.0}, "2": {"0": 0.031470936, "1": 0.298025642, "2": 0.0934627298, "3": 0.0997659137, "4": 3e-10}, "3": {"0": 0.7833224648, "1": 0.5928998056, "2": 0.7173750723, "3": 0.6878027662, "4": 0.2606022056}, "4": {"0": 0.0118174374, "1": 0.0120777731, "2": 0.0676963988, "3": 0.1245528898, "4": 0.136861739}, "5": {"0": 0.001881417, "1": 4.50337e-05, "2": 0.0207481558, "3": 0.0275942991, "4": 0.2659698587}, "6": {"0": 0.0446792679, "1": 0.0001127894, "2": 0.1005725192, "3": 0.0602662403, "4": 0.3365661888}}}