{
    "source_schema": "Mavrouli_et_al_2014",
    "source_taxonomy": "RC_S_HD",
    "target_schema": "Torres_Corredor_et_al_2017",
    "target_taxonomy": "P_R",
    "source_damage_states": [
        0,
        2,
        3,
        4
    ],
    "target_damage_states": [
        0,
        1,
        2,
        3
    ],
    "conv_matrix": {
        "0": {
            "0": 0.9996550891,
            "2": 0.0187337098,
            "3": 5.810999633e-18,
            "4": 5.785974229e-29
        },
        "1": {
            "0": 0.0003449109,
            "2": 0.2497317553,
            "3": 3.12481e-05,
            "4": 8.493037525e-27
        },
        "2": {
            "0": 0.0,
            "2": 0.2797693829,
            "3": 0.1056614052,
            "4": 0.0337284303
        },
        "3": {
            "0": 3.910552704e-16,
            "2": 0.451765152,
            "3": 0.8943073467,
            "4": 0.9662715697
        }
    }
}