{
    "source_schema": "Mavrouli_et_al_2014",
    "source_taxonomy": "RC_MD",
    "target_schema": "Torres_Corredor_et_al_2017",
    "target_taxonomy": "L_B",
    "source_damage_states": [
        0,
        2,
        3,
        4
    ],
    "target_damage_states": [
        0,
        1,
        2,
        3
    ],
    "conv_matrix": {
        "0": {
            "0": 0.5789176715,
            "2": 0.0049257595,
            "3": 0.0,
            "4": 3.332807448e-44
        },
        "1": {
            "0": 0.3845294045,
            "2": 0.1644647748,
            "3": 8.834175679e-19,
            "4": 1.417762638e-51
        },
        "2": {
            "0": 0.0365338671,
            "2": 0.363873733,
            "3": 0.0947172508,
            "4": 0.0
        },
        "3": {
            "0": 1.90569e-05,
            "2": 0.4667357327,
            "3": 0.9052827492,
            "4": 1.0
        }
    }
}