{
    "source_schema": "Mavrouli_et_al_2014",
    "source_taxonomy": "RC_S_HD",
    "target_schema": "Torres_Corredor_et_al_2017",
    "target_taxonomy": "LM_B",
    "source_damage_states": [
        0,
        2,
        3,
        4
    ],
    "target_damage_states": [
        0,
        1,
        2,
        3
    ],
    "conv_matrix": {
        "0": {
            "0": 0.9998161858,
            "2": 0.0139343495,
            "3": 2.153774845e-19,
            "4": 1.231368902e-28
        },
        "1": {
            "0": 0.0001837764,
            "2": 0.0520270035,
            "3": 1.8566e-06,
            "4": 3e-10
        },
        "2": {
            "0": 8.419905251e-20,
            "2": 0.2862571129,
            "3": 0.4083384896,
            "4": 0.5803232441
        },
        "3": {
            "0": 3.79e-08,
            "2": 0.6477815341,
            "3": 0.5916596538,
            "4": 0.4196767556
        }
    }
}