{
    "source_schema": "Mavrouli_et_al_2014",
    "source_taxonomy": "RC_LD",
    "target_schema": "Torres_Corredor_et_al_2017",
    "target_taxonomy": "P_M",
    "source_damage_states": [
        0,
        2,
        3,
        4
    ],
    "target_damage_states": [
        0,
        1,
        2,
        3
    ],
    "conv_matrix": {
        "0": {
            "0": 0.3776421791,
            "2": 0.0020756584,
            "3": 1.487023895e-23,
            "4": 3.983802131e-37
        },
        "1": {
            "0": 0.326435178,
            "2": 0.2241660393,
            "3": 0.1144374443,
            "4": 1.707730434e-54
        },
        "2": {
            "0": 0.2959226428,
            "2": 0.7315679027,
            "3": 0.0575473366,
            "4": 0.2308570492
        },
        "3": {
            "0": 2.196998042e-21,
            "2": 0.0421903995,
            "3": 0.8280152191,
            "4": 0.7691429508
        }
    }
}