{
    "source_schema": "Mavrouli_et_al_2014",
    "source_taxonomy": "W_MR_LD",
    "target_schema": "Torres_Corredor_et_al_2017",
    "target_taxonomy": "LM_R",
    "source_damage_states": [
        0,
        2,
        3,
        4
    ],
    "target_damage_states": [
        0,
        1,
        2,
        3
    ],
    "conv_matrix": {
        "0": {
            "0": 0.3743635847,
            "2": 0.0020224778,
            "3": 1.025290273e-21,
            "4": 2.345639932e-42
        },
        "1": {
            "0": 0.3257360274,
            "2": 0.1830942406,
            "3": 0.1488867678,
            "4": 6.723725952e-47
        },
        "2": {
            "0": 0.2999003878,
            "2": 0.4086838485,
            "3": 1.12e-07,
            "4": 0.0
        },
        "3": {
            "0": 3.838957802e-17,
            "2": 0.4061994331,
            "3": 0.8511131202,
            "4": 1.0
        }
    }
}