{
    "source_schema": "Mavrouli_et_al_2014",
    "source_taxonomy": "RC_S_HD",
    "target_schema": "Torres_Corredor_et_al_2017",
    "target_taxonomy": "L_M",
    "source_damage_states": [
        0,
        2,
        3,
        4
    ],
    "target_damage_states": [
        0,
        1,
        2,
        3
    ],
    "conv_matrix": {
        "0": {
            "0": 1.0,
            "2": 0.0,
            "3": 0.0,
            "4": 9.816026969e-59
        },
        "1": {
            "0": 0.0,
            "2": 0.8646930448,
            "3": 0.0374309133,
            "4": 1e-10
        },
        "2": {
            "0": 0.0,
            "2": 0.1353069498,
            "3": 0.9353768824,
            "4": 0.001884545
        },
        "3": {
            "0": 9.016327701e-55,
            "2": 5.4e-09,
            "3": 0.0271922043,
            "4": 0.9981154549
        }
    }
}