{
    "source_schema": "Mavrouli_et_al_2014",
    "source_taxonomy": "RC_LD",
    "target_schema": "Torres_Corredor_et_al_2017",
    "target_taxonomy": "LM_B",
    "source_damage_states": [
        0,
        2,
        3,
        4
    ],
    "target_damage_states": [
        0,
        1,
        2,
        3
    ],
    "conv_matrix": {
        "0": {
            "0": 0.6739176044,
            "2": 0.0134582614,
            "3": 1.225270426e-20,
            "4": 1.754168643e-23
        },
        "1": {
            "0": 0.3258436062,
            "2": 0.0538231697,
            "3": 7.714e-07,
            "4": 6e-10
        },
        "2": {
            "0": 0.0,
            "2": 0.1788841519,
            "3": 0.785923709,
            "4": 0.3316789945
        },
        "3": {
            "0": 0.0002387894,
            "2": 0.7538344171,
            "3": 0.2140755196,
            "4": 0.6683210049
        }
    }
}