{
    "source_schema": "Mavrouli_et_al_2014",
    "source_taxonomy": "W_MR_HD",
    "target_schema": "Torres_Corredor_et_al_2017",
    "target_taxonomy": "P_B",
    "source_damage_states": [
        0,
        2,
        3,
        4
    ],
    "target_damage_states": [
        0,
        1,
        2,
        3
    ],
    "conv_matrix": {
        "0": {
            "0": 0.7089698854,
            "2": 0.0218289068,
            "3": 0.0,
            "4": 5.155238393e-49
        },
        "1": {
            "0": 0.2544293,
            "2": 0.0510995305,
            "3": 5.389282746e-25,
            "4": 1.985482436e-53
        },
        "2": {
            "0": 0.0366007872,
            "2": 0.1274503651,
            "3": 0.0434100374,
            "4": 0.0063029736
        },
        "3": {
            "0": 2.74e-08,
            "2": 0.7996211976,
            "3": 0.9565899626,
            "4": 0.9936970264
        }
    }
}