{
    "source_schema": "Mavrouli_et_al_2014",
    "source_taxonomy": "RC_S_HD",
    "target_schema": "Torres_Corredor_et_al_2017",
    "target_taxonomy": "LM_R",
    "source_damage_states": [
        0,
        2,
        3,
        4
    ],
    "target_damage_states": [
        0,
        1,
        2,
        3
    ],
    "conv_matrix": {
        "0": {
            "0": 0.999803555,
            "2": 0.0020447826,
            "3": 5.776339915e-22,
            "4": 1.209438036e-43
        },
        "1": {
            "0": 0.0001605296,
            "2": 0.2311455979,
            "3": 0.0049829568,
            "4": 2.54727249e-18
        },
        "2": {
            "0": 3.59155e-05,
            "2": 0.3871649066,
            "3": 1.49e-08,
            "4": 1.529953454e-20
        },
        "3": {
            "0": 4.466375301e-25,
            "2": 0.3796447129,
            "3": 0.9950170283,
            "4": 1.0
        }
    }
}