{
    "source_schema": "Mavrouli_et_al_2014",
    "source_taxonomy": "W_MR_LD",
    "target_schema": "Torres_Corredor_et_al_2017",
    "target_taxonomy": "L_R",
    "source_damage_states": [
        0,
        2,
        3,
        4
    ],
    "target_damage_states": [
        0,
        1,
        2,
        3
    ],
    "conv_matrix": {
        "0": {
            "0": 0.9986369491,
            "2": 0.0165151171,
            "3": 1.735261343e-17,
            "4": 1.004186268e-27
        },
        "1": {
            "0": 0.0013630509,
            "2": 0.0401836536,
            "3": 8.104244806e-19,
            "4": 9.030711897e-56
        },
        "2": {
            "0": 0.0,
            "2": 0.8035634117,
            "3": 0.0107407519,
            "4": 0.1858094513
        },
        "3": {
            "0": 0.0,
            "2": 0.1397378176,
            "3": 0.9892592481,
            "4": 0.8141905487
        }
    }
}