{
    "source_schema": "Mavrouli_et_al_2014",
    "source_taxonomy": "RC_S_HD",
    "target_schema": "Torres_Corredor_et_al_2017",
    "target_taxonomy": "LM_M",
    "source_damage_states": [
        0,
        2,
        3,
        4
    ],
    "target_damage_states": [
        0,
        1,
        2,
        3
    ],
    "conv_matrix": {
        "0": {
            "0": 0.9997821589,
            "2": 0.0071353776,
            "3": 4.306313412e-22,
            "4": 1.195714544e-34
        },
        "1": {
            "0": 0.0002173999,
            "2": 0.2540915992,
            "3": 0.0220987383,
            "4": 2.111258155e-17
        },
        "2": {
            "0": 4.412e-07,
            "2": 0.2928690908,
            "3": 0.1383212601,
            "4": 0.0423030544
        },
        "3": {
            "0": 8.480906236e-28,
            "2": 0.4459039324,
            "3": 0.8395800016,
            "4": 0.9576969456
        }
    }
}