{
    "source_schema": "Mavrouli_et_al_2014",
    "source_taxonomy": "RC_S_HD",
    "target_schema": "Torres_Corredor_et_al_2017",
    "target_taxonomy": "L_B",
    "source_damage_states": [
        0,
        2,
        3,
        4
    ],
    "target_damage_states": [
        0,
        1,
        2,
        3
    ],
    "conv_matrix": {
        "0": {
            "0": 0.4994091695,
            "2": 0.0071227986,
            "3": 0.0,
            "4": 3.430482649e-38
        },
        "1": {
            "0": 0.5005908305,
            "2": 0.1684959468,
            "3": 2.963243735e-16,
            "4": 7.472967635e-46
        },
        "2": {
            "0": 0.0,
            "2": 0.3768428397,
            "3": 0.0786599814,
            "4": 0.0
        },
        "3": {
            "0": 3.368707199e-23,
            "2": 0.447538415,
            "3": 0.9213400185,
            "4": 1.0
        }
    }
}