{
    "source_schema": "Mavrouli_et_al_2014",
    "source_taxonomy": "W_MR_LD",
    "target_schema": "Torres_Corredor_et_al_2017",
    "target_taxonomy": "P_B",
    "source_damage_states": [
        0,
        2,
        3,
        4
    ],
    "target_damage_states": [
        0,
        1,
        2,
        3
    ],
    "conv_matrix": {
        "0": {
            "0": 0.6741895551,
            "2": 0.0244475179,
            "3": 2.383955371e-28,
            "4": 2.611224881e-28
        },
        "1": {
            "0": 0.3257674463,
            "2": 0.0550403444,
            "3": 7.151180539e-25,
            "4": 1.065266749e-46
        },
        "2": {
            "0": 4.29986e-05,
            "2": 0.1017647693,
            "3": 0.126543478,
            "4": 0.0060842824
        },
        "3": {
            "0": 2.384019417e-19,
            "2": 0.8187473685,
            "3": 0.873456522,
            "4": 0.9939157176
        }
    }
}