{
    "source_schema": "Mavrouli_et_al_2014",
    "source_taxonomy": "RC_S_HD",
    "target_schema": "Torres_Corredor_et_al_2017",
    "target_taxonomy": "L_R",
    "source_damage_states": [
        0,
        2,
        3,
        4
    ],
    "target_damage_states": [
        0,
        1,
        2,
        3
    ],
    "conv_matrix": {
        "0": {
            "0": 0.999079125,
            "2": 0.0180006566,
            "3": 0.0,
            "4": 4.365930987e-37
        },
        "1": {
            "0": 0.000920875,
            "2": 0.0379646894,
            "3": 1.141916004e-18,
            "4": 2.182940409e-58
        },
        "2": {
            "0": 3.129048079e-20,
            "2": 0.7016981384,
            "3": 0.2799548524,
            "4": 0.0004332605
        },
        "3": {
            "0": 1.078343237e-34,
            "2": 0.2423365156,
            "3": 0.7200451476,
            "4": 0.9995667395
        }
    }
}