{
    "source_schema": "Mavrouli_et_al_2014",
    "source_taxonomy": "RC_LD",
    "target_schema": "Torres_Corredor_et_al_2017",
    "target_taxonomy": "P_R",
    "source_damage_states": [
        0,
        2,
        3,
        4
    ],
    "target_damage_states": [
        0,
        1,
        2,
        3
    ],
    "conv_matrix": {
        "0": {
            "0": 0.8433371038,
            "2": 0.0178880359,
            "3": 0.0,
            "4": 4.327169296e-26
        },
        "1": {
            "0": 0.1566529925,
            "2": 0.2234130726,
            "3": 0.0963690636,
            "4": 5.5497514e-47
        },
        "2": {
            "0": 9.8968e-06,
            "2": 0.2807193281,
            "3": 0.1229876966,
            "4": 0.053853375
        },
        "3": {
            "0": 6.9e-09,
            "2": 0.4779795634,
            "3": 0.7806432398,
            "4": 0.946146625
        }
    }
}