{
    "source_schema": "Mavrouli_et_al_2014",
    "source_taxonomy": "W_MR_MD",
    "target_schema": "Torres_Corredor_et_al_2017",
    "target_taxonomy": "L_M",
    "source_damage_states": [
        0,
        2,
        3,
        4
    ],
    "target_damage_states": [
        0,
        1,
        2,
        3
    ],
    "conv_matrix": {
        "0": {
            "0": 0.9998910038,
            "2": 0.0116442375,
            "3": 5.422041751e-19,
            "4": 3.83259349e-31
        },
        "1": {
            "0": 0.0001089916,
            "2": 0.058470447,
            "3": 5.313535335e-21,
            "4": 7.974340537e-71
        },
        "2": {
            "0": 4.7e-09,
            "2": 0.8019142203,
            "3": 0.0065272704,
            "4": 0.1830086983
        },
        "3": {
            "0": 0.0,
            "2": 0.1279710951,
            "3": 0.9934727296,
            "4": 0.8169913017
        }
    }
}