{
    "source_schema": "Mavrouli_et_al_2014",
    "source_taxonomy": "W_MR_LD",
    "target_schema": "Torres_Corredor_et_al_2017",
    "target_taxonomy": "L_B",
    "source_damage_states": [
        0,
        2,
        3,
        4
    ],
    "target_damage_states": [
        0,
        1,
        2,
        3
    ],
    "conv_matrix": {
        "0": {
            "0": 0.5054293167,
            "2": 0.0062464626,
            "3": 2.24306449e-28,
            "4": 1.881354473e-26
        },
        "1": {
            "0": 0.4945070815,
            "2": 0.1771121984,
            "3": 9.345336532e-24,
            "4": 2.804156295e-34
        },
        "2": {
            "0": 6.35959e-05,
            "2": 0.4293285562,
            "3": 2.9e-09,
            "4": 0.0050211993
        },
        "3": {
            "0": 5.9e-09,
            "2": 0.3873127828,
            "3": 0.9999999971,
            "4": 0.9949788007
        }
    }
}