{
    "source_schema": "Mavrouli_et_al_2014",
    "source_taxonomy": "W_MR_HD",
    "target_schema": "Torres_Corredor_et_al_2017",
    "target_taxonomy": "L_M",
    "source_damage_states": [
        0,
        2,
        3,
        4
    ],
    "target_damage_states": [
        0,
        1,
        2,
        3
    ],
    "conv_matrix": {
        "0": {
            "0": 0.9975521779,
            "2": 0.0097654713,
            "3": 1.440033669e-19,
            "4": 5.069726415e-40
        },
        "1": {
            "0": 8.56384e-05,
            "2": 0.054300135,
            "3": 2.14256155e-22,
            "4": 3.444839849e-80
        },
        "2": {
            "0": 0.0023621668,
            "2": 0.6813674677,
            "3": 0.2887355094,
            "4": 0.0009209681
        },
        "3": {
            "0": 1.69e-08,
            "2": 0.254566926,
            "3": 0.7112644906,
            "4": 0.9990790319
        }
    }
}