{
    "source_schema": "Mavrouli_et_al_2014",
    "source_taxonomy": "W_MR_HD",
    "target_schema": "Torres_Corredor_et_al_2017",
    "target_taxonomy": "P_R",
    "source_damage_states": [
        0,
        2,
        3,
        4
    ],
    "target_damage_states": [
        0,
        1,
        2,
        3
    ],
    "conv_matrix": {
        "0": {
            "0": 0.858072964,
            "2": 0.0156508022,
            "3": 2.5314368e-19,
            "4": 3.573133093e-30
        },
        "1": {
            "0": 0.1246632799,
            "2": 0.2449354616,
            "3": 5.103e-07,
            "4": 4.942916928e-37
        },
        "2": {
            "0": 0.0172483712,
            "2": 0.2741104953,
            "3": 0.1109602619,
            "4": 0.0292586843
        },
        "3": {
            "0": 1.5385e-05,
            "2": 0.4653032409,
            "3": 0.8890392278,
            "4": 0.9707413157
        }
    }
}