{
    "source_schema": "Mavrouli_et_al_2014",
    "source_taxonomy": "RC_S_HD",
    "target_schema": "Torres_Corredor_et_al_2017",
    "target_taxonomy": "P_B",
    "source_damage_states": [
        0,
        2,
        3,
        4
    ],
    "target_damage_states": [
        0,
        1,
        2,
        3
    ],
    "conv_matrix": {
        "0": {
            "0": 0.9997819818,
            "2": 0.0243167575,
            "3": 0.0,
            "4": 3.700970556e-39
        },
        "1": {
            "0": 0.0002180182,
            "2": 0.0531769332,
            "3": 2.148589145e-21,
            "4": 1.919554435e-52
        },
        "2": {
            "0": 0.0,
            "2": 0.1280524715,
            "3": 0.0428220675,
            "4": 0.0161996004
        },
        "3": {
            "0": 5.247097538e-31,
            "2": 0.7944538378,
            "3": 0.9571779324,
            "4": 0.9838003996
        }
    }
}