{
    "source_schema": "Mavrouli_et_al_2014",
    "source_taxonomy": "RC_LD",
    "target_schema": "Torres_Corredor_et_al_2017",
    "target_taxonomy": "LM_M",
    "source_damage_states": [
        0,
        2,
        3,
        4
    ],
    "target_damage_states": [
        0,
        1,
        2,
        3
    ],
    "conv_matrix": {
        "0": {
            "0": 0.6698138574,
            "2": 0.0062768892,
            "3": 2.416297254e-21,
            "4": 2.118754917e-32
        },
        "1": {
            "0": 0.3258092647,
            "2": 0.2080682302,
            "3": 0.1637287252,
            "4": 3.264417265e-39
        },
        "2": {
            "0": 0.0043768779,
            "2": 0.2764739574,
            "3": 0.2303907023,
            "4": 0.0076280742
        },
        "3": {
            "0": 1.289692579e-17,
            "2": 0.5091809232,
            "3": 0.6058805725,
            "4": 0.9923719258
        }
    }
}