{
    "source_schema": "Mavrouli_et_al_2014",
    "source_taxonomy": "W_MR_HD",
    "target_schema": "Torres_Corredor_et_al_2017",
    "target_taxonomy": "LM_M",
    "source_damage_states": [
        0,
        2,
        3,
        4
    ],
    "target_damage_states": [
        0,
        1,
        2,
        3
    ],
    "conv_matrix": {
        "0": {
            "0": 0.5172990599,
            "2": 0.0058250258,
            "3": 5.306093528e-24,
            "4": 2.403063471e-35
        },
        "1": {
            "0": 0.2567670955,
            "2": 0.2532089045,
            "3": 0.0096740787,
            "4": 8.897433187e-28
        },
        "2": {
            "0": 0.2259338035,
            "2": 0.2925286491,
            "3": 0.1403797621,
            "4": 0.00827219
        },
        "3": {
            "0": 4.11e-08,
            "2": 0.4484374206,
            "3": 0.8499461591,
            "4": 0.99172781
        }
    }
}