{
    "source_schema": "Mavrouli_et_al_2014",
    "source_taxonomy": "RC_MD",
    "target_schema": "Torres_Corredor_et_al_2017",
    "target_taxonomy": "P_M",
    "source_damage_states": [
        0,
        2,
        3,
        4
    ],
    "target_damage_states": [
        0,
        1,
        2,
        3
    ],
    "conv_matrix": {
        "0": {
            "0": 0.2911914803,
            "2": 0.001927401,
            "3": 4.975860495e-27,
            "4": 1.025058316e-41
        },
        "1": {
            "0": 0.2572506064,
            "2": 0.2526530596,
            "3": 7.861e-07,
            "4": 3.979897694e-38
        },
        "2": {
            "0": 0.4515579133,
            "2": 0.6123535974,
            "3": 0.3630952059,
            "4": 0.033563668
        },
        "3": {
            "0": 0.0,
            "2": 0.133065942,
            "3": 0.636904008,
            "4": 0.966436332
        }
    }
}