{
    "source_schema": "Mavrouli_et_al_2014",
    "source_taxonomy": "RC_S_HD",
    "target_schema": "Torres_Corredor_et_al_2017",
    "target_taxonomy": "L_M",
    "source_damage_states": [
        0,
        2,
        3,
        4
    ],
    "target_damage_states": [
        0,
        1,
        2,
        3
    ],
    "conv_matrix": {
        "0": {
            "0": 0.9997644713,
            "2": 0.0134029217,
            "3": 1.577036822e-17,
            "4": 7.719945407e-41
        },
        "1": {
            "0": 0.0002355287,
            "2": 0.0552362296,
            "3": 1.400019187e-18,
            "4": 3.853339308e-62
        },
        "2": {
            "0": 7.870137688e-18,
            "2": 0.7004620228,
            "3": 0.2730941474,
            "4": 0.0001650306
        },
        "3": {
            "0": 1.433298841e-34,
            "2": 0.2308988259,
            "3": 0.7269058526,
            "4": 0.9998349694
        }
    }
}