{
    "source_schema": "Mavrouli_et_al_2014",
    "source_taxonomy": "RC_MD",
    "target_schema": "Torres_Corredor_et_al_2017",
    "target_taxonomy": "LM_B",
    "source_damage_states": [
        0,
        2,
        3,
        4
    ],
    "target_damage_states": [
        0,
        1,
        2,
        3
    ],
    "conv_matrix": {
        "0": {
            "0": 0.5545629964,
            "2": 0.0123365069,
            "3": 1.49913646e-19,
            "4": 1.115131157e-27
        },
        "1": {
            "0": 0.2899355338,
            "2": 0.0498045791,
            "3": 2.5537e-06,
            "4": 1e-10
        },
        "2": {
            "0": 3.901e-07,
            "2": 0.3053720161,
            "3": 0.4374618165,
            "4": 0.4529139609
        },
        "3": {
            "0": 0.1555010797,
            "2": 0.6324868979,
            "3": 0.5625356299,
            "4": 0.5470860389
        }
    }
}