{
    "source_schema": "Mavrouli_et_al_2014",
    "source_taxonomy": "RC_MD",
    "target_schema": "Torres_Corredor_et_al_2017",
    "target_taxonomy": "L_R",
    "source_damage_states": [
        0,
        2,
        3,
        4
    ],
    "target_damage_states": [
        0,
        1,
        2,
        3
    ],
    "conv_matrix": {
        "0": {
            "0": 0.9988041454,
            "2": 0.0142786832,
            "3": 3.624163143e-17,
            "4": 3.619900303e-36
        },
        "1": {
            "0": 0.0010879776,
            "2": 0.0373174516,
            "3": 8.705466587e-22,
            "4": 7.749855778e-64
        },
        "2": {
            "0": 0.0001078622,
            "2": 0.6825570796,
            "3": 0.2948969103,
            "4": 0.0027683487
        },
        "3": {
            "0": 1.48e-08,
            "2": 0.2658467856,
            "3": 0.7051030897,
            "4": 0.9972316513
        }
    }
}