{
    "source_schema": "Mavrouli_et_al_2014",
    "source_taxonomy": "RC_S_HD",
    "target_schema": "Torres_Corredor_et_al_2017",
    "target_taxonomy": "P_M",
    "source_damage_states": [
        0,
        2,
        3,
        4
    ],
    "target_damage_states": [
        0,
        1,
        2,
        3
    ],
    "conv_matrix": {
        "0": {
            "0": 0.9981117869,
            "2": 0.0021089821,
            "3": 1.949223515e-24,
            "4": 1.165970547e-42
        },
        "1": {
            "0": 0.0018834586,
            "2": 0.2581936322,
            "3": 5.92857e-05,
            "4": 9.711168561e-24
        },
        "2": {
            "0": 4.7545e-06,
            "2": 0.631640206,
            "3": 0.3630527556,
            "4": 0.0048747241
        },
        "3": {
            "0": 3.062402578e-28,
            "2": 0.1080571797,
            "3": 0.6368879587,
            "4": 0.9951252759
        }
    }
}