{
    "source_schema": "Mavrouli_et_al_2014",
    "source_taxonomy": "RC_MD",
    "target_schema": "Torres_Corredor_et_al_2017",
    "target_taxonomy": "LM_R",
    "source_damage_states": [
        0,
        2,
        3,
        4
    ],
    "target_damage_states": [
        0,
        1,
        2,
        3
    ],
    "conv_matrix": {
        "0": {
            "0": 0.2886705468,
            "2": 0.0018779823,
            "3": 3.122293238e-24,
            "4": 1.104665531e-47
        },
        "1": {
            "0": 0.256709898,
            "2": 0.2270556036,
            "3": 0.0022494659,
            "4": 1.874073383e-32
        },
        "2": {
            "0": 0.4546195229,
            "2": 0.3785020809,
            "3": 8e-09,
            "4": 4.053080682e-20
        },
        "3": {
            "0": 3.23e-08,
            "2": 0.3925643331,
            "3": 0.9977505262,
            "4": 1.0
        }
    }
}