{
    "source_schema": "Medina_2019",
    "source_taxonomy": "M-PN",
    "target_schema": "SARA_v1.0",
    "target_taxonomy": "MCF-DNO-H1-3",
    "source_damage_states": [
        0,
        1,
        2,
        3,
        4
    ],
    "target_damage_states": [
        0,
        1,
        2,
        3,
        4
    ],
    "conv_matrix": {
        "0": {
            "0": 1.0,
            "1": 1.00773157e-24,
            "2": 2.745742305e-55,
            "3": 6.240667192e-119,
            "4": 2.974716953e-143
        },
        "1": {
            "0": 2.586194306e-22,
            "1": 0.6930679473,
            "2": 0.0323944995,
            "3": 3.508857038e-19,
            "4": 0.0
        },
        "2": {
            "0": 4.667708548e-57,
            "1": 0.2966835664,
            "2": 0.8160947935,
            "3": 0.270823151,
            "4": 0.3906867115
        },
        "3": {
            "0": 0.0,
            "1": 0.00169666,
            "2": 0.0831697268,
            "3": 0.11362741,
            "4": 0.0523071421
        },
        "4": {
            "0": 1.198667774e-159,
            "1": 0.0085518264,
            "2": 0.0683409803,
            "3": 0.615549439,
            "4": 0.5570061464
        }
    }
}