{
    "source_schema": "Medina_2019",
    "source_taxonomy": "M-PCP3",
    "target_schema": "SARA_v1.0",
    "target_taxonomy": "CR-LFINF-DNO-H1-3",
    "source_damage_states": [
        0,
        1,
        2,
        3,
        4
    ],
    "target_damage_states": [
        0,
        1,
        2,
        3,
        4
    ],
    "conv_matrix": {
        "0": {
            "0": 1.0,
            "1": 1.32244881e-25,
            "2": 0.0,
            "3": 1.216929021e-91,
            "4": 1.519627607e-89
        },
        "1": {
            "0": 4.412911897e-21,
            "1": 0.6892154943,
            "2": 0.2335982337,
            "3": 0.1092376788,
            "4": 0.0846501574
        },
        "2": {
            "0": 1.158399424e-51,
            "1": 0.2525583985,
            "2": 0.4657184055,
            "3": 0.5384268674,
            "4": 0.0854752825
        },
        "3": {
            "0": 5.502238733e-87,
            "1": 0.0070256255,
            "2": 0.23677191,
            "3": 0.2931423022,
            "4": 0.4395488894
        },
        "4": {
            "0": 8.998878942e-118,
            "1": 0.0512004816,
            "2": 0.0639114508,
            "3": 0.0591931517,
            "4": 0.3903256707
        }
    }
}