{"source_schema": "Medina_2019", "source_taxonomy": "M-PCP3", "target_schema": "SARA_v1.0", "target_taxonomy": "S-LFM-H4-7", "source_damage_states": [0, 1, 2, 3, 4], "target_damage_states": [0, 1, 2, 3, 4], "conv_matrix": {"0": {"0": 0.1666791727, "1": 1e-10, "2": 0.0, "3": 2.849776848e-24, "4": 2.725543773e-34}, "1": {"0": 0.0, "1": 0.0, "2": 0.3394848251, "3": 0.0257519882, "4": 6.6769e-06}, "2": {"0": 0.0, "1": 0.2237123854, "2": 0.0, "3": 0.1826785922, "4": 0.1463106648}, "3": {"0": 0.8333208273, "1": 0.7762876145, "2": 0.6605151731, "3": 0.7914471005, "4": 0.6572217345}, "4": {"0": 0.0, "1": 0.0, "2": 1.8e-09, "3": 0.0001223191, "4": 0.1964609238}}}