{"source_schema": "Medina_2019", "source_taxonomy": "M-PCP2", "target_schema": "SARA_v1.0", "target_taxonomy": "MUR-STRUB-H1-2", "source_damage_states": [0, 1, 2, 3, 4], "target_damage_states": [0, 1, 2, 3, 4], "conv_matrix": {"0": {"0": 0.1666805786, "1": 0.0, "2": 2.613408697e-16, "3": 3.135544133e-24, "4": 3.027346814e-34}, "1": {"0": 0.0, "1": 0.3130006803, "2": 2.1862e-05, "3": 0.0126060481, "4": 9.274e-07}, "2": {"0": 0.821315633, "1": 0.6869390089, "2": 0.9985258033, "3": 0.7624734274, "4": 0.1582077827}, "3": {"0": 0.0120037879, "1": 6.03108e-05, "2": 0.0014523347, "3": 0.2235652161, "4": 0.6098134187}, "4": {"0": 4e-10, "1": 0.0, "2": 1e-10, "3": 0.0013553083, "4": 0.2319778711}}}