{
    "source_schema": "Medina_2019",
    "source_taxonomy": "M-PCP1-T1",
    "target_schema": "SARA_v1.0",
    "target_taxonomy": "CR-LFINF-DUC-H1-3",
    "source_damage_states": [
        0,
        1,
        2,
        3,
        4
    ],
    "target_damage_states": [
        0,
        1,
        2,
        3,
        4
    ],
    "conv_matrix": {
        "0": {
            "0": 1.0,
            "1": 1.105342453e-25,
            "2": 0.0,
            "3": 6.999760375e-109,
            "4": 2.022122252e-143
        },
        "1": {
            "0": 6.929385748e-23,
            "1": 0.3038376864,
            "2": 0.0499173917,
            "3": 1.993081708e-16,
            "4": 1.410237018e-23
        },
        "2": {
            "0": 5.874495294e-50,
            "1": 0.4049316495,
            "2": 0.2788003302,
            "3": 0.0647286097,
            "4": 0.0024009372
        },
        "3": {
            "0": 1.164246492e-55,
            "1": 0.2912306641,
            "2": 0.671282278,
            "3": 0.9352531196,
            "4": 0.9526609932
        },
        "4": {
            "0": 3.223386972e-224,
            "1": 5.752213967e-69,
            "2": 1.22627566e-33,
            "3": 1.82708e-05,
            "4": 0.0449380696
        }
    }
}