{"source_schema": "Medina_2019", "source_taxonomy": "M-PCP1-T1", "target_schema": "SARA_v1.0", "target_taxonomy": "CR-LWAL-DUC-H4-7", "source_damage_states": [0, 1, 2, 3, 4], "target_damage_states": [0, 1, 2, 3, 4], "conv_matrix": {"0": {"0": 0.2001916142, "1": 0.0, "2": 0.0, "3": 4.074064542e-19, "4": 1.309187753e-30}, "1": {"0": 0.0, "1": 1.0, "2": 0.0001759275, "3": 0.1008349903, "4": 0.0073738751}, "2": {"0": 0.0, "1": 0.0, "2": 0.5290452579, "3": 0.166245913, "4": 0.1396026906}, "3": {"0": 0.0, "1": 0.0, "2": 0.2327750241, "3": 0.1654603146, "4": 0.2378433259}, "4": {"0": 0.7998083858, "1": 3.25861166e-17, "2": 0.2380037905, "3": 0.5674587822, "4": 0.6151801084}}}