{
    "source_schema": "Medina_2019",
    "source_taxonomy": "M-PCP1-T2",
    "target_schema": "SARA_v1.0",
    "target_taxonomy": "CR-LFM-DNO-SOS-H1-3",
    "source_damage_states": [
        0,
        1,
        2,
        3,
        4
    ],
    "target_damage_states": [
        0,
        1,
        2,
        3,
        4
    ],
    "conv_matrix": {
        "0": {
            "0": 1.0,
            "1": 1.105342453e-25,
            "2": 0.0,
            "3": 6.999760375e-109,
            "4": 2.022122252e-143
        },
        "1": {
            "0": 1.367009317e-22,
            "1": 0.4335283134,
            "2": 0.0487047635,
            "3": 9e-10,
            "4": 6.81e-08
        },
        "2": {
            "0": 2.467253339e-57,
            "1": 0.4734378832,
            "2": 0.4353847281,
            "3": 0.1507975806,
            "4": 0.0326065573
        },
        "3": {
            "0": 2.651243711e-79,
            "1": 0.023093166,
            "2": 0.362659008,
            "3": 0.3896094796,
            "4": 0.2668899749
        },
        "4": {
            "0": 5.461078488e-107,
            "1": 0.0699406374,
            "2": 0.1532515005,
            "3": 0.4595929389,
            "4": 0.7005033998
        }
    }
}