{"source_schema": "Medina_2019", "source_taxonomy": "M-PCP3", "target_schema": "SARA_v1.0", "target_taxonomy": "MCF-DUC-H1-3", "source_damage_states": [0, 1, 2, 3, 4], "target_damage_states": [0, 1, 2, 3, 4], "conv_matrix": {"0": {"0": 0.1666791727, "1": 1e-10, "2": 0.0, "3": 2.849776848e-24, "4": 2.725543773e-34}, "1": {"0": 0.0, "1": 0.0, "2": 0.3394848251, "3": 0.0354788626, "4": 0.0001881271}, "2": {"0": 0.8331942141, "1": 0.9999975762, "2": 0.6568393405, "3": 0.829891959, "4": 0.25101335}, "3": {"0": 0.0001266132, "1": 2.4237e-06, "2": 0.0036758154, "3": 0.1330404241, "4": 0.4804431261}, "4": {"0": 0.0, "1": 0.0, "2": 1.9e-08, "3": 0.0015887543, "4": 0.2683553968}}}