{
    "source_schema": "Medina_2019",
    "source_taxonomy": "M-PCP3",
    "target_schema": "SARA_v1.0",
    "target_taxonomy": "CR-LWAL-DUC-H4-7",
    "source_damage_states": [
        0,
        1,
        2,
        3,
        4
    ],
    "target_damage_states": [
        0,
        1,
        2,
        3,
        4
    ],
    "conv_matrix": {
        "0": {
            "0": 1.0,
            "1": 1.32244881e-25,
            "2": 0.0,
            "3": 1.216929021e-91,
            "4": 1.519627607e-89
        },
        "1": {
            "0": 6.857125076e-23,
            "1": 0.4895914593,
            "2": 0.0856167272,
            "3": 0.0013289099,
            "4": 0.0
        },
        "2": {
            "0": 1.237610832e-57,
            "1": 0.2536153738,
            "2": 0.4177060258,
            "3": 0.2143847856,
            "4": 0.0025359882
        },
        "3": {
            "0": 4.000059437e-62,
            "1": 0.2567863996,
            "2": 0.4966324892,
            "3": 0.6953037621,
            "4": 0.7621921889
        },
        "4": {
            "0": 1.766952102e-76,
            "1": 6.7674e-06,
            "2": 4.47578e-05,
            "3": 0.0889825424,
            "4": 0.2352718228
        }
    }
}