{"source_schema": "Medina_2019", "source_taxonomy": "M-MP", "target_schema": "SARA_v1.0", "target_taxonomy": "MUR-STRUB-H1-2", "source_damage_states": [0, 1, 2, 3, 4], "target_damage_states": [0, 1, 2, 3, 4], "conv_matrix": {"0": {"0": 0.1747976034, "1": 0.0, "2": 8.434087396e-16, "3": 1.870409273e-21, "4": 2.859784974e-31}, "1": {"0": 0.0, "1": 0.0, "2": 0.1304677757, "3": 0.0178300997, "4": 3.736e-07}, "2": {"0": 0.8160523621, "1": 0.9999999873, "2": 0.869441692, "3": 0.6550830425, "4": 0.1276923941}, "3": {"0": 0.0091500341, "1": 1.27e-08, "2": 9.05323e-05, "3": 0.3126766613, "4": 0.5650374591}, "4": {"0": 3e-10, "1": 1.946145293e-21, "2": 0.0, "3": 0.0144101965, "4": 0.3072697733}}}