{"source_schema": "Medina_2019", "source_taxonomy": "M-PN", "target_schema": "SARA_v1.0", "target_taxonomy": "CR-LWAL-DUC-H8-19", "source_damage_states": [0, 1, 2, 3, 4], "target_damage_states": [0, 1, 2, 3, 4], "conv_matrix": {"0": {"0": 0.1747976034, "1": 0.0, "2": 8.434087396e-16, "3": 1.870409273e-21, "4": 2.859784974e-31}, "1": {"0": 0.0, "1": 0.9999988017, "2": 0.1340248347, "3": 0.0783250279, "4": 0.0102742358}, "2": {"0": 0.0, "1": 0.0, "2": 0.3569949713, "3": 0.1598845879, "4": 0.1653683885}, "3": {"0": 0.82520239, "1": 1.1983e-06, "2": 0.5089801937, "3": 0.7418294337, "4": 0.4795125346}, "4": {"0": 6.5e-09, "1": 1.490072239e-18, "2": 3e-10, "3": 0.0199609505, "4": 0.3448448411}}}