{
    "source_schema": "Medina_2019",
    "source_taxonomy": "M-PCP1-T1",
    "target_schema": "SARA_v1.0",
    "target_taxonomy": "S-LFM-H4-7",
    "source_damage_states": [
        0,
        1,
        2,
        3,
        4
    ],
    "target_damage_states": [
        0,
        1,
        2,
        3,
        4
    ],
    "conv_matrix": {
        "0": {
            "0": 1.0,
            "1": 1.105342453e-25,
            "2": 0.0,
            "3": 6.999760375e-109,
            "4": 2.022122252e-143
        },
        "1": {
            "0": 1.068044827e-22,
            "1": 0.3135110312,
            "2": 0.0460558884,
            "3": 0.0,
            "4": 3.161334241e-23
        },
        "2": {
            "0": 5.106213901e-47,
            "1": 0.2543855331,
            "2": 0.1693614473,
            "3": 0.0152100031,
            "4": 0.0
        },
        "3": {
            "0": 9.127940332e-55,
            "1": 0.4319750218,
            "2": 0.7674664146,
            "3": 0.8471670812,
            "4": 0.5688442703
        },
        "4": {
            "0": 2.752150873e-76,
            "1": 0.0001284139,
            "2": 0.0171162498,
            "3": 0.1376229157,
            "4": 0.4311557297
        }
    }
}