{
    "source_schema": "Medina_2019",
    "source_taxonomy": "M-PCP1-T2",
    "target_schema": "SARA_v1.0",
    "target_taxonomy": "CR-LFINF-DUC-H4-7",
    "source_damage_states": [
        0,
        1,
        2,
        3,
        4
    ],
    "target_damage_states": [
        0,
        1,
        2,
        3,
        4
    ],
    "conv_matrix": {
        "0": {
            "0": 1.0,
            "1": 1.105342453e-25,
            "2": 0.0,
            "3": 6.999760375e-109,
            "4": 2.022122252e-143
        },
        "1": {
            "0": 7.984175731e-23,
            "1": 0.4013515542,
            "2": 0.0462113404,
            "3": 3e-10,
            "4": 8.608165348e-23
        },
        "2": {
            "0": 1.441027152e-57,
            "1": 0.2725600666,
            "2": 0.325665932,
            "3": 0.0444443478,
            "4": 3e-10
        },
        "3": {
            "0": 4.657517273e-62,
            "1": 0.3220267758,
            "2": 0.6276281338,
            "3": 0.770680872,
            "4": 0.859003988
        },
        "4": {
            "0": 9.791198598e-80,
            "1": 0.0040616035,
            "2": 0.0004945938,
            "3": 0.1848747799,
            "4": 0.1409960117
        }
    }
}