{"source_schema": "Medina_2019", "source_taxonomy": "M-MP", "target_schema": "SARA_v1.0", "target_taxonomy": "CR-LFINF-DUC-H4-7", "source_damage_states": [0, 1, 2, 3, 4], "target_damage_states": [0, 1, 2, 3, 4], "conv_matrix": {"0": {"0": 0.1747976034, "1": 0.0, "2": 8.434087396e-16, "3": 1.870409273e-21, "4": 2.859784974e-31}, "1": {"0": 0.0, "1": 1.0, "2": 0.1340248347, "3": 0.1570568649, "4": 0.0653365924}, "2": {"0": 0.0, "1": 0.0, "2": 0.3569949713, "3": 0.1598741372, "4": 0.1589267465}, "3": {"0": 0.8252023965, "1": 7.307880883e-17, "2": 0.508980194, "3": 0.6736447141, "4": 0.5113208164}, "4": {"0": 0.0, "1": 1.154516461e-29, "2": 0.0, "3": 0.0094242837, "4": 0.2644158448}}}