{"source_schema": "Medina_2019", "source_taxonomy": "M-PCP1-T2", "target_schema": "SARA_v1.0", "target_taxonomy": "CR-LFM-DNO-H4-7", "source_damage_states": [0, 1, 2, 3, 4], "target_damage_states": [0, 1, 2, 3, 4], "conv_matrix": {"0": {"0": 0.3333611573, "1": 0.0, "2": 0.0366911427, "3": 4.2e-09, "4": 1.807258958e-18}, "1": {"0": 0.3333611573, "1": 0.9999943392, "2": 0.9304577923, "3": 0.5575251217, "4": 0.070846468}, "2": {"0": 0.0, "1": 0.0, "2": 0.0324856207, "3": 0.193833215, "4": 0.0953267773}, "3": {"0": 0.1666805517, "1": 5.6608e-06, "2": 0.0003654458, "3": 0.238702958, "4": 0.4815458719}, "4": {"0": 0.1665971338, "1": 3.341878435e-16, "2": 0.0, "3": 0.0099387054, "4": 0.3522808829}}}