{"source_schema": "Medina_2019", "source_taxonomy": "M-PN", "target_schema": "SARA_v1.0", "target_taxonomy": "CR-LWAL-DNO-H4-7", "source_damage_states": [0, 1, 2, 3, 4], "target_damage_states": [0, 1, 2, 3, 4], "conv_matrix": {"0": {"0": 0.3495952069, "1": 0.1846610373, "2": 0.2509308369, "3": 0.0005019291, "4": 0.0}, "1": {"0": 0.1747976034, "1": 0.8153389627, "2": 0.7412660781, "3": 0.3377411512, "4": 0.0002300614}, "2": {"0": 0.0, "1": 0.0, "2": 0.0078005449, "3": 0.2792175391, "4": 0.0410165538}, "3": {"0": 0.3495732126, "1": 0.0, "2": 2.5404e-06, "3": 0.3657070565, "4": 0.4174462001}, "4": {"0": 0.126033977, "1": 0.0, "2": 0.0, "3": 0.0168323218, "4": 0.5413071846}}}