{"source_schema": "Medina_2019", "source_taxonomy": "M-PCP3", "target_schema": "SARA_v1.0", "target_taxonomy": "MR-DNO-H1-3", "source_damage_states": [0, 1, 2, 3, 4], "target_damage_states": [0, 1, 2, 3, 4], "conv_matrix": {"0": {"0": 0.1666791727, "1": 1e-10, "2": 0.0, "3": 2.849776848e-24, "4": 2.725543773e-34}, "1": {"0": 0.0, "1": 0.2749805052, "2": 0.9533145915, "3": 0.0820887151, "4": 0.0137850889}, "2": {"0": 0.821316545, "1": 0.7249770942, "2": 0.016198667, "3": 0.6927760396, "4": 0.146237238}, "3": {"0": 0.0120042819, "1": 4.24004e-05, "2": 0.0304866465, "3": 0.2237650501, "4": 0.6076574091}, "4": {"0": 4e-10, "1": 0.0, "2": 9.51e-08, "3": 0.0013701952, "4": 0.2323202641}}}