{"source_schema": "Medina_2019", "source_taxonomy": "M-PCP1-T2", "target_schema": "SARA_v1.0", "target_taxonomy": "MR-DNO-H1-3", "source_damage_states": [0, 1, 2, 3, 4], "target_damage_states": [0, 1, 2, 3, 4], "conv_matrix": {"0": {"0": 0.1666805786, "1": 0.0, "2": 2.613408697e-16, "3": 3.135544133e-24, "4": 3.027346814e-34}, "1": {"0": 0.0, "1": 0.999931887, "2": 6.98416e-05, "3": 0.100667695, "4": 0.0143994787}, "2": {"0": 0.8213156331, "1": 6.71335e-05, "2": 0.9984778278, "3": 0.6754347442, "4": 0.146310204}, "3": {"0": 0.0120037879, "1": 9.794e-07, "2": 0.0014523305, "3": 0.2225422592, "4": 0.6073125357}, "4": {"0": 4e-10, "1": 0.0, "2": 1e-10, "3": 0.0013553016, "4": 0.2319777816}}}