{
    "source_schema": "Medina_2019",
    "source_taxonomy": "M-PCP1-T2",
    "target_schema": "SARA_v1.0",
    "target_taxonomy": "MCF-DNO-H1-3",
    "source_damage_states": [
        0,
        1,
        2,
        3,
        4
    ],
    "target_damage_states": [
        0,
        1,
        2,
        3,
        4
    ],
    "conv_matrix": {
        "0": {
            "0": 1.0,
            "1": 1.105342453e-25,
            "2": 0.0,
            "3": 6.999760375e-109,
            "4": 2.022122252e-143
        },
        "1": {
            "0": 2.586194306e-22,
            "1": 0.4466200714,
            "2": 0.0488305005,
            "3": 1.2e-09,
            "4": 6.82e-08
        },
        "2": {
            "0": 4.667708548e-57,
            "1": 0.5388662705,
            "2": 0.8393885373,
            "3": 0.5531331416,
            "4": 0.3958030619
        },
        "3": {
            "0": 0.0,
            "1": 0.0138504067,
            "2": 0.0790795841,
            "3": 0.1179670208,
            "4": 0.0390696073
        },
        "4": {
            "0": 1.198667774e-159,
            "1": 0.0006632514,
            "2": 0.032701378,
            "3": 0.3288998365,
            "4": 0.5651272626
        }
    }
}