{"source_schema": "Medina_2019", "source_taxonomy": "M-PCP1-T2", "target_schema": "SARA_v1.0", "target_taxonomy": "CR-LFLS-DNO-H1-3", "source_damage_states": [0, 1, 2, 3, 4], "target_damage_states": [0, 1, 2, 3, 4], "conv_matrix": {"0": {"0": 0.3333611573, "1": 0.0966108364, "2": 0.2199443797, "3": 1.74818e-05, "4": 0.0}, "1": {"0": 0.1666805786, "1": 0.8787189404, "2": 0.6663759209, "3": 0.3791352944, "4": 0.0070760471}, "2": {"0": 0.0, "1": 0.0245089255, "2": 0.1043603562, "3": 0.3037008789, "4": 0.1176488561}, "3": {"0": 0.3333611303, "1": 0.0001612545, "2": 0.0093193554, "3": 0.3026710078, "4": 0.4951897534}, "4": {"0": 0.1665971338, "1": 4.35e-08, "2": 0.0, "3": 0.0144753371, "4": 0.3800853432}}}