{"source_schema": "Medina_2019", "source_taxonomy": "M-PCP3", "target_schema": "SARA_v1.0", "target_taxonomy": "W-WLI-H1-3", "source_damage_states": [0, 1, 2, 3, 4], "target_damage_states": [0, 1, 2, 3, 4], "conv_matrix": {"0": {"0": 0.1666791727, "1": 1e-10, "2": 0.0, "3": 2.849776848e-24, "4": 2.725543773e-34}, "1": {"0": 0.0, "1": 0.0, "2": 0.3394848251, "3": 0.0258012464, "4": 6.7231e-06}, "2": {"0": 0.0, "1": 0.0, "2": 0.0, "3": 0.0485139066, "4": 0.0086105363}, "3": {"0": 0.8332808467, "1": 0.9999998915, "2": 0.660104922, "3": 0.9041346336, "4": 0.6290788977}, "4": {"0": 3.99806e-05, "1": 1.084e-07, "2": 0.000410253, "3": 0.0215502134, "4": 0.3623038429}}}