{"source_schema": "Medina_2019", "source_taxonomy": "M-PCP3", "target_schema": "SARA_v1.0", "target_taxonomy": "CR-LFM-DNO-H4-7", "source_damage_states": [0, 1, 2, 3, 4], "target_damage_states": [0, 1, 2, 3, 4], "conv_matrix": {"0": {"0": 0.3333583467, "1": 0.0304885059, "2": 0.0, "3": 0.0, "4": 2.94233111e-24}, "1": {"0": 0.333358348, "1": 0.9695109867, "2": 0.9857680197, "3": 0.5506782173, "4": 0.0695387547}, "2": {"0": 0.0, "1": 0.0, "2": 0.0, "3": 0.1987040061, "4": 0.0954675527}, "3": {"0": 0.1666791498, "1": 5.074e-07, "2": 0.0142319775, "3": 0.2405699062, "4": 0.482192717}, "4": {"0": 0.1666041555, "1": 0.0, "2": 2.8e-09, "3": 0.0100478748, "4": 0.3528009757}}}