{"source_schema": "Medina_2019", "source_taxonomy": "M-PCP1-T1", "target_schema": "SARA_v1.0", "target_taxonomy": "MCF-DNO-H1-3", "source_damage_states": [0, 1, 2, 3, 4], "target_damage_states": [0, 1, 2, 3, 4], "conv_matrix": {"0": {"0": 0.2001916142, "1": 0.0, "2": 0.0, "3": 4.074064542e-19, "4": 1.309187753e-30}, "1": {"0": 0.0, "1": 0.9999898121, "2": 0.0001759257, "3": 0.072140985, "4": 0.0054738796}, "2": {"0": 0.7995232785, "1": 1.01779e-05, "2": 0.9997665127, "3": 0.4747577027, "4": 0.0600166873}, "3": {"0": 0.0002851073, "1": 1e-08, "2": 5.75616e-05, "3": 0.3679928121, "4": 0.5952885745}, "4": {"0": 0.0, "1": 2.060720331e-17, "2": 0.0, "3": 0.0851085003, "4": 0.3392208587}}}