{
    "source_schema": "Medina_2019",
    "source_taxonomy": "M-PCP1-T2",
    "target_schema": "SARA_v1.0",
    "target_taxonomy": "CR-LWAL-DUC-H4-7",
    "source_damage_states": [
        0,
        1,
        2,
        3,
        4
    ],
    "target_damage_states": [
        0,
        1,
        2,
        3,
        4
    ],
    "conv_matrix": {
        "0": {
            "0": 1.0,
            "1": 1.105342453e-25,
            "2": 0.0,
            "3": 6.999760375e-109,
            "4": 2.022122252e-143
        },
        "1": {
            "0": 6.857125076e-23,
            "1": 0.4013496078,
            "2": 0.0462113404,
            "3": 3e-10,
            "4": 8.608164537e-23
        },
        "2": {
            "0": 1.237610832e-57,
            "1": 0.2728092631,
            "2": 0.3256660932,
            "3": 0.0454255213,
            "4": 3e-10
        },
        "3": {
            "0": 4.000059437e-62,
            "1": 0.3224151091,
            "2": 0.6113454433,
            "3": 0.7941011233,
            "4": 0.6734113031
        },
        "4": {
            "0": 1.766952102e-76,
            "1": 0.00342602,
            "2": 0.0167771231,
            "3": 0.1604733551,
            "4": 0.3265886966
        }
    }
}