{
    "source_schema": "Medina_2019",
    "source_taxonomy": "M-MP",
    "target_schema": "SARA_v1.0",
    "target_taxonomy": "CR-LDUAL-DUC-H8-19",
    "source_damage_states": [
        0,
        1,
        2,
        3,
        4
    ],
    "target_damage_states": [
        0,
        1,
        2,
        3,
        4
    ],
    "conv_matrix": {
        "0": {
            "0": 1.0,
            "1": 2.022594818e-24,
            "2": 1.34340399e-61,
            "3": 2.294338899e-111,
            "4": 1.758997976e-173
        },
        "1": {
            "0": 9.767301394e-23,
            "1": 0.313495105,
            "2": 0.000566761,
            "3": 3.935039372e-18,
            "4": 8.943112297e-44
        },
        "2": {
            "0": 4.669647408e-47,
            "1": 0.1966814586,
            "2": 0.0575696058,
            "3": 0.0003346565,
            "4": 2.763922722e-27
        },
        "3": {
            "0": 8.347528176e-55,
            "1": 0.4898234365,
            "2": 0.9418636332,
            "3": 0.9934993981,
            "4": 0.3492566791
        },
        "4": {
            "0": 2.002359076e-172,
            "1": 6.533351373e-29,
            "2": 0.0,
            "3": 0.0061659454,
            "4": 0.6507433209
        }
    }
}