{"source_schema": "Medina_2019", "source_taxonomy": "M-PCP2", "target_schema": "SARA_v1.0", "target_taxonomy": "S-LFM-H4-7", "source_damage_states": [0, 1, 2, 3, 4], "target_damage_states": [0, 1, 2, 3, 4], "conv_matrix": {"0": {"0": 0.1666805786, "1": 0.0, "2": 2.613408697e-16, "3": 3.135544133e-24, "4": 3.027346814e-34}, "1": {"0": 0.0, "1": 0.3130012998, "2": 2.1862e-05, "3": 0.0254911094, "4": 6.6675e-06}, "2": {"0": 0.0, "1": 0.0, "2": 0.3572390157, "3": 0.1733490301, "4": 0.1460949354}, "3": {"0": 0.8333194213, "1": 0.6869987001, "2": 0.6427391223, "3": 0.8010388712, "4": 0.6577270944}, "4": {"0": 0.0, "1": 0.0, "2": 0.0, "3": 0.0001209893, "4": 0.1961713027}}}