{
    "source_schema": "Medina_2019",
    "source_taxonomy": "M-MP",
    "target_schema": "SARA_v1.0",
    "target_taxonomy": "W-WHE-H1-3",
    "source_damage_states": [
        0,
        1,
        2,
        3,
        4
    ],
    "target_damage_states": [
        0,
        1,
        2,
        3,
        4
    ],
    "conv_matrix": {
        "0": {
            "0": 1.0,
            "1": 2.022594818e-24,
            "2": 1.34340399e-61,
            "3": 2.294338899e-111,
            "4": 1.758997976e-173
        },
        "1": {
            "0": 9.767301394e-23,
            "1": 0.3091201846,
            "2": 0.0024276659,
            "3": 2e-10,
            "4": 1.355175193e-36
        },
        "2": {
            "0": 4.669647408e-47,
            "1": 0.2089282764,
            "2": 0.0525833195,
            "3": 5e-10,
            "4": 1.081260145e-35
        },
        "3": {
            "0": 8.347528176e-55,
            "1": 0.4819515389,
            "2": 0.9449889197,
            "3": 0.9697014482,
            "4": 0.6748766942
        },
        "4": {
            "0": 3.387787734e-182,
            "1": 4.831775072e-22,
            "2": 9.5e-08,
            "3": 0.0302985511,
            "4": 0.3251233058
        }
    }
}