{"source_schema": "Medina_2019", "source_taxonomy": "M-MP", "target_schema": "SARA_v1.0", "target_taxonomy": "W-WWD-H1-2", "source_damage_states": [0, 1, 2, 3, 4], "target_damage_states": [0, 1, 2, 3, 4], "conv_matrix": {"0": {"0": 0.1747976034, "1": 0.0, "2": 8.434087396e-16, "3": 1.870409273e-21, "4": 2.859784974e-31}, "1": {"0": 0.0, "1": 0.0, "2": 0.1304677757, "3": 0.0277596921, "4": 8.534e-07}, "2": {"0": 0.0, "1": 0.0, "2": 0.002559924, "3": 0.0419955851, "4": 0.0003556418}, "3": {"0": 0.8251719377, "1": 1.0, "2": 0.8669720636, "3": 0.8741852455, "4": 0.5636380168}, "4": {"0": 3.04588e-05, "1": 0.0, "2": 2.367e-07, "3": 0.0560594774, "4": 0.436005488}}}