{"source_schema": "Medina_2019", "source_taxonomy": "M-PCP1-T1", "target_schema": "SARA_v1.0", "target_taxonomy": "ER-ETR-H1-2", "source_damage_states": [0, 1, 2, 3, 4], "target_damage_states": [0, 1, 2, 3, 4], "conv_matrix": {"0": {"0": 0.2001916142, "1": 0.0, "2": 0.0, "3": 4.074064542e-19, "4": 1.309187753e-30}, "1": {"0": 0.0, "1": 0.3376863497, "2": 5.94083e-05, "3": 0.0092194552, "4": 3.644e-07}, "2": {"0": 0.7995232785, "1": 0.662304129, "2": 0.9998830284, "3": 0.535933429, "4": 0.0653854905}, "3": {"0": 0.0002851073, "1": 9.5213e-06, "2": 5.75633e-05, "3": 0.36973857, "4": 0.5953932839}, "4": {"0": 0.0, "1": 0.0, "2": 0.0, "3": 0.0851085458, "4": 0.3392208612}}}