{
    "source_schema": "Medina_2019",
    "source_taxonomy": "M-PCP2",
    "target_schema": "SARA_v1.0",
    "target_taxonomy": "ER-ETR-H1-2",
    "source_damage_states": [
        0,
        1,
        2,
        3,
        4
    ],
    "target_damage_states": [
        0,
        1,
        2,
        3,
        4
    ],
    "conv_matrix": {
        "0": {
            "0": 1.0,
            "1": 1.118555947e-25,
            "2": 0.0,
            "3": 1.387036793e-105,
            "4": 1.817716305e-91
        },
        "1": {
            "0": 1.764521023e-22,
            "1": 0.5296273767,
            "2": 0.0606881227,
            "3": 1.4e-09,
            "4": 0.0005725271
        },
        "2": {
            "0": 3.184705073e-57,
            "1": 0.4074653092,
            "2": 0.4239186439,
            "3": 0.2342884534,
            "4": 0.0711049713
        },
        "3": {
            "0": 2.292911119e-73,
            "1": 0.0627982124,
            "2": 0.5145110717,
            "3": 0.7656887737,
            "4": 0.6723034728
        },
        "4": {
            "0": 8.178314813e-160,
            "1": 0.0001091017,
            "2": 0.0008821617,
            "3": 2.27715e-05,
            "4": 0.2560190288
        }
    }
}