{
    "source_schema": "Medina_2019",
    "source_taxonomy": "M-PCP2",
    "target_schema": "SARA_v1.0",
    "target_taxonomy": "CR-LFINF-DUC-H4-7",
    "source_damage_states": [
        0,
        1,
        2,
        3,
        4
    ],
    "target_damage_states": [
        0,
        1,
        2,
        3,
        4
    ],
    "conv_matrix": {
        "0": {
            "0": 1.0,
            "1": 1.118555947e-25,
            "2": 0.0,
            "3": 1.387036793e-105,
            "4": 1.817716305e-91
        },
        "1": {
            "0": 7.984175731e-23,
            "1": 0.4879843706,
            "2": 0.0583730564,
            "3": 2e-10,
            "4": 2.5e-08
        },
        "2": {
            "0": 1.441027152e-57,
            "1": 0.2917900615,
            "2": 0.4076006501,
            "3": 0.1477961503,
            "4": 0.0089138002
        },
        "3": {
            "0": 4.657517273e-62,
            "1": 0.2164772397,
            "2": 0.534020948,
            "3": 0.7040407798,
            "4": 0.8273585242
        },
        "4": {
            "0": 9.791198598e-80,
            "1": 0.0037483282,
            "2": 5.3454e-06,
            "3": 0.1481630696,
            "4": 0.1637276506
        }
    }
}