{
    "source_schema": "Medina_2019",
    "source_taxonomy": "M-PN",
    "target_schema": "SARA_v1.0",
    "target_taxonomy": "S-LFM-H4-7",
    "source_damage_states": [
        0,
        1,
        2,
        3,
        4
    ],
    "target_damage_states": [
        0,
        1,
        2,
        3,
        4
    ],
    "conv_matrix": {
        "0": {
            "0": 1.0,
            "1": 1.00773157e-24,
            "2": 2.745742305e-55,
            "3": 6.240667192e-119,
            "4": 2.974716953e-143
        },
        "1": {
            "0": 1.068044827e-22,
            "1": 0.508700181,
            "2": 0.0187214728,
            "3": 1.691078576e-22,
            "4": 4.09535867e-30
        },
        "2": {
            "0": 5.106213901e-47,
            "1": 0.2381434827,
            "2": 0.0952122208,
            "3": 1.22e-08,
            "4": 1.725208746e-24
        },
        "3": {
            "0": 9.127940332e-55,
            "1": 0.252538321,
            "2": 0.8674825641,
            "3": 0.8436710886,
            "4": 0.3961226561
        },
        "4": {
            "0": 2.752150873e-76,
            "1": 0.0006180152,
            "2": 0.0185837423,
            "3": 0.1563288993,
            "4": 0.6038773439
        }
    }
}