{
    "source_schema": "Medina_2019",
    "source_taxonomy": "M-PN",
    "target_schema": "SARA_v1.0",
    "target_taxonomy": "CR-LFINF-DNO-H1-3",
    "source_damage_states": [
        0,
        1,
        2,
        3,
        4
    ],
    "target_damage_states": [
        0,
        1,
        2,
        3,
        4
    ],
    "conv_matrix": {
        "0": {
            "0": 1.0,
            "1": 1.00773157e-24,
            "2": 2.745742305e-55,
            "3": 6.240667192e-119,
            "4": 2.974716953e-143
        },
        "1": {
            "0": 4.412911897e-21,
            "1": 0.6971388418,
            "2": 0.2430223158,
            "3": 0.0034111414,
            "4": 0.0514280603
        },
        "2": {
            "0": 1.158399424e-51,
            "1": 0.2515744816,
            "2": 0.3355040476,
            "3": 0.0653558467,
            "4": 0.0738058244
        },
        "3": {
            "0": 5.502238733e-87,
            "1": 0.048812699,
            "2": 0.3009883089,
            "3": 0.5821090217,
            "4": 0.2779837412
        },
        "4": {
            "0": 8.998878942e-118,
            "1": 0.0024739776,
            "2": 0.1204853276,
            "3": 0.3491239902,
            "4": 0.5967823741
        }
    }
}