{"source_schema": "Medina_2019", "source_taxonomy": "M-PCP3", "target_schema": "SARA_v1.0", "target_taxonomy": "UNK", "source_damage_states": [0, 1, 2, 3, 4], "target_damage_states": [0, 1, 2, 3, 4], "conv_matrix": {"0": {"0": 0.1666791727, "1": 1e-10, "2": 0.0, "3": 2.849776848e-24, "4": 2.725543773e-34}, "1": {"0": 0.4983102707, "1": 0.3778686213, "2": 0.1893641884, "3": 0.0226295435, "4": 1.651e-07}, "2": {"0": 0.0045991344, "1": 0.3241365179, "2": 0.5786842854, "3": 0.0887533561, "4": 8.87981e-05}, "3": {"0": 0.3304111438, "1": 0.297993135, "2": 0.2319476753, "3": 0.8729504569, "4": 0.6838878143}, "4": {"0": 2.785e-07, "1": 1.7257e-06, "2": 3.8509e-06, "3": 0.0156666435, "4": 0.3160232225}}}