{"source_schema": "Medina_2019", "source_taxonomy": "M-MP", "target_schema": "SARA_v1.0", "target_taxonomy": "W-WBB-H1", "source_damage_states": [0, 1, 2, 3, 4], "target_damage_states": [0, 1, 2, 3, 4], "conv_matrix": {"0": {"0": 0.1747976034, "1": 0.0, "2": 8.434087396e-16, "3": 1.870409273e-21, "4": 2.859784974e-31}, "1": {"0": 0.0, "1": 0.0, "2": 0.1304677757, "3": 0.027766509, "4": 8.538e-07}, "2": {"0": 0.0, "1": 0.0, "2": 0.3569910509, "3": 0.1492106671, "4": 0.095513634}, "3": {"0": 0.8251719377, "1": 1.0, "2": 0.5125409399, "3": 0.7670089518, "4": 0.4699124004}, "4": {"0": 3.04588e-05, "1": 0.0, "2": 2.336e-07, "3": 0.0560138721, "4": 0.4345731117}}}