{
    "source_schema": "Medina_2019",
    "source_taxonomy": "M-PN",
    "target_schema": "SARA_v1.0",
    "target_taxonomy": "CR-LDUAL-DUC-H4-7",
    "source_damage_states": [
        0,
        1,
        2,
        3,
        4
    ],
    "target_damage_states": [
        0,
        1,
        2,
        3,
        4
    ],
    "conv_matrix": {
        "0": {
            "0": 1.0,
            "1": 1.00773157e-24,
            "2": 2.745742305e-55,
            "3": 6.240667192e-119,
            "4": 2.974716953e-143
        },
        "1": {
            "0": 7.739444971e-23,
            "1": 0.6557139399,
            "2": 0.0211295123,
            "3": 9.724564667e-20,
            "4": 3.084634347e-28
        },
        "2": {
            "0": 1.396856791e-57,
            "1": 0.1224153783,
            "2": 0.1899910045,
            "3": 2.5529e-06,
            "4": 0.0
        },
        "3": {
            "0": 4.514755137e-62,
            "1": 0.2218706818,
            "2": 0.7888794832,
            "3": 0.9999973985,
            "4": 0.9621675607
        },
        "4": {
            "0": 4.828411606e-266,
            "1": 2.824125688e-71,
            "2": 6.144587817e-36,
            "3": 4.86e-08,
            "4": 0.0378324393
        }
    }
}