{"source_schema": "Medina_2019", "source_taxonomy": "M-PCP3", "target_schema": "SARA_v1.0", "target_taxonomy": "CR-LFM-DNO-SOS-H1-3", "source_damage_states": [0, 1, 2, 3, 4], "target_damage_states": [0, 1, 2, 3, 4], "conv_matrix": {"0": {"0": 0.3333583467, "1": 0.2123227951, "2": 0.0018828756, "3": 0.003094987, "4": 1e-10}, "1": {"0": 0.166679174, "1": 0.7833945496, "2": 0.7773932691, "3": 0.3938127641, "4": 0.0071543808}, "2": {"0": 0.0, "1": 0.0042682485, "2": 0.0404011302, "3": 0.2911045693, "4": 0.1142065072}, "3": {"0": 0.3333583238, "1": 1.44088e-05, "2": 0.1283143277, "3": 0.2994766321, "4": 0.4991317967}, "4": {"0": 0.1666041555, "1": 0.0, "2": 0.0520083975, "3": 0.0125110446, "4": 0.3795073152}}}