{"source_schema": "Medina_2019", "source_taxonomy": "M-PCP3", "target_schema": "SARA_v1.0", "target_taxonomy": "CR-LFM-DUC-H1-3", "source_damage_states": [0, 1, 2, 3, 4], "target_damage_states": [0, 1, 2, 3, 4], "conv_matrix": {"0": {"0": 0.1666791727, "1": 1e-10, "2": 0.0, "3": 2.849776848e-24, "4": 2.725543773e-34}, "1": {"0": 0.0, "1": 0.2749818138, "2": 0.9999862203, "3": 0.0697427837, "4": 0.0107459601}, "2": {"0": 0.0, "1": 0.2237123854, "2": 0.0, "3": 0.1826785546, "4": 0.1461761188}, "3": {"0": 0.8332808467, "1": 0.5013056924, "2": 1.3767e-05, "3": 0.7265712389, "4": 0.4871400854}, "4": {"0": 3.99806e-05, "1": 1.083e-07, "2": 1.27e-08, "3": 0.0210074228, "4": 0.3559378358}}}