{
    "source_schema": "Medina_2019",
    "source_taxonomy": "M-MP",
    "target_schema": "SARA_v1.0",
    "target_taxonomy": "CR-LFINF-DUC-H1-3",
    "source_damage_states": [
        0,
        1,
        2,
        3,
        4
    ],
    "target_damage_states": [
        0,
        1,
        2,
        3,
        4
    ],
    "conv_matrix": {
        "0": {
            "0": 1.0,
            "1": 2.022594818e-24,
            "2": 1.34340399e-61,
            "3": 2.294338899e-111,
            "4": 1.758997976e-173
        },
        "1": {
            "0": 6.929385748e-23,
            "1": 0.3043524945,
            "2": 0.0009681306,
            "3": 1e-10,
            "4": 7.299308577e-37
        },
        "2": {
            "0": 5.874495294e-50,
            "1": 0.3224817774,
            "2": 0.1327086548,
            "3": 0.00339779,
            "4": 7.716411649e-19
        },
        "3": {
            "0": 1.164246492e-55,
            "1": 0.3731657281,
            "2": 0.8663232146,
            "3": 0.9912659705,
            "4": 0.8058874196
        },
        "4": {
            "0": 3.223386972e-224,
            "1": 5.861850391e-39,
            "2": 0.0,
            "3": 0.0053362394,
            "4": 0.1941125804
        }
    }
}