{
    "source_schema": "Medina_2019",
    "source_taxonomy": "M-PCP1-T2",
    "target_schema": "SARA_v1.0",
    "target_taxonomy": "CR-LFM-DNO-H4-7",
    "source_damage_states": [
        0,
        1,
        2,
        3,
        4
    ],
    "target_damage_states": [
        0,
        1,
        2,
        3,
        4
    ],
    "conv_matrix": {
        "0": {
            "0": 1.0,
            "1": 1.105342453e-25,
            "2": 0.0,
            "3": 6.999760375e-109,
            "4": 2.022122252e-143
        },
        "1": {
            "0": 2.620121863e-22,
            "1": 0.1472397049,
            "2": 0.007073312,
            "3": 6.750068236e-16,
            "4": 9.226415386e-31
        },
        "2": {
            "0": 4.728942987e-57,
            "1": 0.0248290787,
            "2": 0.0704009808,
            "3": 0.0042812237,
            "4": 8.976157426e-17
        },
        "3": {
            "0": 5.081595808e-79,
            "1": 9.95e-08,
            "2": 0.0253099362,
            "3": 0.0103134914,
            "4": 4.093e-07
        },
        "4": {
            "0": 4.322021622e-26,
            "1": 0.8279311168,
            "2": 0.897215771,
            "3": 0.9854052849,
            "4": 0.9999995907
        }
    }
}