{"source_schema": "Medina_2019", "source_taxonomy": "M-PCP1-T2", "target_schema": "SARA_v1.0", "target_taxonomy": "CR-LDUAL-DUC-H4-7", "source_damage_states": [0, 1, 2, 3, 4], "target_damage_states": [0, 1, 2, 3, 4], "conv_matrix": {"0": {"0": 0.1666805786, "1": 0.0, "2": 2.613408697e-16, "3": 3.135544133e-24, "4": 3.027346814e-34}, "1": {"0": 0.0, "1": 0.9999999527, "2": 6.98464e-05, "3": 0.0815272324, "4": 0.006779683}, "2": {"0": 0.0, "1": 0.0, "2": 0.3572390156, "3": 0.1733474654, "4": 0.1502202204}, "3": {"0": 0.8333194128, "1": 4.73e-08, "2": 0.6426911359, "3": 0.7435462589, "4": 0.5767606934}, "4": {"0": 8.6e-09, "1": 0.0, "2": 2.1e-09, "3": 0.0015790433, "4": 0.2662394032}}}