{"source_schema": "Medina_2019", "source_taxonomy": "M-PCP1-T2", "target_schema": "SARA_v1.0", "target_taxonomy": "CR-PC-LWAL-DUC-H1-3", "source_damage_states": [0, 1, 2, 3, 4], "target_damage_states": [0, 1, 2, 3, 4], "conv_matrix": {"0": {"0": 0.1666805786, "1": 0.0, "2": 2.613408697e-16, "3": 3.135544133e-24, "4": 3.027346814e-34}, "1": {"0": 0.0, "1": 0.1862365093, "2": 1.30079e-05, "3": 0.0375623479, "4": 0.0011706346}, "2": {"0": 0.0, "1": 0.0, "2": 1.60064e-05, "3": 0.0314603361, "4": 0.0285619249}, "3": {"0": 0.1666805517, "1": 0.0001612545, "2": 1.71e-08, "3": 0.0675818988, "4": 0.3158098113}, "4": {"0": 0.6666388697, "1": 0.8136022362, "2": 0.9999709686, "3": 0.8633954172, "4": 0.6544576292}}}