{
    "source_schema": "Medina_2019",
    "source_taxonomy": "M-PCP2",
    "target_schema": "SARA_v1.0",
    "target_taxonomy": "W-WS-H1-2",
    "source_damage_states": [
        0,
        1,
        2,
        3,
        4
    ],
    "target_damage_states": [
        0,
        1,
        2,
        3,
        4
    ],
    "conv_matrix": {
        "0": {
            "0": 1.0,
            "1": 1.118555947e-25,
            "2": 0.0,
            "3": 1.387036793e-105,
            "4": 1.817716305e-91
        },
        "1": {
            "0": 9.767301394e-23,
            "1": 0.3811732209,
            "2": 0.0581007942,
            "3": 5e-10,
            "4": 5e-10
        },
        "2": {
            "0": 4.669647408e-47,
            "1": 0.3040264459,
            "2": 0.2121232293,
            "3": 0.0527789523,
            "4": 0.0006100243
        },
        "3": {
            "0": 8.347528176e-55,
            "1": 0.3148003332,
            "2": 0.7297759766,
            "3": 0.9472210472,
            "4": 0.9592324636
        },
        "4": {
            "0": 3.387787734e-182,
            "1": 8.851099983e-41,
            "2": 4.93853079e-22,
            "3": 0.0,
            "4": 0.0401575117
        }
    }
}