{"source_schema": "Medina_2019", "source_taxonomy": "M-MP", "target_schema": "SARA_v1.0", "target_taxonomy": "CR-LFM-DNO-H4-7", "source_damage_states": [0, 1, 2, 3, 4], "target_damage_states": [0, 1, 2, 3, 4], "conv_matrix": {"0": {"0": 0.3495952069, "1": 0.0, "2": 0.0433623824, "3": 1.909e-07, "4": 1.620746799e-16}, "1": {"0": 0.3495951995, "1": 1.0, "2": 0.9539600137, "3": 0.4828375941, "4": 0.0484478393}, "2": {"0": 0.0, "1": 0.0, "2": 0.0026774363, "3": 0.1952942882, "4": 0.0365910747}, "3": {"0": 0.1747756166, "1": 0.0, "2": 1.676e-07, "3": 0.3086891246, "4": 0.4137633461}, "4": {"0": 0.126033977, "1": 0.0, "2": 0.0, "3": 0.0131788055, "4": 0.50119774}}}