{
    "source_schema": "Medina_2019",
    "source_taxonomy": "M-MP",
    "target_schema": "SARA_v1.0",
    "target_taxonomy": "CR-LFLS-DNO-H1-3",
    "source_damage_states": [
        0,
        1,
        2,
        3,
        4
    ],
    "target_damage_states": [
        0,
        1,
        2,
        3,
        4
    ],
    "conv_matrix": {
        "0": {
            "0": 1.0,
            "1": 2.022594818e-24,
            "2": 1.34340399e-61,
            "3": 2.294338899e-111,
            "4": 1.758997976e-173
        },
        "1": {
            "0": 1.764521023e-22,
            "1": 0.4229022691,
            "2": 0.0050563321,
            "3": 3.7e-09,
            "4": 8.848247747e-35
        },
        "2": {
            "0": 3.184705073e-57,
            "1": 0.3148844364,
            "2": 0.2234868932,
            "3": 0.002276652,
            "4": 0.0
        },
        "3": {
            "0": 2.292911119e-73,
            "1": 0.2483492288,
            "2": 0.6345916629,
            "3": 0.7742249342,
            "4": 0.3344968634
        },
        "4": {
            "0": 8.178314813e-160,
            "1": 0.0138640658,
            "2": 0.1368651117,
            "3": 0.22349841,
            "4": 0.6655031366
        }
    }
}