{
    "source_schema": "Medina_2019",
    "source_taxonomy": "M-MP",
    "target_schema": "SARA_v1.0",
    "target_taxonomy": "CR-LFM-DNO-SOS-H1-3",
    "source_damage_states": [
        0,
        1,
        2,
        3,
        4
    ],
    "target_damage_states": [
        0,
        1,
        2,
        3,
        4
    ],
    "conv_matrix": {
        "0": {
            "0": 1.0,
            "1": 2.022594818e-24,
            "2": 1.34340399e-61,
            "3": 2.294338899e-111,
            "4": 1.758997976e-173
        },
        "1": {
            "0": 1.367009317e-22,
            "1": 0.4164280175,
            "2": 0.0062204658,
            "3": 8.92e-08,
            "4": 5.197578968e-31
        },
        "2": {
            "0": 2.467253339e-57,
            "1": 0.3105304917,
            "2": 0.2934122588,
            "3": 0.0085698396,
            "4": 0.0
        },
        "3": {
            "0": 2.651243711e-79,
            "1": 0.0512432259,
            "2": 0.3172181441,
            "3": 0.4375606264,
            "4": 0.044029454
        },
        "4": {
            "0": 5.461078488e-107,
            "1": 0.2217982649,
            "2": 0.3831491313,
            "3": 0.5538694448,
            "4": 0.9559705459
        }
    }
}