{
    "source_schema": "Medina_2019",
    "source_taxonomy": "M-PCP3",
    "target_schema": "SARA_v1.0",
    "target_taxonomy": "CR-LFM-DNO-H4-7",
    "source_damage_states": [
        0,
        1,
        2,
        3,
        4
    ],
    "target_damage_states": [
        0,
        1,
        2,
        3,
        4
    ],
    "conv_matrix": {
        "0": {
            "0": 1.0,
            "1": 1.32244881e-25,
            "2": 0.0,
            "3": 1.216929021e-91,
            "4": 1.519627607e-89
        },
        "1": {
            "0": 2.620121863e-22,
            "1": 0.1809406627,
            "2": 0.0158134129,
            "3": 2e-10,
            "4": 4.13096385e-19
        },
        "2": {
            "0": 4.728942987e-57,
            "1": 0.0231402093,
            "2": 0.0908993426,
            "3": 0.020665845,
            "4": 3.37201e-05
        },
        "3": {
            "0": 5.081595808e-79,
            "1": 7.27e-08,
            "2": 0.0184408003,
            "3": 0.0223054974,
            "4": 0.0034190995
        },
        "4": {
            "0": 4.322021622e-26,
            "1": 0.7959190554,
            "2": 0.8748464441,
            "3": 0.9570286574,
            "4": 0.9965471804
        }
    }
}