{"source_schema": "Medina_2019", "source_taxonomy": "M-PCP1-T1", "target_schema": "SARA_v1.0", "target_taxonomy": "CR-LWAL-DUC-H8-19", "source_damage_states": [0, 1, 2, 3, 4], "target_damage_states": [0, 1, 2, 3, 4], "conv_matrix": {"0": {"0": 0.2001916142, "1": 0.0, "2": 0.0, "3": 4.074064542e-19, "4": 1.309187753e-30}, "1": {"0": 0.0, "1": 0.9999999992, "2": 0.0001759275, "3": 0.0579986397, "4": 0.0017887747}, "2": {"0": 0.0, "1": 0.0, "2": 0.5290452579, "3": 0.165018564, "4": 0.1372911952}, "3": {"0": 0.7998083857, "1": 8e-10, "2": 0.4707788145, "3": 0.6808980659, "4": 0.4492452221}, "4": {"0": 2e-10, "1": 7.587366957e-18, "2": 1e-10, "3": 0.0960847304, "4": 0.411674808}}}