{
    "source_schema": "Medina_2019",
    "source_taxonomy": "M-PN",
    "target_schema": "SARA_v1.0",
    "target_taxonomy": "CR-LFLS-DUC-H4-7",
    "source_damage_states": [
        0,
        1,
        2,
        3,
        4
    ],
    "target_damage_states": [
        0,
        1,
        2,
        3,
        4
    ],
    "conv_matrix": {
        "0": {
            "0": 1.0,
            "1": 1.00773157e-24,
            "2": 2.745742305e-55,
            "3": 6.240667192e-119,
            "4": 2.974716953e-143
        },
        "1": {
            "0": 4.436073455e-22,
            "1": 0.6227623079,
            "2": 0.0830289677,
            "3": 5.102e-07,
            "4": 0.0007785881
        },
        "2": {
            "0": 4.793801603e-52,
            "1": 0.1543247971,
            "2": 0.2403956895,
            "3": 0.0140552053,
            "4": 0.0345969962
        },
        "3": {
            "0": 2.406046441e-58,
            "1": 0.2229128949,
            "2": 0.6765753428,
            "3": 0.9822144774,
            "4": 0.902898717
        },
        "4": {
            "0": 5.01266445e-224,
            "1": 1.235736965e-47,
            "2": 2.397747079e-22,
            "3": 0.0037298071,
            "4": 0.0617256987
        }
    }
}