{"source_schema": "Medina_2019", "source_taxonomy": "M-MP", "target_schema": "SARA_v1.0", "target_taxonomy": "MR-DNO-H1-3", "source_damage_states": [0, 1, 2, 3, 4], "target_damage_states": [0, 1, 2, 3, 4], "conv_matrix": {"0": {"0": 0.1747976034, "1": 0.0, "2": 8.434087396e-16, "3": 1.870409273e-21, "4": 2.859784974e-31}, "1": {"0": 0.0, "1": 0.9999935615, "2": 0.1340247508, "3": 0.0942734832, "4": 0.018479893}, "2": {"0": 0.8160523621, "1": 6.4385e-06, "2": 0.8658847734, "3": 0.579396917, "4": 0.1129265144}, "3": {"0": 0.0091500341, "1": 0.0, "2": 9.04757e-05, "3": 0.3119194077, "4": 0.5613239513}, "4": {"0": 3e-10, "1": 1.623818342e-25, "2": 0.0, "3": 0.014410192, "4": 0.3072696413}}}