{"source_schema": "Medina_2019", "source_taxonomy": "M-MP", "target_schema": "SARA_v1.0", "target_taxonomy": "CR-LFM-DNO-SOS-H4-7", "source_damage_states": [0, 1, 2, 3, 4], "target_damage_states": [0, 1, 2, 3, 4], "conv_matrix": {"0": {"0": 0.3495952069, "1": 0.1846610373, "2": 0.2509308369, "3": 0.0005019291, "4": 0.0}, "1": {"0": 0.1747976034, "1": 0.8153389627, "2": 0.6998666713, "3": 0.3221148898, "4": 0.0002065356}, "2": {"0": 0.0, "1": 0.0, "2": 0.0491999612, "3": 0.2949593645, "4": 0.0414242654}, "3": {"0": 0.3495732126, "1": 0.0, "2": 2.5404e-06, "3": 0.365591495, "4": 0.4170620143}, "4": {"0": 0.126033977, "1": 0.0, "2": 0.0, "3": 0.0168323218, "4": 0.5413071846}}}