{"source_schema": "Medina_2019", "source_taxonomy": "M-PCP1-T2", "target_schema": "SARA_v1.0", "target_taxonomy": "W-WHE-H1-3", "source_damage_states": [0, 1, 2, 3, 4], "target_damage_states": [0, 1, 2, 3, 4], "conv_matrix": {"0": {"0": 0.1666805786, "1": 0.0, "2": 2.613408697e-16, "3": 3.135544133e-24, "4": 3.027346814e-34}, "1": {"0": 0.0, "1": 0.3130012998, "2": 2.1862e-05, "3": 0.0254693621, "4": 6.6472e-06}, "2": {"0": 0.0, "1": 0.0, "2": 0.3572390156, "3": 0.171849182, "4": 0.0658571648}, "3": {"0": 0.8332794424, "1": 0.6869985292, "2": 0.6427345343, "3": 0.7816155242, "4": 0.57279567}, "4": {"0": 3.99789e-05, "1": 1.71e-07, "2": 4.588e-06, "3": 0.0210659317, "4": 0.3613405181}}}