{
    "source_schema": "Medina_2019",
    "source_taxonomy": "M-PN",
    "target_schema": "SARA_v1.0",
    "target_taxonomy": "CR-LFM-DNO-H4-7",
    "source_damage_states": [
        0,
        1,
        2,
        3,
        4
    ],
    "target_damage_states": [
        0,
        1,
        2,
        3,
        4
    ],
    "conv_matrix": {
        "0": {
            "0": 1.0,
            "1": 1.00773157e-24,
            "2": 2.745742305e-55,
            "3": 6.240667192e-119,
            "4": 2.974716953e-143
        },
        "1": {
            "0": 2.620121863e-22,
            "1": 0.2639350422,
            "2": 0.0005337465,
            "3": 8.443599316e-28,
            "4": 2.30485715e-49
        },
        "2": {
            "0": 4.728942987e-57,
            "1": 0.0073158678,
            "2": 0.0238905801,
            "3": 1.31e-08,
            "4": 5.167969205e-21
        },
        "3": {
            "0": 5.081595808e-79,
            "1": 0.0,
            "2": 0.0090737225,
            "3": 0.0106271574,
            "4": 0.0
        },
        "4": {
            "0": 4.322021622e-26,
            "1": 0.72874909,
            "2": 0.9665019509,
            "3": 0.9893728296,
            "4": 1.0
        }
    }
}