{"source_schema": "Medina_2019", "source_taxonomy": "M-PCP3", "target_schema": "SARA_v1.0", "target_taxonomy": "CR-LFM-DNO-SOS-H4-7", "source_damage_states": [0, 1, 2, 3, 4], "target_damage_states": [0, 1, 2, 3, 4], "conv_matrix": {"0": {"0": 0.3333583467, "1": 0.2123227951, "2": 0.0018828756, "3": 0.003094987, "4": 1e-10}, "1": {"0": 0.166679174, "1": 0.7622212041, "2": 0.7127238899, "3": 0.3762983735, "4": 0.0070760551}, "2": {"0": 0.0, "1": 0.0254415986, "2": 0.1050705097, "3": 0.3086298179, "4": 0.1178070417}, "3": {"0": 0.3333583238, "1": 1.44088e-05, "2": 0.1283143277, "3": 0.2994657774, "4": 0.4956095879}, "4": {"0": 0.1666041555, "1": 0.0, "2": 0.0520083975, "3": 0.0125110446, "4": 0.3795073152}}}