{
    "source_schema": "Medina_2019",
    "source_taxonomy": "M-PCP2",
    "target_schema": "SARA_v1.0",
    "target_taxonomy": "CR-LFM-DNO-SOS-H4-7",
    "source_damage_states": [
        0,
        1,
        2,
        3,
        4
    ],
    "target_damage_states": [
        0,
        1,
        2,
        3,
        4
    ],
    "conv_matrix": {
        "0": {
            "0": 1.0,
            "1": 1.118555947e-25,
            "2": 0.0,
            "3": 1.387036793e-105,
            "4": 1.817716305e-91
        },
        "1": {
            "0": 1.367009317e-22,
            "1": 0.5238894304,
            "2": 0.0614949863,
            "3": 1.2e-09,
            "4": 0.0007547711
        },
        "2": {
            "0": 2.467253339e-57,
            "1": 0.4165630635,
            "2": 0.535264186,
            "3": 0.2746962455,
            "4": 0.1022761968
        },
        "3": {
            "0": 2.651243711e-79,
            "1": 0.0004213468,
            "2": 0.2941471255,
            "3": 0.4099833003,
            "4": 0.3263708279
        },
        "4": {
            "0": 5.461078488e-107,
            "1": 0.0591261593,
            "2": 0.1090937022,
            "3": 0.315320453,
            "4": 0.5705982042
        }
    }
}