{"source_schema": "Medina_2019", "source_taxonomy": "M-PCP2", "target_schema": "SARA_v1.0", "target_taxonomy": "CR-LFINF-DUC-H1-3", "source_damage_states": [0, 1, 2, 3, 4], "target_damage_states": [0, 1, 2, 3, 4], "conv_matrix": {"0": {"0": 0.1666805786, "1": 0.0, "2": 2.613408697e-16, "3": 3.135544133e-24, "4": 3.027346814e-34}, "1": {"0": 0.0, "1": 1.0, "2": 6.98464e-05, "3": 0.1600956154, "4": 0.0735963034}, "2": {"0": 0.0, "1": 0.0, "2": 0.3572390157, "3": 0.1733489879, "4": 0.1457799349}, "3": {"0": 0.8333194213, "1": 0.0, "2": 0.642691138, "3": 0.6664344105, "4": 0.5844211941}, "4": {"0": 0.0, "1": 3.869029692e-20, "2": 0.0, "3": 0.0001209862, "4": 0.1962025676}}}