{
    "source_schema": "Medina_2019",
    "source_taxonomy": "M-MP",
    "target_schema": "SARA_v1.0",
    "target_taxonomy": "MCF-DNO-H1-3",
    "source_damage_states": [
        0,
        1,
        2,
        3,
        4
    ],
    "target_damage_states": [
        0,
        1,
        2,
        3,
        4
    ],
    "conv_matrix": {
        "0": {
            "0": 1.0,
            "1": 2.022594818e-24,
            "2": 1.34340399e-61,
            "3": 2.294338899e-111,
            "4": 1.758997976e-173
        },
        "1": {
            "0": 2.586194306e-22,
            "1": 0.4290305955,
            "2": 0.0062326574,
            "3": 8.93e-08,
            "4": 3.069291234e-30
        },
        "2": {
            "0": 4.667708548e-57,
            "1": 0.5076467733,
            "2": 0.6379805986,
            "3": 0.4420989479,
            "4": 0.0920598357
        },
        "3": {
            "0": 0.0,
            "1": 0.0318100603,
            "2": 0.0871828989,
            "3": 0.0971124119,
            "4": 0.0169204712
        },
        "4": {
            "0": 1.198667774e-159,
            "1": 0.031512571,
            "2": 0.268603845,
            "3": 0.4607885509,
            "4": 0.8910196931
        }
    }
}