{
    "source_schema": "Medina_2019",
    "source_taxonomy": "M-PCP2",
    "target_schema": "SARA_v1.0",
    "target_taxonomy": "CR-LFM-DNO-H4-7",
    "source_damage_states": [
        0,
        1,
        2,
        3,
        4
    ],
    "target_damage_states": [
        0,
        1,
        2,
        3,
        4
    ],
    "conv_matrix": {
        "0": {
            "0": 1.0,
            "1": 1.118555947e-25,
            "2": 0.0,
            "3": 1.387036793e-105,
            "4": 1.817716305e-91
        },
        "1": {
            "0": 2.620121863e-22,
            "1": 0.1790432012,
            "2": 0.0089709206,
            "3": 0.0,
            "4": 1.184527323e-18
        },
        "2": {
            "0": 4.728942987e-57,
            "1": 0.0261931391,
            "2": 0.0881455321,
            "3": 0.0179673195,
            "4": 3.50703e-05
        },
        "3": {
            "0": 5.081595808e-79,
            "1": 1.63e-08,
            "2": 0.0255142177,
            "3": 0.0321228811,
            "4": 0.0008346715
        },
        "4": {
            "0": 4.322021622e-26,
            "1": 0.7947636435,
            "2": 0.8773693296,
            "3": 0.9499097994,
            "4": 0.9991302582
        }
    }
}