{
    "source_schema": "Medina_2019",
    "source_taxonomy": "M-PN",
    "target_schema": "SARA_v1.0",
    "target_taxonomy": "MUR-STDRE-H1-2",
    "source_damage_states": [
        0,
        1,
        2,
        3,
        4
    ],
    "target_damage_states": [
        0,
        1,
        2,
        3,
        4
    ],
    "conv_matrix": {
        "0": {
            "0": 1.0,
            "1": 1.00773157e-24,
            "2": 2.745742305e-55,
            "3": 6.240667192e-119,
            "4": 2.974716953e-143
        },
        "1": {
            "0": 1.764521023e-22,
            "1": 0.686630331,
            "2": 0.0298653513,
            "3": 3.146541212e-19,
            "4": 0.0
        },
        "2": {
            "0": 3.184705073e-57,
            "1": 0.1786839369,
            "2": 0.3413293813,
            "3": 0.0085911686,
            "4": 0.0039906265
        },
        "3": {
            "0": 2.292911119e-73,
            "1": 0.1286234677,
            "2": 0.5991402264,
            "3": 0.6860153001,
            "4": 0.6608674046
        },
        "4": {
            "0": 8.178314813e-160,
            "1": 0.0060622644,
            "2": 0.029665041,
            "3": 0.3053935313,
            "4": 0.3351419689
        }
    }
}