{
    "source_schema": "Medina_2019",
    "source_taxonomy": "M-PN",
    "target_schema": "SARA_v1.0",
    "target_taxonomy": "CR-LFINF-DUC-H1-3",
    "source_damage_states": [
        0,
        1,
        2,
        3,
        4
    ],
    "target_damage_states": [
        0,
        1,
        2,
        3,
        4
    ],
    "conv_matrix": {
        "0": {
            "0": 1.0,
            "1": 1.00773157e-24,
            "2": 2.745742305e-55,
            "3": 6.240667192e-119,
            "4": 2.974716953e-143
        },
        "1": {
            "0": 6.929385748e-23,
            "1": 0.5218060748,
            "2": 0.0115891713,
            "3": 2.873585683e-27,
            "4": 7.782310195e-34
        },
        "2": {
            "0": 5.874495294e-50,
            "1": 0.2414525226,
            "2": 0.2376937191,
            "3": 0.0002020823,
            "4": 0.0
        },
        "3": {
            "0": 1.164246492e-55,
            "1": 0.2367414026,
            "2": 0.7507171096,
            "3": 0.9997978935,
            "4": 0.9467825597
        },
        "4": {
            "0": 3.223386972e-224,
            "1": 4.052265622e-56,
            "2": 2.004949931e-28,
            "3": 2.41e-08,
            "4": 0.0532174403
        }
    }
}