{
    "source_schema": "Medina_2019",
    "source_taxonomy": "M-PCP3",
    "target_schema": "SARA_v1.0",
    "target_taxonomy": "W-WS-H1-2",
    "source_damage_states": [
        0,
        1,
        2,
        3,
        4
    ],
    "target_damage_states": [
        0,
        1,
        2,
        3,
        4
    ],
    "conv_matrix": {
        "0": {
            "0": 1.0,
            "1": 1.32244881e-25,
            "2": 0.0,
            "3": 1.216929021e-91,
            "4": 1.519627607e-89
        },
        "1": {
            "0": 9.767301394e-23,
            "1": 0.3813618004,
            "2": 0.0864218611,
            "3": 0.0002440315,
            "4": 0.0
        },
        "2": {
            "0": 4.669647408e-47,
            "1": 0.2693871622,
            "2": 0.2168809743,
            "3": 0.0920397764,
            "4": 0.0001333572
        },
        "3": {
            "0": 8.347528176e-55,
            "1": 0.3492510374,
            "2": 0.6966971646,
            "3": 0.9077161921,
            "4": 0.9595936494
        },
        "4": {
            "0": 3.387787734e-182,
            "1": 1.821211805e-40,
            "2": 3.320339642e-25,
            "3": 9.079461686e-16,
            "4": 0.0402729934
        }
    }
}