{
    "source_schema": "Medina_2019",
    "source_taxonomy": "M-MP",
    "target_schema": "SARA_v1.0",
    "target_taxonomy": "CR-LFINF-DNO-H1-3",
    "source_damage_states": [
        0,
        1,
        2,
        3,
        4
    ],
    "target_damage_states": [
        0,
        1,
        2,
        3,
        4
    ],
    "conv_matrix": {
        "0": {
            "0": 1.0,
            "1": 2.022594818e-24,
            "2": 1.34340399e-61,
            "3": 2.294338899e-111,
            "4": 1.758997976e-173
        },
        "1": {
            "0": 4.412911897e-21,
            "1": 0.6340856372,
            "2": 0.0803079934,
            "3": 0.0861058061,
            "4": 0.0110425982
        },
        "2": {
            "0": 1.158399424e-51,
            "1": 0.2370613706,
            "2": 0.3062170524,
            "3": 0.0454001121,
            "4": 8.6e-08
        },
        "3": {
            "0": 5.502238733e-87,
            "1": 0.1080351536,
            "2": 0.3814291071,
            "3": 0.4401730676,
            "4": 0.3192998087
        },
        "4": {
            "0": 8.998878942e-118,
            "1": 0.0208178385,
            "2": 0.2320458471,
            "3": 0.4283210142,
            "4": 0.669657507
        }
    }
}