{
    "source_schema": "Medina_2019",
    "source_taxonomy": "M-PN",
    "target_schema": "SARA_v1.0",
    "target_taxonomy": "CR-LFINF-DUC-H4-7",
    "source_damage_states": [
        0,
        1,
        2,
        3,
        4
    ],
    "target_damage_states": [
        0,
        1,
        2,
        3,
        4
    ],
    "conv_matrix": {
        "0": {
            "0": 1.0,
            "1": 1.00773157e-24,
            "2": 2.745742305e-55,
            "3": 6.240667192e-119,
            "4": 2.974716953e-143
        },
        "1": {
            "0": 7.984175731e-23,
            "1": 0.6557134143,
            "2": 0.0211294185,
            "3": 7.888937943e-20,
            "4": 3.082191829e-28
        },
        "2": {
            "0": 1.441027152e-57,
            "1": 0.1215439981,
            "2": 0.1889147711,
            "3": 2.2101e-06,
            "4": 0.0
        },
        "3": {
            "0": 4.657517273e-62,
            "1": 0.1959696801,
            "2": 0.7296770166,
            "3": 0.8127638607,
            "4": 0.7603389977
        },
        "4": {
            "0": 9.791198598e-80,
            "1": 0.0267729076,
            "2": 0.0602787938,
            "3": 0.1872339292,
            "4": 0.2396610023
        }
    }
}