{"source_schema": "Medina_2019", "source_taxonomy": "M-PCP1-T1", "target_schema": "SARA_v1.0", "target_taxonomy": "CR-PC-LWAL-DUC-H1-3", "source_damage_states": [0, 1, 2, 3, 4], "target_damage_states": [0, 1, 2, 3, 4], "conv_matrix": {"0": {"0": 0.2001916142, "1": 0.0, "2": 0.0, "3": 4.074064542e-19, "4": 1.309187753e-30}, "1": {"0": 0.0, "1": 0.2293637983, "2": 4.03514e-05, "3": 0.0222531841, "4": 0.0004477325}, "2": {"0": 0.0, "1": 0.0, "2": 1.177e-06, "3": 0.0280332617, "4": 0.0440721473}, "3": {"0": 0.1991910143, "1": 1.227e-07, "2": 0.0, "3": 0.1505320513, "4": 0.4974927469}, "4": {"0": 0.6006173715, "1": 0.770636079, "2": 0.9999584716, "3": 0.7991815029, "4": 0.4579873733}}}