{
    "source_schema": "Medina_2019",
    "source_taxonomy": "M-MP",
    "target_schema": "SARA_v1.0",
    "target_taxonomy": "CR-LFLS-DUC-H4-7",
    "source_damage_states": [
        0,
        1,
        2,
        3,
        4
    ],
    "target_damage_states": [
        0,
        1,
        2,
        3,
        4
    ],
    "conv_matrix": {
        "0": {
            "0": 1.0,
            "1": 2.022594818e-24,
            "2": 1.34340399e-61,
            "3": 2.294338899e-111,
            "4": 1.758997976e-173
        },
        "1": {
            "0": 4.436073455e-22,
            "1": 0.4030400381,
            "2": 0.0464842818,
            "3": 0.0017509805,
            "4": 4.119339381e-19
        },
        "2": {
            "0": 4.793801603e-52,
            "1": 0.1710408608,
            "2": 0.1966070206,
            "3": 0.0152271663,
            "4": 0.0
        },
        "3": {
            "0": 2.406046441e-58,
            "1": 0.4259191011,
            "2": 0.7569086971,
            "3": 0.9771796164,
            "4": 0.7542336099
        },
        "4": {
            "0": 5.01266445e-224,
            "1": 3.543816481e-24,
            "2": 6e-10,
            "3": 0.0058422368,
            "4": 0.2457663901
        }
    }
}