{"source_schema": "Medina_2019", "source_taxonomy": "M-MP", "target_schema": "SARA_v1.0", "target_taxonomy": "MCF-DUC-H1-3", "source_damage_states": [0, 1, 2, 3, 4], "target_damage_states": [0, 1, 2, 3, 4], "conv_matrix": {"0": {"0": 0.1747976034, "1": 0.0, "2": 8.434087396e-16, "3": 1.870409273e-21, "4": 2.859784974e-31}, "1": {"0": 0.0, "1": 0.0, "2": 0.1304677757, "3": 0.0352207064, "4": 1.8612e-06}, "2": {"0": 0.8251059371, "1": 0.9999999972, "2": 0.8695277638, "3": 0.7371602626, "4": 0.1980328302}, "3": {"0": 9.64595e-05, "1": 2.8e-09, "2": 4.4605e-06, "3": 0.2076670282, "4": 0.4546071232}, "4": {"0": 0.0, "1": 1.215859781e-21, "2": 0.0, "3": 0.0199520028, "4": 0.3473581854}}}