{
    "source_schema": "Medina_2019",
    "source_taxonomy": "M-PCP3",
    "target_schema": "SARA_v1.0",
    "target_taxonomy": "S-LFM-H4-7",
    "source_damage_states": [
        0,
        1,
        2,
        3,
        4
    ],
    "target_damage_states": [
        0,
        1,
        2,
        3,
        4
    ],
    "conv_matrix": {
        "0": {
            "0": 1.0,
            "1": 1.32244881e-25,
            "2": 0.0,
            "3": 1.216929021e-91,
            "4": 1.519627607e-89
        },
        "1": {
            "0": 1.068044827e-22,
            "1": 0.3813618003,
            "2": 0.0864218612,
            "3": 0.0002440315,
            "4": 0.0
        },
        "2": {
            "0": 5.106213901e-47,
            "1": 0.2693871624,
            "2": 0.2168809745,
            "3": 0.0920397765,
            "4": 0.0001333572
        },
        "3": {
            "0": 9.127940332e-55,
            "1": 0.3492510096,
            "2": 0.6965758922,
            "3": 0.8598602055,
            "4": 0.7309948123
        },
        "4": {
            "0": 2.752150873e-76,
            "1": 2.77e-08,
            "2": 0.0001212722,
            "3": 0.0478559866,
            "4": 0.2688718305
        }
    }
}