{
    "source_schema": "Medina_2019",
    "source_taxonomy": "M-PCP2",
    "target_schema": "SARA_v1.0",
    "target_taxonomy": "CR-PC-LWAL-H1-3",
    "source_damage_states": [
        0,
        1,
        2,
        3,
        4
    ],
    "target_damage_states": [
        0,
        1,
        2,
        3,
        4
    ],
    "conv_matrix": {
        "0": {
            "0": 1.0,
            "1": 1.118555947e-25,
            "2": 0.0,
            "3": 1.387036793e-105,
            "4": 1.817716305e-91
        },
        "1": {
            "0": 7.739444971e-23,
            "1": 0.4879849834,
            "2": 0.0583730564,
            "3": 3e-10,
            "4": 2.5e-08
        },
        "2": {
            "0": 1.396856791e-57,
            "1": 0.2927023368,
            "2": 0.4076008583,
            "3": 0.1502209567,
            "4": 0.0089588287
        },
        "3": {
            "0": 4.514755137e-62,
            "1": 0.2193126798,
            "2": 0.5340260853,
            "3": 0.849779043,
            "4": 0.9781931343
        },
        "4": {
            "0": 4.828411606e-266,
            "1": 4.466760634e-84,
            "2": 1.387800492e-43,
            "3": 6.496378431e-21,
            "4": 0.012848012
        }
    }
}