{"source_schema": "Medina_2019", "source_taxonomy": "M-PCP3", "target_schema": "SARA_v1.0", "target_taxonomy": "MUR-ADO-H1-2", "source_damage_states": [0, 1, 2, 3, 4], "target_damage_states": [0, 1, 2, 3, 4], "conv_matrix": {"0": {"0": 0.1666791727, "1": 1e-10, "2": 0.0, "3": 2.849776848e-24, "4": 2.725543773e-34}, "1": {"0": 0.7656598568, "1": 0.9931648786, "2": 0.8083775597, "3": 0.3660234396, "4": 0.0033880184}, "2": {"0": 0.0630110951, "1": 0.0068330427, "2": 0.1530565292, "3": 0.4089612757, "4": 0.1543664715}, "3": {"0": 0.0046498752, "1": 2.0786e-06, "2": 0.0385657834, "3": 0.2236450842, "4": 0.6099251577}, "4": {"0": 1e-10, "1": 0.0, "2": 1.277e-07, "3": 0.0013702006, "4": 0.2323203524}}}