{"source_schema": "Medina_2019", "source_taxonomy": "M-PCP1-T1", "target_schema": "SARA_v1.0", "target_taxonomy": "CR-LFINF-DUC-H1-3", "source_damage_states": [0, 1, 2, 3, 4], "target_damage_states": [0, 1, 2, 3, 4], "conv_matrix": {"0": {"0": 0.2001916142, "1": 0.0, "2": 0.0, "3": 4.074064542e-19, "4": 1.309187753e-30}, "1": {"0": 0.0, "1": 1.0, "2": 0.0001759275, "3": 0.1320171269, "4": 0.0266456388}, "2": {"0": 0.0, "1": 0.0, "2": 0.5290452579, "3": 0.1632985273, "4": 0.1322798592}, "3": {"0": 0.7998083858, "1": 0.0, "2": 0.4707788146, "3": 0.6391445866, "4": 0.4726201955}, "4": {"0": 0.0, "1": 9.702006825e-23, "2": 0.0, "3": 0.0655397592, "4": 0.3684543066}}}