{
    "source_schema": "Medina_2019",
    "source_taxonomy": "M-MP",
    "target_schema": "SARA_v1.0",
    "target_taxonomy": "CR-LFM-DNO-H4-7",
    "source_damage_states": [
        0,
        1,
        2,
        3,
        4
    ],
    "target_damage_states": [
        0,
        1,
        2,
        3,
        4
    ],
    "conv_matrix": {
        "0": {
            "0": 1.0,
            "1": 2.022594818e-24,
            "2": 1.34340399e-61,
            "3": 2.294338899e-111,
            "4": 1.758997976e-173
        },
        "1": {
            "0": 2.620121863e-22,
            "1": 0.1436807316,
            "2": 1.1087e-06,
            "3": 3.900421187e-25,
            "4": 6.169132538e-54
        },
        "2": {
            "0": 4.728942987e-57,
            "1": 0.0146800038,
            "2": 0.0172027831,
            "3": 1e-10,
            "4": 1.524484135e-29
        },
        "3": {
            "0": 5.081595808e-79,
            "1": 2.38e-08,
            "2": 0.012352515,
            "3": 0.00308222,
            "4": 4.325688748e-17
        },
        "4": {
            "0": 4.322021622e-26,
            "1": 0.8416392409,
            "2": 0.9704435933,
            "3": 0.99691778,
            "4": 1.0
        }
    }
}