{
    "source_schema": "Medina_2019",
    "source_taxonomy": "M-PCP2",
    "target_schema": "SARA_v1.0",
    "target_taxonomy": "S-LFM-H4-7",
    "source_damage_states": [
        0,
        1,
        2,
        3,
        4
    ],
    "target_damage_states": [
        0,
        1,
        2,
        3,
        4
    ],
    "conv_matrix": {
        "0": {
            "0": 1.0,
            "1": 1.118555947e-25,
            "2": 0.0,
            "3": 1.387036793e-105,
            "4": 1.817716305e-91
        },
        "1": {
            "0": 1.068044827e-22,
            "1": 0.3811732207,
            "2": 0.0581007942,
            "3": 5e-10,
            "4": 5e-10
        },
        "2": {
            "0": 5.106213901e-47,
            "1": 0.304026446,
            "2": 0.2121232294,
            "3": 0.0527789524,
            "4": 0.0006100243
        },
        "3": {
            "0": 9.127940332e-55,
            "1": 0.314790733,
            "2": 0.7293043844,
            "3": 0.8679540949,
            "4": 0.7381253502
        },
        "4": {
            "0": 2.752150873e-76,
            "1": 9.6002e-06,
            "2": 0.000471592,
            "3": 0.0792669522,
            "4": 0.261264625
        }
    }
}