{"source_schema": "Medina_2019", "source_taxonomy": "M-PCP3", "target_schema": "SARA_v1.0", "target_taxonomy": "CR-LFINF-DUC-H1-3", "source_damage_states": [0, 1, 2, 3, 4], "target_damage_states": [0, 1, 2, 3, 4], "conv_matrix": {"0": {"0": 0.1666791727, "1": 1e-10, "2": 0.0, "3": 2.849776848e-24, "4": 2.725543773e-34}, "1": {"0": 0.0, "1": 0.274981818, "2": 0.9999978611, "3": 0.1401162247, "4": 0.072228608}, "2": {"0": 0.0, "1": 0.2237123854, "2": 0.0, "3": 0.1826785495, "4": 0.1459951993}, "3": {"0": 0.8333208273, "1": 0.5013057965, "2": 2.1389e-06, "3": 0.6770829097, "4": 0.5852839578}, "4": {"0": 0.0, "1": 0.0, "2": 0.0, "3": 0.0001223161, "4": 0.1964922349}}}