{"source_schema": "Medina_2019", "source_taxonomy": "M-MP", "target_schema": "SARA_v1.0", "target_taxonomy": "S-LFM-H4-7", "source_damage_states": [0, 1, 2, 3, 4], "target_damage_states": [0, 1, 2, 3, 4], "conv_matrix": {"0": {"0": 0.1747976034, "1": 0.0, "2": 8.434087396e-16, "3": 1.870409273e-21, "4": 2.859784974e-31}, "1": {"0": 0.0, "1": 0.0, "2": 0.1304677757, "3": 0.0277222712, "4": 8.514e-07}, "2": {"0": 0.0, "1": 0.0, "2": 0.3569949713, "3": 0.1598755016, "4": 0.1593825618}, "3": {"0": 0.8252023965, "1": 1.0, "2": 0.512537253, "3": 0.802977949, "4": 0.5762462683}, "4": {"0": 0.0, "1": 0.0, "2": 0.0, "3": 0.0094242782, "4": 0.2643703185}}}