{"source_schema": "Medina_2019", "source_taxonomy": "M-PCP1-T2", "target_schema": "SARA_v1.0", "target_taxonomy": "UNK", "source_damage_states": [0, 1, 2, 3, 4], "target_damage_states": [0, 1, 2, 3, 4], "conv_matrix": {"0": {"0": 0.1666805786, "1": 0.0, "2": 2.613408697e-16, "3": 3.135544133e-24, "4": 3.027346814e-34}, "1": {"0": 0.49831447, "1": 0.3627593622, "2": 0.4280239445, "3": 0.0127005741, "4": 1.715e-07}, "2": {"0": 0.0045991731, "1": 0.5315040554, "2": 0.3784643109, "3": 0.0889046164, "4": 0.0001100114}, "3": {"0": 0.3304054998, "1": 0.1057360703, "2": 0.1935107227, "3": 0.882898256, "4": 0.6843324281}, "4": {"0": 2.785e-07, "1": 5.121e-07, "2": 1.0219e-06, "3": 0.0154965535, "4": 0.3155573889}}}