{"source_schema": "Medina_2019", "source_taxonomy": "M-PCP1-T1", "target_schema": "SARA_v1.0", "target_taxonomy": "MCF-DUC-H1-3", "source_damage_states": [0, 1, 2, 3, 4], "target_damage_states": [0, 1, 2, 3, 4], "conv_matrix": {"0": {"0": 0.2001916142, "1": 0.0, "2": 0.0, "3": 4.074064542e-19, "4": 1.309187753e-30}, "1": {"0": 0.0, "1": 0.337686378, "2": 5.94083e-05, "3": 0.0220507671, "4": 1.9817e-06}, "2": {"0": 0.7998055793, "1": 0.6623130898, "2": 0.9999383283, "3": 0.6162648292, "4": 0.1057767549}, "3": {"0": 2.8066e-06, "1": 5.323e-07, "2": 2.2633e-06, "3": 0.2648928219, "4": 0.4812219882}, "4": {"0": 0.0, "1": 7.316643347e-16, "2": 0.0, "3": 0.0967915818, "4": 0.4129992751}}}