{"source_schema": "Medina_2019", "source_taxonomy": "M-MP", "target_schema": "SARA_v1.0", "target_taxonomy": "CR-LFM-DUC-H4-7", "source_damage_states": [0, 1, 2, 3, 4], "target_damage_states": [0, 1, 2, 3, 4], "conv_matrix": {"0": {"0": 0.1747976034, "1": 0.0, "2": 8.434087396e-16, "3": 1.870409273e-21, "4": 2.859784974e-31}, "1": {"0": 0.0, "1": 1.0, "2": 0.1340248347, "3": 0.1554699795, "4": 0.0513055666}, "2": {"0": 0.0, "1": 0.0, "2": 0.3569949713, "3": 0.1598845908, "4": 0.1653700808}, "3": {"0": 0.82520239, "1": 1.174513285e-16, "2": 0.5089801937, "3": 0.6646845268, "4": 0.4384804114}, "4": {"0": 6.5e-09, "1": 6.934687948e-29, "2": 3e-10, "3": 0.0199609028, "4": 0.3448439412}}}