{
    "source_schema": "Medina_2019",
    "source_taxonomy": "M-PCP3",
    "target_schema": "SARA_v1.0",
    "target_taxonomy": "CR-LFLS-DUC-H4-7",
    "source_damage_states": [
        0,
        1,
        2,
        3,
        4
    ],
    "target_damage_states": [
        0,
        1,
        2,
        3,
        4
    ],
    "conv_matrix": {
        "0": {
            "0": 1.0,
            "1": 1.32244881e-25,
            "2": 0.0,
            "3": 1.216929021e-91,
            "4": 1.519627607e-89
        },
        "1": {
            "0": 4.436073455e-22,
            "1": 0.509024398,
            "2": 0.1231560646,
            "3": 0.067196571,
            "4": 0.0113933683
        },
        "2": {
            "0": 4.793801603e-52,
            "1": 0.2440530443,
            "2": 0.4794691603,
            "3": 0.3187417011,
            "4": 0.0299244264
        },
        "3": {
            "0": 2.406046441e-58,
            "1": 0.2469225576,
            "2": 0.397374775,
            "3": 0.6140617279,
            "4": 0.9361586653
        },
        "4": {
            "0": 5.01266445e-224,
            "1": 1.89805281e-55,
            "2": 1.438287804e-36,
            "3": 6.051109927e-23,
            "4": 0.02252354
        }
    }
}