{
    "source_schema": "Medina_2019",
    "source_taxonomy": "M-PCP3",
    "target_schema": "SARA_v1.0",
    "target_taxonomy": "CR-LFINF-DUC-H1-3",
    "source_damage_states": [
        0,
        1,
        2,
        3,
        4
    ],
    "target_damage_states": [
        0,
        1,
        2,
        3,
        4
    ],
    "conv_matrix": {
        "0": {
            "0": 1.0,
            "1": 1.32244881e-25,
            "2": 0.0,
            "3": 1.216929021e-91,
            "4": 1.519627607e-89
        },
        "1": {
            "0": 6.929385748e-23,
            "1": 0.3699316952,
            "2": 0.0902704761,
            "3": 4.443e-07,
            "4": 0.0
        },
        "2": {
            "0": 5.874495294e-50,
            "1": 0.4043564165,
            "2": 0.3587746596,
            "3": 0.2171081749,
            "4": 0.0205598741
        },
        "3": {
            "0": 1.164246492e-55,
            "1": 0.2257118882,
            "2": 0.5509548642,
            "3": 0.7828913809,
            "4": 0.9613153661
        },
        "4": {
            "0": 3.223386972e-224,
            "1": 1.336590238e-66,
            "2": 2.08465627e-35,
            "3": 3.022622942e-19,
            "4": 0.0181247598
        }
    }
}