{
    "source_schema": "Medina_2019",
    "source_taxonomy": "M-PN",
    "target_schema": "SARA_v1.0",
    "target_taxonomy": "W-WLI-H1-3",
    "source_damage_states": [
        0,
        1,
        2,
        3,
        4
    ],
    "target_damage_states": [
        0,
        1,
        2,
        3,
        4
    ],
    "conv_matrix": {
        "0": {
            "0": 1.0,
            "1": 1.00773157e-24,
            "2": 2.745742305e-55,
            "3": 6.240667192e-119,
            "4": 2.974716953e-143
        },
        "1": {
            "0": 9.767301394e-23,
            "1": 0.5087001813,
            "2": 0.0187214728,
            "3": 1.691078563e-22,
            "4": 4.110348306e-30
        },
        "2": {
            "0": 4.669647408e-47,
            "1": 0.2381434827,
            "2": 0.0952122207,
            "3": 1.22e-08,
            "4": 1.725483125e-24
        },
        "3": {
            "0": 8.347528176e-55,
            "1": 0.253156336,
            "2": 0.8860663065,
            "3": 0.9884532269,
            "4": 0.8953957694
        },
        "4": {
            "0": 3.387787734e-182,
            "1": 1.168246112e-33,
            "2": 9.502969113e-17,
            "3": 0.0115467609,
            "4": 0.1046042306
        }
    }
}