{
    "source_schema": "Medina_2019",
    "source_taxonomy": "M-PCP3",
    "target_schema": "SARA_v1.0",
    "target_taxonomy": "CR-LFLS-DNO-H1-3",
    "source_damage_states": [
        0,
        1,
        2,
        3,
        4
    ],
    "target_damage_states": [
        0,
        1,
        2,
        3,
        4
    ],
    "conv_matrix": {
        "0": {
            "0": 1.0,
            "1": 1.32244881e-25,
            "2": 0.0,
            "3": 1.216929021e-91,
            "4": 1.519627607e-89
        },
        "1": {
            "0": 1.764521023e-22,
            "1": 0.5300313169,
            "2": 0.0868923469,
            "3": 0.0037495537,
            "4": 0.0005394537
        },
        "2": {
            "0": 3.184705073e-57,
            "1": 0.3616368733,
            "2": 0.4334023674,
            "3": 0.3582979796,
            "4": 0.0517214772
        },
        "3": {
            "0": 2.292911119e-73,
            "1": 0.107447551,
            "2": 0.479695573,
            "3": 0.6376564014,
            "4": 0.6911684014
        },
        "4": {
            "0": 8.178314813e-160,
            "1": 0.0008842588,
            "2": 9.7127e-06,
            "3": 0.0002960653,
            "4": 0.2565706677
        }
    }
}