{"source_schema": "Medina_2019", "source_taxonomy": "M-PCP1-T1", "target_schema": "SARA_v1.0", "target_taxonomy": "CR-LFM-DUC-H4-7", "source_damage_states": [0, 1, 2, 3, 4], "target_damage_states": [0, 1, 2, 3, 4], "conv_matrix": {"0": {"0": 0.2001916142, "1": 0.0, "2": 0.0, "3": 4.074064542e-19, "4": 1.309187753e-30}, "1": {"0": 0.0, "1": 1.0, "2": 0.0001759275, "3": 0.1263983523, "4": 0.0257197133}, "2": {"0": 0.0, "1": 0.0, "2": 0.5290452579, "3": 0.1650190458, "4": 0.1372920984}, "3": {"0": 0.7998083857, "1": 0.0, "2": 0.4707788145, "3": 0.6124981798, "4": 0.4253136095}, "4": {"0": 2e-10, "1": 2.15368866e-19, "2": 1e-10, "3": 0.0960844221, "4": 0.4116745788}}}