{
    "source_schema": "Medina_2019",
    "source_taxonomy": "M-PCP2",
    "target_schema": "SARA_v1.0",
    "target_taxonomy": "CR-LWAL-DUC-H8-19",
    "source_damage_states": [
        0,
        1,
        2,
        3,
        4
    ],
    "target_damage_states": [
        0,
        1,
        2,
        3,
        4
    ],
    "conv_matrix": {
        "0": {
            "0": 1.0,
            "1": 1.118555947e-25,
            "2": 0.0,
            "3": 1.387036793e-105,
            "4": 1.817716305e-91
        },
        "1": {
            "0": 9.767301394e-23,
            "1": 0.3929610636,
            "2": 0.0173915816,
            "3": 1.3e-09,
            "4": 0.0
        },
        "2": {
            "0": 4.669647408e-47,
            "1": 0.2804867976,
            "2": 0.2965266427,
            "3": 0.0440915181,
            "4": 0.0024132429
        },
        "3": {
            "0": 8.347528176e-55,
            "1": 0.3265521388,
            "2": 0.6860817757,
            "3": 0.9559084806,
            "4": 0.9424256954
        },
        "4": {
            "0": 2.002359076e-172,
            "1": 6.66876851e-31,
            "2": 2.040393446e-27,
            "3": 0.0,
            "4": 0.0551610617
        }
    }
}