{"source_schema": "Medina_2019", "source_taxonomy": "M-PCP3", "target_schema": "SARA_v1.0", "target_taxonomy": "W-WHE-H1-3", "source_damage_states": [0, 1, 2, 3, 4], "target_damage_states": [0, 1, 2, 3, 4], "conv_matrix": {"0": {"0": 0.1666791727, "1": 1e-10, "2": 0.0, "3": 2.849776848e-24, "4": 2.725543773e-34}, "1": {"0": 0.0, "1": 0.0, "2": 0.3394848251, "3": 0.0257300018, "4": 6.6565e-06}, "2": {"0": 0.0, "1": 0.2237123854, "2": 0.0, "3": 0.181162258, "4": 0.0659544337}, "3": {"0": 0.8332808467, "1": 0.7762875062, "2": 0.660104922, "3": 0.7718290775, "4": 0.5721709616}, "4": {"0": 3.99806e-05, "1": 1.083e-07, "2": 0.000410253, "3": 0.0212786627, "4": 0.3618679482}}}