{
    "source_schema": "Medina_2019",
    "source_taxonomy": "M-PCP3",
    "target_schema": "SARA_v1.0",
    "target_taxonomy": "CR-LFM-DUC-H1-3",
    "source_damage_states": [
        0,
        1,
        2,
        3,
        4
    ],
    "target_damage_states": [
        0,
        1,
        2,
        3,
        4
    ],
    "conv_matrix": {
        "0": {
            "0": 1.0,
            "1": 1.32244881e-25,
            "2": 0.0,
            "3": 1.216929021e-91,
            "4": 1.519627607e-89
        },
        "1": {
            "0": 7.739444971e-23,
            "1": 0.4895916287,
            "2": 0.0856167272,
            "3": 0.001331633,
            "4": 0.0
        },
        "2": {
            "0": 1.396856791e-57,
            "1": 0.2536153783,
            "2": 0.4177060597,
            "3": 0.2143908943,
            "4": 0.0025359883
        },
        "3": {
            "0": 4.514755137e-62,
            "1": 0.256792993,
            "2": 0.4966772132,
            "3": 0.7842774728,
            "4": 0.9845790525
        },
        "4": {
            "0": 4.828411606e-266,
            "1": 3.846912754e-79,
            "2": 7.568183061e-47,
            "3": 1.984771001e-26,
            "4": 0.0128849593
        }
    }
}