{
    "source_schema": "Medina_2019",
    "source_taxonomy": "M-PCP2",
    "target_schema": "SARA_v1.0",
    "target_taxonomy": "MCF-DNO-H1-3",
    "source_damage_states": [
        0,
        1,
        2,
        3,
        4
    ],
    "target_damage_states": [
        0,
        1,
        2,
        3,
        4
    ],
    "conv_matrix": {
        "0": {
            "0": 1.0,
            "1": 1.118555947e-25,
            "2": 0.0,
            "3": 1.387036793e-105,
            "4": 1.817716305e-91
        },
        "1": {
            "0": 2.586194306e-22,
            "1": 0.5398076714,
            "2": 0.0616524174,
            "3": 2.5e-09,
            "4": 0.0007557681
        },
        "2": {
            "0": 4.667708548e-57,
            "1": 0.4558454823,
            "2": 0.830850678,
            "3": 0.847402087,
            "4": 0.4458438
        },
        "3": {
            "0": 0.0,
            "1": 0.0042328138,
            "2": 0.0716853022,
            "3": 0.0916681711,
            "4": 0.089180226
        },
        "4": {
            "0": 1.198667774e-159,
            "1": 0.0001140325,
            "2": 0.0358116024,
            "3": 0.0609297394,
            "4": 0.4642202059
        }
    }
}