{
    "source_schema": "Medina_2019",
    "source_taxonomy": "M-PCP1-T1",
    "target_schema": "SARA_v1.0",
    "target_taxonomy": "CR-LDUAL-DUC-H8-19",
    "source_damage_states": [
        0,
        1,
        2,
        3,
        4
    ],
    "target_damage_states": [
        0,
        1,
        2,
        3,
        4
    ],
    "conv_matrix": {
        "0": {
            "0": 1.0,
            "1": 1.105342453e-25,
            "2": 0.0,
            "3": 6.999760375e-109,
            "4": 2.022122252e-143
        },
        "1": {
            "0": 9.767301394e-23,
            "1": 0.3231481822,
            "2": 0.0137263958,
            "3": 1.18e-08,
            "4": 5.088511154e-27
        },
        "2": {
            "0": 4.669647408e-47,
            "1": 0.2529793252,
            "2": 0.2365870072,
            "3": 0.0082619312,
            "4": 4e-10
        },
        "3": {
            "0": 8.347528176e-55,
            "1": 0.4238724925,
            "2": 0.7496865969,
            "3": 0.9916343357,
            "4": 0.8629327382
        },
        "4": {
            "0": 2.002359076e-172,
            "1": 6.506291597e-27,
            "2": 3.158150289e-24,
            "3": 0.0001037213,
            "4": 0.1370672615
        }
    }
}