{
    "source_schema": "Medina_2019",
    "source_taxonomy": "M-MP",
    "target_schema": "SARA_v1.0",
    "target_taxonomy": "CR-LWAL-DNO-H1-3",
    "source_damage_states": [
        0,
        1,
        2,
        3,
        4
    ],
    "target_damage_states": [
        0,
        1,
        2,
        3,
        4
    ],
    "conv_matrix": {
        "0": {
            "0": 1.0,
            "1": 2.022594818e-24,
            "2": 1.34340399e-61,
            "3": 2.294338899e-111,
            "4": 1.758997976e-173
        },
        "1": {
            "0": 7.739444971e-23,
            "1": 0.3949022644,
            "2": 0.0019051842,
            "3": 7e-10,
            "4": 1.554657431e-36
        },
        "2": {
            "0": 1.396856791e-57,
            "1": 0.1815298178,
            "2": 0.1237356942,
            "3": 0.0004057523,
            "4": 4.806496622e-26
        },
        "3": {
            "0": 4.514755137e-62,
            "1": 0.4235679178,
            "2": 0.8743591216,
            "3": 0.999573648,
            "4": 0.8402788474
        },
        "4": {
            "0": 4.828411606e-266,
            "1": 1.66922991e-55,
            "2": 2.343695363e-23,
            "3": 2.0599e-05,
            "4": 0.1597211526
        }
    }
}