{
    "source_schema": "Medina_2019",
    "source_taxonomy": "M-MP",
    "target_schema": "SARA_v1.0",
    "target_taxonomy": "CR-LFINF-DUC-H4-7",
    "source_damage_states": [
        0,
        1,
        2,
        3,
        4
    ],
    "target_damage_states": [
        0,
        1,
        2,
        3,
        4
    ],
    "conv_matrix": {
        "0": {
            "0": 1.0,
            "1": 2.022594818e-24,
            "2": 1.34340399e-61,
            "3": 2.294338899e-111,
            "4": 1.758997976e-173
        },
        "1": {
            "0": 7.984175731e-23,
            "1": 0.3949017815,
            "2": 0.0019051833,
            "3": 7e-10,
            "4": 1.554657453e-36
        },
        "2": {
            "0": 1.441027152e-57,
            "1": 0.1799693115,
            "2": 0.1232185537,
            "3": 0.0004057523,
            "4": 4.80633886e-26
        },
        "3": {
            "0": 4.657517273e-62,
            "1": 0.37150976,
            "2": 0.7545499549,
            "3": 0.8507501565,
            "4": 0.6189746388
        },
        "4": {
            "0": 9.791198598e-80,
            "1": 0.0536191471,
            "2": 0.1203263081,
            "3": 0.1488440905,
            "4": 0.3810253612
        }
    }
}