{
    "source_schema": "Medina_2019",
    "source_taxonomy": "M-PN",
    "target_schema": "SARA_v1.0",
    "target_taxonomy": "MR-DUC-H1-3",
    "source_damage_states": [
        0,
        1,
        2,
        3,
        4
    ],
    "target_damage_states": [
        0,
        1,
        2,
        3,
        4
    ],
    "conv_matrix": {
        "0": {
            "0": 1.0,
            "1": 1.00773157e-24,
            "2": 2.745742305e-55,
            "3": 6.240667192e-119,
            "4": 2.974716953e-143
        },
        "1": {
            "0": 4.439480187e-21,
            "1": 0.9999900618,
            "2": 0.3926032568,
            "3": 0.0077088543,
            "4": 0.0029503789
        },
        "2": {
            "0": 5.987625089e-71,
            "1": 9.9366e-06,
            "2": 0.4631028852,
            "3": 0.0412235855,
            "4": 0.0389766937
        },
        "3": {
            "0": 2.061021019e-111,
            "1": 1.6e-09,
            "2": 0.1398081771,
            "3": 0.9510639115,
            "4": 0.590209005
        },
        "4": {
            "0": 9.086116178e-182,
            "1": 1.515489403e-22,
            "2": 0.0044856809,
            "3": 3.6487e-06,
            "4": 0.3678639224
        }
    }
}