{
    "source_schema": "Medina_2019",
    "source_taxonomy": "M-PCP1-T2",
    "target_schema": "SARA_v1.0",
    "target_taxonomy": "CR-LFINF-DNO-H1-3",
    "source_damage_states": [
        0,
        1,
        2,
        3,
        4
    ],
    "target_damage_states": [
        0,
        1,
        2,
        3,
        4
    ],
    "conv_matrix": {
        "0": {
            "0": 1.0,
            "1": 1.105342453e-25,
            "2": 0.0,
            "3": 6.999760375e-109,
            "4": 2.022122252e-143
        },
        "1": {
            "0": 4.412911897e-21,
            "1": 0.6665981612,
            "2": 0.1671739748,
            "3": 0.0473760622,
            "4": 0.1097632273
        },
        "2": {
            "0": 1.158399424e-51,
            "1": 0.2788706692,
            "2": 0.4484848883,
            "3": 0.2392934145,
            "4": 0.0097516327
        },
        "3": {
            "0": 5.502238733e-87,
            "1": 0.028518632,
            "2": 0.3182401386,
            "3": 0.4221509003,
            "4": 0.421504864
        },
        "4": {
            "0": 8.998878942e-118,
            "1": 0.0260125377,
            "2": 0.0661009983,
            "3": 0.2911796231,
            "4": 0.4589802759
        }
    }
}