{"source_schema": "Medina_2019", "source_taxonomy": "M-PCP1-T1", "target_schema": "SARA_v1.0", "target_taxonomy": "CR-LFM-DUC-H1-3", "source_damage_states": [0, 1, 2, 3, 4], "target_damage_states": [0, 1, 2, 3, 4], "conv_matrix": {"0": {"0": 0.2001916142, "1": 0.0, "2": 0.0, "3": 4.074064542e-19, "4": 1.309187753e-30}, "1": {"0": 0.0, "1": 0.9999999997, "2": 0.0001759275, "3": 0.065582411, "4": 0.0022324831}, "2": {"0": 0.0, "1": 0.0, "2": 0.5290452579, "3": 0.1633641833, "4": 0.13254441}, "3": {"0": 0.7998075, "1": 3e-10, "2": 0.470778677, "3": 0.6250644835, "4": 0.4151032184}, "4": {"0": 8.858e-07, "1": 8.653969637e-18, "2": 1.376e-07, "3": 0.1459889222, "4": 0.4501198885}}}