{"source_schema": "Medina_2019", "source_taxonomy": "M-PCP1-T1", "target_schema": "SARA_v1.0", "target_taxonomy": "UNK", "source_damage_states": [0, 1, 2, 3, 4], "target_damage_states": [0, 1, 2, 3, 4], "conv_matrix": {"0": {"0": 0.2001916142, "1": 0.0, "2": 0.0, "3": 4.074064542e-19, "4": 1.309187753e-30}, "1": {"0": 0.5984910019, "1": 0.4651724056, "2": 0.6033105634, "3": 0.0157911978, "4": 1.1058e-06}, "2": {"0": 0.0055144296, "1": 0.5233264106, "2": 0.3809391265, "3": 0.0655321697, "4": 0.0004644076}, "3": {"0": 0.1958028944, "1": 0.0115011422, "2": 0.0157502743, "3": 0.8037151275, "4": 0.4192878783}, "4": {"0": 5.99e-08, "1": 4.15e-08, "2": 3.57e-08, "3": 0.1149615049, "4": 0.5802466083}}}