{
    "source_schema": "Medina_2019",
    "source_taxonomy": "M-PCP3",
    "target_schema": "SARA_v1.0",
    "target_taxonomy": "MR-DUC-H1-3",
    "source_damage_states": [
        0,
        1,
        2,
        3,
        4
    ],
    "target_damage_states": [
        0,
        1,
        2,
        3,
        4
    ],
    "conv_matrix": {
        "0": {
            "0": 1.0,
            "1": 1.32244881e-25,
            "2": 0.0,
            "3": 1.216929021e-91,
            "4": 1.519627607e-89
        },
        "1": {
            "0": 4.439480187e-21,
            "1": 0.9572652153,
            "2": 0.5019643598,
            "3": 0.2657330154,
            "4": 0.0961709023
        },
        "2": {
            "0": 5.987625089e-71,
            "1": 0.0427347847,
            "2": 0.4754337302,
            "3": 0.5805003451,
            "4": 0.1419262674
        },
        "3": {
            "0": 2.061021019e-111,
            "1": 1e-10,
            "2": 0.0226017148,
            "3": 0.1537664206,
            "4": 0.6337675888
        },
        "4": {
            "0": 9.086116178e-182,
            "1": 1.444323428e-27,
            "2": 1.952e-07,
            "3": 2.19e-07,
            "4": 0.1281352415
        }
    }
}