{"source_schema": "Medina_2019", "source_taxonomy": "M-PCP3", "target_schema": "SARA_v1.0", "target_taxonomy": "W-WBB-H1", "source_damage_states": [0, 1, 2, 3, 4], "target_damage_states": [0, 1, 2, 3, 4], "conv_matrix": {"0": {"0": 0.1666791727, "1": 1e-10, "2": 0.0, "3": 2.849776848e-24, "4": 2.725543773e-34}, "1": {"0": 0.0, "1": 0.0, "2": 0.3394848251, "3": 0.0258102197, "4": 6.7316e-06}, "2": {"0": 0.0, "1": 0.2237123714, "2": 0.0, "3": 0.1763177603, "4": 0.0932008417}, "3": {"0": 0.8332808467, "1": 0.7762875201, "2": 0.660104922, "3": 0.7763715019, "4": 0.5454857436}, "4": {"0": 3.99806e-05, "1": 1.083e-07, "2": 0.000410253, "3": 0.0215005181, "4": 0.3613066831}}}