{
    "source_schema": "Medina_2019",
    "source_taxonomy": "M-PCP1-T2",
    "target_schema": "SARA_v1.0",
    "target_taxonomy": "W-WWD-H1-2",
    "source_damage_states": [
        0,
        1,
        2,
        3,
        4
    ],
    "target_damage_states": [
        0,
        1,
        2,
        3,
        4
    ],
    "conv_matrix": {
        "0": {
            "0": 1.0,
            "1": 1.105342453e-25,
            "2": 0.0,
            "3": 6.999760375e-109,
            "4": 2.022122252e-143
        },
        "1": {
            "0": 9.767301394e-23,
            "1": 0.3135110313,
            "2": 0.0460558884,
            "3": 0.0,
            "4": 3.161334069e-23
        },
        "2": {
            "0": 4.669647408e-47,
            "1": 0.2543855329,
            "2": 0.1693614472,
            "3": 0.0152100031,
            "4": 0.0
        },
        "3": {
            "0": 8.347528176e-55,
            "1": 0.4321034357,
            "2": 0.7845826645,
            "3": 0.9837318143,
            "4": 0.9020785283
        },
        "4": {
            "0": 3.387787734e-182,
            "1": 3.128916614e-40,
            "2": 1.105863391e-21,
            "3": 0.0010581827,
            "4": 0.0979214717
        }
    }
}