{"source_schema": "Medina_2019", "source_taxonomy": "M-MP", "target_schema": "SARA_v1.0", "target_taxonomy": "UNK", "source_damage_states": [0, 1, 2, 3, 4], "target_damage_states": [0, 1, 2, 3, 4], "conv_matrix": {"0": {"0": 0.1747976034, "1": 0.0, "2": 8.434087396e-16, "3": 1.870409273e-21, "4": 2.859784974e-31}, "1": {"0": 0.5225812182, "1": 0.3679385861, "2": 0.4938936609, "3": 0.0186763134, "4": 3.765e-07}, "2": {"0": 0.0048229131, "1": 0.2935143095, "2": 0.3954778191, "3": 0.089420405, "4": 0.000155386}, "3": {"0": 0.29779804, "1": 0.3385428658, "2": 0.1106280779, "3": 0.8344274937, "4": 0.644688929}, "4": {"0": 2.253e-07, "1": 4.2387e-06, "2": 4.421e-07, "3": 0.0574757879, "4": 0.3551553086}}}