{
    "source_schema": "Medina_2019",
    "source_taxonomy": "M-PCP1-T2",
    "target_schema": "SARA_v1.0",
    "target_taxonomy": "CR-LFLS-DUC-H4-7",
    "source_damage_states": [
        0,
        1,
        2,
        3,
        4
    ],
    "target_damage_states": [
        0,
        1,
        2,
        3,
        4
    ],
    "conv_matrix": {
        "0": {
            "0": 1.0,
            "1": 1.105342453e-25,
            "2": 0.0,
            "3": 6.999760375e-109,
            "4": 2.022122252e-143
        },
        "1": {
            "0": 4.436073455e-22,
            "1": 0.4821335692,
            "2": 0.0762830708,
            "3": 0.0113463481,
            "4": 5.04917e-05
        },
        "2": {
            "0": 4.793801603e-52,
            "1": 0.2567425049,
            "2": 0.4488486734,
            "3": 0.107954798,
            "4": 0.0020973212
        },
        "3": {
            "0": 2.406046441e-58,
            "1": 0.2611239259,
            "2": 0.4748682558,
            "3": 0.8806988533,
            "4": 0.9419648232
        },
        "4": {
            "0": 5.01266445e-224,
            "1": 5.961762553e-54,
            "2": 4.790322631e-33,
            "3": 6e-10,
            "4": 0.0558873639
        }
    }
}