{"source_schema": "Medina_2019", "source_taxonomy": "M-PCP1-T1", "target_schema": "SARA_v1.0", "target_taxonomy": "W-WS-H1-2", "source_damage_states": [0, 1, 2, 3, 4], "target_damage_states": [0, 1, 2, 3, 4], "conv_matrix": {"0": {"0": 0.2001916142, "1": 0.0, "2": 0.0, "3": 4.074064542e-19, "4": 1.309187753e-30}, "1": {"0": 0.0, "1": 0.337686378, "2": 5.94083e-05, "3": 0.016550746, "4": 8.865e-07}, "2": {"0": 0.0, "1": 0.0, "2": 0.5290353819, "3": 0.1379882415, "4": 0.0910999792}, "3": {"0": 0.7998075, "1": 0.6623135968, "2": 0.4709050721, "3": 0.6967377361, "4": 0.4578319283}, "4": {"0": 8.858e-07, "1": 2.52e-08, "2": 1.377e-07, "3": 0.1487232764, "4": 0.451067206}}}