{"source_schema": "Medina_2019", "source_taxonomy": "M-PCP1-T1", "target_schema": "SARA_v1.0", "target_taxonomy": "CR-LFLS-DNO-H1-3", "source_damage_states": [0, 1, 2, 3, 4], "target_damage_states": [0, 1, 2, 3, 4], "conv_matrix": {"0": {"0": 0.4003832283, "1": 0.1279337584, "2": 0.3501445461, "3": 0.0034167364, "4": 1e-10}, "1": {"0": 0.2001916142, "1": 0.8683997164, "2": 0.6256278923, "3": 0.2449273941, "4": 0.0010014721}, "2": {"0": 0.0, "1": 0.0036664025, "2": 0.0242274492, "3": 0.2220411629, "4": 0.1431940514}, "3": {"0": 0.3993826154, "1": 1.227e-07, "2": 1.16e-07, "3": 0.3537494409, "4": 0.6979950709}, "4": {"0": 4.25421e-05, "1": 0.0, "2": 4.054415775e-17, "3": 0.1758652661, "4": 0.1578094057}}}