{
    "source_schema": "Medina_2019",
    "source_taxonomy": "M-PN",
    "target_schema": "SARA_v1.0",
    "target_taxonomy": "CR-LWAL-DUC-H8-19",
    "source_damage_states": [
        0,
        1,
        2,
        3,
        4
    ],
    "target_damage_states": [
        0,
        1,
        2,
        3,
        4
    ],
    "conv_matrix": {
        "0": {
            "0": 1.0,
            "1": 1.00773157e-24,
            "2": 2.745742305e-55,
            "3": 6.240667192e-119,
            "4": 2.974716953e-143
        },
        "1": {
            "0": 9.767301394e-23,
            "1": 0.5584400393,
            "2": 0.0061803097,
            "3": 5.577664654e-18,
            "4": 4.53086266e-34
        },
        "2": {
            "0": 4.669647408e-47,
            "1": 0.1494039239,
            "2": 0.1175865841,
            "3": 0.0,
            "4": 1.247470389e-18
        },
        "3": {
            "0": 8.347528176e-55,
            "1": 0.2921560368,
            "2": 0.8762331062,
            "3": 0.9979198064,
            "4": 0.8400297833
        },
        "4": {
            "0": 2.002359076e-172,
            "1": 3.611400099e-40,
            "2": 8.7788688e-17,
            "3": 0.0020801936,
            "4": 0.1599702167
        }
    }
}