{"source_schema": "Medina_2019", "source_taxonomy": "M-MP", "target_schema": "SARA_v1.0", "target_taxonomy": "CR-LFM-DUC-H1-3", "source_damage_states": [0, 1, 2, 3, 4], "target_damage_states": [0, 1, 2, 3, 4], "conv_matrix": {"0": {"0": 0.1747976034, "1": 0.0, "2": 8.434087396e-16, "3": 1.870409273e-21, "4": 2.859784974e-31}, "1": {"0": 0.0, "1": 0.9999989525, "2": 0.1340248347, "3": 0.0854575811, "4": 0.0175879355}, "2": {"0": 0.0, "1": 0.0, "2": 0.3569949713, "3": 0.1598746966, "4": 0.1591886344}, "3": {"0": 0.8251719377, "1": 1.0475e-06, "2": 0.5089799606, "3": 0.699140756, "4": 0.3962437781}, "4": {"0": 3.04588e-05, "1": 1.477628245e-18, "2": 2.334e-07, "3": 0.0555269663, "4": 0.4269796521}}}