{
    "source_schema": "Medina_2019",
    "source_taxonomy": "M-PN",
    "target_schema": "SARA_v1.0",
    "target_taxonomy": "CR-LFM-DNO-SOS-H1-3",
    "source_damage_states": [
        0,
        1,
        2,
        3,
        4
    ],
    "target_damage_states": [
        0,
        1,
        2,
        3,
        4
    ],
    "conv_matrix": {
        "0": {
            "0": 1.0,
            "1": 1.00773157e-24,
            "2": 2.745742305e-55,
            "3": 6.240667192e-119,
            "4": 2.974716953e-143
        },
        "1": {
            "0": 1.367009317e-22,
            "1": 0.6695202153,
            "2": 0.0324345978,
            "3": 2.899456051e-19,
            "4": 0.0
        },
        "2": {
            "0": 2.467253339e-57,
            "1": 0.1515862258,
            "2": 0.4272441201,
            "3": 0.0092625658,
            "4": 0.003638127
        },
        "3": {
            "0": 2.651243711e-79,
            "1": 0.0009647405,
            "2": 0.3280384022,
            "3": 0.282554335,
            "4": 0.3545609062
        },
        "4": {
            "0": 5.461078488e-107,
            "1": 0.1779288184,
            "2": 0.2122828799,
            "3": 0.7081830991,
            "4": 0.6418009668
        }
    }
}