{
    "source_schema": "Medina_2019",
    "source_taxonomy": "M-MP",
    "target_schema": "SARA_v1.0",
    "target_taxonomy": "S-LFM-H4-7",
    "source_damage_states": [
        0,
        1,
        2,
        3,
        4
    ],
    "target_damage_states": [
        0,
        1,
        2,
        3,
        4
    ],
    "conv_matrix": {
        "0": {
            "0": 1.0,
            "1": 2.022594818e-24,
            "2": 1.34340399e-61,
            "3": 2.294338899e-111,
            "4": 1.758997976e-173
        },
        "1": {
            "0": 1.068044827e-22,
            "1": 0.3091201845,
            "2": 0.0024276659,
            "3": 2e-10,
            "4": 1.355175256e-36
        },
        "2": {
            "0": 5.106213901e-47,
            "1": 0.2089282765,
            "2": 0.0525833195,
            "3": 5e-10,
            "4": 1.081250024e-35
        },
        "3": {
            "0": 9.127940332e-55,
            "1": 0.4796696842,
            "2": 0.8758391044,
            "3": 0.6728686132,
            "4": 0.0103460411
        },
        "4": {
            "0": 2.752150873e-76,
            "1": 0.0022818547,
            "2": 0.0691499102,
            "3": 0.3271313861,
            "4": 0.9896539589
        }
    }
}