{
    "source_schema": "Medina_2019",
    "source_taxonomy": "M-MP",
    "target_schema": "SARA_v1.0",
    "target_taxonomy": "CR-LWAL-DUC-H4-7",
    "source_damage_states": [
        0,
        1,
        2,
        3,
        4
    ],
    "target_damage_states": [
        0,
        1,
        2,
        3,
        4
    ],
    "conv_matrix": {
        "0": {
            "0": 1.0,
            "1": 2.022594818e-24,
            "2": 1.34340399e-61,
            "3": 2.294338899e-111,
            "4": 1.758997976e-173
        },
        "1": {
            "0": 6.857125076e-23,
            "1": 0.3949000786,
            "2": 0.0019051112,
            "3": 7e-10,
            "4": 1.554657349e-36
        },
        "2": {
            "0": 1.237610832e-57,
            "1": 0.1815264186,
            "2": 0.1237350113,
            "3": 0.0004057523,
            "4": 4.806458732e-26
        },
        "3": {
            "0": 4.000059437e-62,
            "1": 0.4057050533,
            "2": 0.7726183843,
            "3": 0.7537869077,
            "4": 0.1743279728
        },
        "4": {
            "0": 1.766952102e-76,
            "1": 0.0178684495,
            "2": 0.1017414932,
            "3": 0.2458073393,
            "4": 0.8256720272
        }
    }
}