{"source_schema": "Medina_2019", "source_taxonomy": "M-PN", "target_schema": "SARA_v1.0", "target_taxonomy": "CR-LWAL-DUC-H4-7", "source_damage_states": [0, 1, 2, 3, 4], "target_damage_states": [0, 1, 2, 3, 4], "conv_matrix": {"0": {"0": 0.1747976034, "1": 0.0, "2": 8.434087396e-16, "3": 1.870409273e-21, "4": 2.859784974e-31}, "1": {"0": 0.0, "1": 1.0, "2": 0.1340248347, "3": 0.1258974958, "4": 0.0355683683}, "2": {"0": 0.0, "1": 0.0, "2": 0.3569949713, "3": 0.1598918945, "4": 0.1696827031}, "3": {"0": 0.0, "1": 0.0, "2": 0.230931763, "3": 0.1580466336, "4": 0.1907182174}, "4": {"0": 0.8252023966, "1": 5.289060127e-18, "2": 0.278048431, "3": 0.5561639761, "4": 0.6040307112}}}