{"source_schema": "Medina_2019", "source_taxonomy": "M-PCP3", "target_schema": "SARA_v1.0", "target_taxonomy": "CR-LWAL-DUC-H4-7", "source_damage_states": [0, 1, 2, 3, 4], "target_damage_states": [0, 1, 2, 3, 4], "conv_matrix": {"0": {"0": 0.1666791727, "1": 1e-10, "2": 0.0, "3": 2.849776848e-24, "4": 2.725543773e-34}, "1": {"0": 0.0, "1": 0.274981818, "2": 0.9999999756, "3": 0.119261262, "4": 0.0275990443}, "2": {"0": 0.0, "1": 0.2237123854, "2": 0.0, "3": 0.182679046, "4": 0.1534171435}, "3": {"0": 0.0, "1": 0.156935093, "2": 0.0, "3": 0.1685758106, "4": 0.1791926226}, "4": {"0": 0.8333208273, "1": 0.3443707035, "2": 2.44e-08, "3": 0.5294838813, "4": 0.6397911896}}}