{"source_schema": "Medina_2019", "source_taxonomy": "M-PCP1-T2", "target_schema": "SARA_v1.0", "target_taxonomy": "W-WWD-H1-2", "source_damage_states": [0, 1, 2, 3, 4], "target_damage_states": [0, 1, 2, 3, 4], "conv_matrix": {"0": {"0": 0.1666805786, "1": 0.0, "2": 2.613408697e-16, "3": 3.135544133e-24, "4": 3.027346814e-34}, "1": {"0": 0.0, "1": 0.3130012998, "2": 2.1862e-05, "3": 0.025539832, "4": 6.7137e-06}, "2": {"0": 0.0, "1": 0.0, "2": 0.0197012584, "3": 0.0463426895, "4": 0.008597817}, "3": {"0": 0.8332794424, "1": 0.6869985292, "2": 0.9802722855, "3": 0.9067829489, "4": 0.6296196992}, "4": {"0": 3.99789e-05, "1": 1.71e-07, "2": 4.5941e-06, "3": 0.0213345296, "4": 0.3617757701}}}