{
    "source_schema": "Medina_2019",
    "source_taxonomy": "M-PCP2",
    "target_schema": "SARA_v1.0",
    "target_taxonomy": "CR-LWAL-DUC-H4-7",
    "source_damage_states": [
        0,
        1,
        2,
        3,
        4
    ],
    "target_damage_states": [
        0,
        1,
        2,
        3,
        4
    ],
    "conv_matrix": {
        "0": {
            "0": 1.0,
            "1": 1.118555947e-25,
            "2": 0.0,
            "3": 1.387036793e-105,
            "4": 1.817716305e-91
        },
        "1": {
            "0": 6.857125076e-23,
            "1": 0.4879820033,
            "2": 0.0583730564,
            "3": 3e-10,
            "4": 2.5e-08
        },
        "2": {
            "0": 1.237610832e-57,
            "1": 0.2926969208,
            "2": 0.4076008251,
            "3": 0.1502200487,
            "4": 0.0089588285
        },
        "3": {
            "0": 4.000059437e-62,
            "1": 0.2168206135,
            "2": 0.533715084,
            "3": 0.7405413716,
            "4": 0.7608723614
        },
        "4": {
            "0": 1.766952102e-76,
            "1": 0.0025004623,
            "2": 0.0003110345,
            "3": 0.1092385794,
            "4": 0.2301687851
        }
    }
}