{
    "source_schema": "Medina_2019",
    "source_taxonomy": "M-PCP1-T2",
    "target_schema": "SARA_v1.0",
    "target_taxonomy": "CR-LFM-DNO-H1-3",
    "source_damage_states": [
        0,
        1,
        2,
        3,
        4
    ],
    "target_damage_states": [
        0,
        1,
        2,
        3,
        4
    ],
    "conv_matrix": {
        "0": {
            "0": 1.0,
            "1": 1.105342453e-25,
            "2": 0.0,
            "3": 6.999760375e-109,
            "4": 2.022122252e-143
        },
        "1": {
            "0": 1.764521023e-22,
            "1": 0.4376050699,
            "2": 0.0480603396,
            "3": 9e-10,
            "4": 4.64e-08
        },
        "2": {
            "0": 3.184705073e-57,
            "1": 0.4236761862,
            "2": 0.3396246259,
            "3": 0.1194326831,
            "4": 0.0225805428
        },
        "3": {
            "0": 2.292911119e-73,
            "1": 0.1382598218,
            "2": 0.6046581859,
            "3": 0.7395237022,
            "4": 0.6096106328
        },
        "4": {
            "0": 8.178314813e-160,
            "1": 0.0004589221,
            "2": 0.0076568486,
            "3": 0.1410436138,
            "4": 0.367808778
        }
    }
}