{
    "source_schema": "Medina_2019",
    "source_taxonomy": "M-MP",
    "target_schema": "SARA_v1.0",
    "target_taxonomy": "MR-DUC-H1-3",
    "source_damage_states": [
        0,
        1,
        2,
        3,
        4
    ],
    "target_damage_states": [
        0,
        1,
        2,
        3,
        4
    ],
    "conv_matrix": {
        "0": {
            "0": 1.0,
            "1": 2.022594818e-24,
            "2": 1.34340399e-61,
            "3": 2.294338899e-111,
            "4": 1.758997976e-173
        },
        "1": {
            "0": 4.439480187e-21,
            "1": 0.8572161786,
            "2": 0.2180568292,
            "3": 0.0159492243,
            "4": 0.0
        },
        "2": {
            "0": 5.987625089e-71,
            "1": 0.0810452911,
            "2": 0.3429542465,
            "3": 0.1311268615,
            "4": 3.55e-08
        },
        "3": {
            "0": 2.061021019e-111,
            "1": 0.0617385303,
            "2": 0.420361401,
            "3": 0.6877917329,
            "4": 0.5223208784
        },
        "4": {
            "0": 9.086116178e-182,
            "1": 1.41226725e-19,
            "2": 0.0186275233,
            "3": 0.1651321813,
            "4": 0.4776790862
        }
    }
}