{"source_schema": "Medina_2019", "source_taxonomy": "M-PCP1-T1", "target_schema": "SARA_v1.0", "target_taxonomy": "MUR-ADO-H1-2", "source_damage_states": [0, 1, 2, 3, 4], "target_damage_states": [0, 1, 2, 3, 4], "conv_matrix": {"0": {"0": 0.2001916142, "1": 0.0, "2": 0.0, "3": 4.074064542e-19, "4": 1.309187753e-30}, "1": {"0": 0.7975585874, "1": 0.9981002491, "2": 0.9958165109, "3": 0.2433606021, "4": 0.0011975129}, "2": {"0": 0.0022455642, "1": 0.0018995481, "2": 0.0041783166, "3": 0.3023217264, "4": 0.0641940425}, "3": {"0": 4.2342e-06, "1": 2.028e-07, "2": 5.1725e-06, "3": 0.369209126, "4": 0.5953875835}, "4": {"0": 0.0, "1": 6.649759294e-16, "2": 0.0, "3": 0.0851085455, "4": 0.3392208611}}}