{"source_schema": "Medina_2019", "source_taxonomy": "M-PCP1-T2", "target_schema": "SARA_v1.0", "target_taxonomy": "CR-LWAL-DUC-H4-7", "source_damage_states": [0, 1, 2, 3, 4], "target_damage_states": [0, 1, 2, 3, 4], "conv_matrix": {"0": {"0": 0.1666805786, "1": 0.0, "2": 2.613408697e-16, "3": 3.135544133e-24, "4": 3.027346814e-34}, "1": {"0": 0.0, "1": 1.0, "2": 6.98464e-05, "3": 0.1394674449, "4": 0.0290326215}, "2": {"0": 0.0, "1": 0.0, "2": 0.3572390157, "3": 0.173349479, "4": 0.1531909378}, "3": {"0": 0.0, "1": 0.0, "2": 0.2430562149, "3": 0.1622213581, "4": 0.1789284287}, "4": {"0": 0.8333194214, "1": 0.0, "2": 0.3996349231, "3": 0.5249617181, "4": 0.638848012}}}