{
    "source_schema": "Medina_2019",
    "source_taxonomy": "M-PCP2",
    "target_schema": "SARA_v1.0",
    "target_taxonomy": "CR-LFINF-DUC-H1-3",
    "source_damage_states": [
        0,
        1,
        2,
        3,
        4
    ],
    "target_damage_states": [
        0,
        1,
        2,
        3,
        4
    ],
    "conv_matrix": {
        "0": {
            "0": 1.0,
            "1": 1.118555947e-25,
            "2": 0.0,
            "3": 1.387036793e-105,
            "4": 1.817716305e-91
        },
        "1": {
            "0": 6.929385748e-23,
            "1": 0.3693857673,
            "2": 0.0630133222,
            "3": 0.0,
            "4": 0.0
        },
        "2": {
            "0": 5.874495294e-50,
            "1": 0.435068578,
            "2": 0.3490519427,
            "3": 0.1605344751,
            "4": 0.026521072
        },
        "3": {
            "0": 1.164246492e-55,
            "1": 0.1955456547,
            "2": 0.5879347351,
            "3": 0.8394655249,
            "4": 0.9554061404
        },
        "4": {
            "0": 3.223386972e-224,
            "1": 2.363808241e-64,
            "2": 3.822696939e-32,
            "3": 8.908121815e-16,
            "4": 0.0180727876
        }
    }
}