{"source_schema": "Medina_2019", "source_taxonomy": "M-PCP2", "target_schema": "SARA_v1.0", "target_taxonomy": "CR-LFM-DUC-H1-3", "source_damage_states": [0, 1, 2, 3, 4], "target_damage_states": [0, 1, 2, 3, 4], "conv_matrix": {"0": {"0": 0.1666805786, "1": 0.0, "2": 2.613408697e-16, "3": 3.135544133e-24, "4": 3.027346814e-34}, "1": {"0": 0.0, "1": 0.999999991, "2": 6.98464e-05, "3": 0.0904870459, "4": 0.0122037756}, "2": {"0": 0.0, "1": 0.0, "2": 0.3572390157, "3": 0.1733489929, "4": 0.1459605877}, "3": {"0": 0.8332794424, "1": 9e-09, "2": 0.64268655, "3": 0.71538531, "4": 0.4864225211}, "4": {"0": 3.99789e-05, "1": 0.0, "2": 4.588e-06, "3": 0.0207786512, "4": 0.3554131155}}}