{
    "source_schema": "Medina_2019",
    "source_taxonomy": "M-PCP2",
    "target_schema": "SARA_v1.0",
    "target_taxonomy": "CR-LFINF-DNO-H1-3",
    "source_damage_states": [
        0,
        1,
        2,
        3,
        4
    ],
    "target_damage_states": [
        0,
        1,
        2,
        3,
        4
    ],
    "conv_matrix": {
        "0": {
            "0": 1.0,
            "1": 1.118555947e-25,
            "2": 0.0,
            "3": 1.387036793e-105,
            "4": 1.817716305e-91
        },
        "1": {
            "0": 4.412911897e-21,
            "1": 0.703204423,
            "2": 0.192796789,
            "3": 0.0443018165,
            "4": 0.0962069687
        },
        "2": {
            "0": 1.158399424e-51,
            "1": 0.2705456068,
            "2": 0.4595930436,
            "3": 0.4226679073,
            "4": 0.1114611068
        },
        "3": {
            "0": 5.502238733e-87,
            "1": 0.0156029955,
            "2": 0.3067083906,
            "3": 0.5112737099,
            "4": 0.3833670976
        },
        "4": {
            "0": 8.998878942e-118,
            "1": 0.0106469747,
            "2": 0.0409017768,
            "3": 0.0217565662,
            "4": 0.4089648268
        }
    }
}