{"source_schema": "Medina_2019", "source_taxonomy": "M-MP", "target_schema": "SARA_v1.0", "target_taxonomy": "CR-PC-LWAL-DUC-H1-3", "source_damage_states": [0, 1, 2, 3, 4], "target_damage_states": [0, 1, 2, 3, 4], "conv_matrix": {"0": {"0": 0.1747976034, "1": 0.0, "2": 8.434087396e-16, "3": 1.870409273e-21, "4": 2.859784974e-31}, "1": {"0": 0.0, "1": 0.0, "2": 0.0035557969, "3": 0.0384048879, "4": 7.23656e-05}, "2": {"0": 0.0, "1": 0.0, "2": 8.891e-07, "3": 0.0364559987, "4": 0.013377533}, "3": {"0": 0.1747756165, "1": 0.0, "2": 7e-10, "3": 0.0944840774, "4": 0.36234014}, "4": {"0": 0.65042678, "1": 1.0, "2": 0.9964433133, "3": 0.830655036, "4": 0.6242099614}}}