{
    "source_schema": "Medina_2019",
    "source_taxonomy": "M-PCP3",
    "target_schema": "SARA_v1.0",
    "target_taxonomy": "CR-LFM-DNO-SOS-H1-3",
    "source_damage_states": [
        0,
        1,
        2,
        3,
        4
    ],
    "target_damage_states": [
        0,
        1,
        2,
        3,
        4
    ],
    "conv_matrix": {
        "0": {
            "0": 1.0,
            "1": 1.32244881e-25,
            "2": 0.0,
            "3": 1.216929021e-91,
            "4": 1.519627607e-89
        },
        "1": {
            "0": 1.367009317e-22,
            "1": 0.5254494848,
            "2": 0.0877232385,
            "3": 0.0033325497,
            "4": 0.0005301252
        },
        "2": {
            "0": 2.467253339e-57,
            "1": 0.4349680857,
            "2": 0.5486814359,
            "3": 0.4175312317,
            "4": 0.063295863
        },
        "3": {
            "0": 2.651243711e-79,
            "1": 0.0151015924,
            "2": 0.2930092693,
            "3": 0.3300305023,
            "4": 0.339980594
        },
        "4": {
            "0": 5.461078488e-107,
            "1": 0.0244808372,
            "2": 0.0705860563,
            "3": 0.2491057162,
            "4": 0.5961934178
        }
    }
}