{"source_schema": "Medina_2019", "source_taxonomy": "M-PCP3", "target_schema": "SARA_v1.0", "target_taxonomy": "CR-LFM-DUC-H4-7", "source_damage_states": [0, 1, 2, 3, 4], "target_damage_states": [0, 1, 2, 3, 4], "conv_matrix": {"0": {"0": 0.1666791727, "1": 1e-10, "2": 0.0, "3": 2.849776848e-24, "4": 2.725543773e-34}, "1": {"0": 0.0, "1": 0.274981818, "2": 0.9991511534, "3": 0.1396841392, "4": 0.0606578359}, "2": {"0": 0.0, "1": 0.2237123854, "2": 0.0, "3": 0.1826770111, "4": 0.1504432073}, "3": {"0": 0.8333208187, "1": 0.5013057963, "2": 0.0008488416, "3": 0.676042477, "4": 0.5222671474}, "4": {"0": 8.6e-09, "1": 2e-10, "2": 5e-09, "3": 0.0015963727, "4": 0.2666318093}}}