{"source_schema": "Medina_2019", "source_taxonomy": "M-PCP3", "target_schema": "SARA_v1.0", "target_taxonomy": "ER-ETR-H1-2", "source_damage_states": [0, 1, 2, 3, 4], "target_damage_states": [0, 1, 2, 3, 4], "conv_matrix": {"0": {"0": 0.1666791727, "1": 1e-10, "2": 0.0, "3": 2.849776848e-24, "4": 2.725543773e-34}, "1": {"0": 0.0, "1": 0.0, "2": 0.3394841307, "3": 0.0127252976, "4": 9.283e-07}, "2": {"0": 0.821316545, "1": 0.9999575963, "2": 0.6201429041, "3": 0.7615355561, "4": 0.1576967942}, "3": {"0": 0.0120042819, "1": 4.24035e-05, "2": 0.040372837, "3": 0.2243689453, "4": 0.6099819249}, "4": {"0": 4e-10, "1": 0.0, "2": 1.282e-07, "3": 0.001370201, "4": 0.2323203526}}}