{"source_schema": "Medina_2019", "source_taxonomy": "M-PCP1-T1", "target_schema": "SARA_v1.0", "target_taxonomy": "S-LFM-H4-7", "source_damage_states": [0, 1, 2, 3, 4], "target_damage_states": [0, 1, 2, 3, 4], "conv_matrix": {"0": {"0": 0.2001916142, "1": 0.0, "2": 0.0, "3": 4.074064542e-19, "4": 1.309187753e-30}, "1": {"0": 0.0, "1": 0.337686378, "2": 5.94083e-05, "3": 0.0165181064, "4": 8.84e-07}, "2": {"0": 0.0, "1": 0.0, "2": 0.5290452579, "3": 0.1634224168, "4": 0.1326105793}, "3": {"0": 0.7998083858, "1": 0.662313622, "2": 0.4708953338, "3": 0.7545322431, "4": 0.4989638144}, "4": {"0": 0.0, "1": 0.0, "2": 0.0, "3": 0.0655272338, "4": 0.3684247223}}}