{
    "source_schema": "Medina_2019",
    "source_taxonomy": "M-PCP2",
    "target_schema": "SARA_v1.0",
    "target_taxonomy": "CR-LFLS-DUC-H4-7",
    "source_damage_states": [
        0,
        1,
        2,
        3,
        4
    ],
    "target_damage_states": [
        0,
        1,
        2,
        3,
        4
    ],
    "conv_matrix": {
        "0": {
            "0": 1.0,
            "1": 1.118555947e-25,
            "2": 0.0,
            "3": 1.387036793e-105,
            "4": 1.817716305e-91
        },
        "1": {
            "0": 4.436073455e-22,
            "1": 0.5389707542,
            "2": 0.0887036487,
            "3": 0.0141083533,
            "4": 0.0169418126
        },
        "2": {
            "0": 4.793801603e-52,
            "1": 0.2650382141,
            "2": 0.4716412743,
            "3": 0.2360168716,
            "4": 0.0455842895
        },
        "3": {
            "0": 2.406046441e-58,
            "1": 0.1959910317,
            "2": 0.4396550769,
            "3": 0.7498747751,
            "4": 0.9150149435
        },
        "4": {
            "0": 5.01266445e-224,
            "1": 2.338823713e-57,
            "2": 2.139247587e-33,
            "3": 1.960200813e-17,
            "4": 0.0224589544
        }
    }
}