{
    "source_schema": "Medina_2019",
    "source_taxonomy": "M-PCP1-T1",
    "target_schema": "SARA_v1.0",
    "target_taxonomy": "CR-LWAL-DUC-H1-3",
    "source_damage_states": [
        0,
        1,
        2,
        3,
        4
    ],
    "target_damage_states": [
        0,
        1,
        2,
        3,
        4
    ],
    "conv_matrix": {
        "0": {
            "0": 1.0,
            "1": 1.105342453e-25,
            "2": 0.0,
            "3": 6.999760375e-109,
            "4": 2.022122252e-143
        },
        "1": {
            "0": 7.739444971e-23,
            "1": 0.4013520581,
            "2": 0.0462113404,
            "3": 3e-10,
            "4": 8.608165179e-23
        },
        "2": {
            "0": 1.396856791e-57,
            "1": 0.2728138824,
            "2": 0.3256661198,
            "3": 0.0454257356,
            "4": 3e-10
        },
        "3": {
            "0": 4.514755137e-62,
            "1": 0.3258340595,
            "2": 0.6281225397,
            "3": 0.9545742641,
            "4": 0.9680287189
        },
        "4": {
            "0": 4.828411606e-266,
            "1": 4.844671744e-84,
            "2": 4.452001219e-45,
            "3": 0.0,
            "4": 0.0319712808
        }
    }
}