{
    "source_schema": "Medina_2019",
    "source_taxonomy": "M-PCP3",
    "target_schema": "SARA_v1.0",
    "target_taxonomy": "CR-LDUAL-DUC-H8-19",
    "source_damage_states": [
        0,
        1,
        2,
        3,
        4
    ],
    "target_damage_states": [
        0,
        1,
        2,
        3,
        4
    ],
    "conv_matrix": {
        "0": {
            "0": 1.0,
            "1": 1.32244881e-25,
            "2": 0.0,
            "3": 1.216929021e-91,
            "4": 1.519627607e-89
        },
        "1": {
            "0": 9.767301394e-23,
            "1": 0.3981930762,
            "2": 0.0277128046,
            "3": 0.0002449007,
            "4": 0.0
        },
        "2": {
            "0": 4.669647408e-47,
            "1": 0.2495334743,
            "2": 0.3208521551,
            "3": 0.0819907056,
            "4": 0.0002823058
        },
        "3": {
            "0": 8.347528176e-55,
            "1": 0.3522734495,
            "2": 0.6514350404,
            "3": 0.9177643937,
            "4": 0.9443980048
        },
        "4": {
            "0": 2.002359076e-172,
            "1": 2.429361463e-30,
            "2": 5.55271523e-28,
            "3": 2.705412577e-17,
            "4": 0.0553196894
        }
    }
}