{"source_schema": "Medina_2019", "source_taxonomy": "M-PCP1-T2", "target_schema": "SARA_v1.0", "target_taxonomy": "MR-DUC-H1-3", "source_damage_states": [0, 1, 2, 3, 4], "target_damage_states": [0, 1, 2, 3, 4], "conv_matrix": {"0": {"0": 0.1666805786, "1": 0.0, "2": 2.613408697e-16, "3": 3.135544133e-24, "4": 3.027346814e-34}, "1": {"0": 0.0, "1": 0.3130012998, "2": 2.1862e-05, "3": 0.0351122299, "4": 0.0001878502}, "2": {"0": 0.8331928134, "1": 0.6869967494, "2": 0.9999462631, "3": 0.8315847538, "4": 0.2520270434}, "3": {"0": 0.000126608, "1": 1.9507e-06, "2": 3.18749e-05, "3": 0.1317315349, "4": 0.4798253165}, "4": {"0": 0.0, "1": 0.0, "2": 0.0, "3": 0.0015714814, "4": 0.2679597899}}}