{"source_schema": "Medina_2019", "source_taxonomy": "M-PCP1-T1", "target_schema": "SARA_v1.0", "target_taxonomy": "CR-LFM-DNO-H4-7", "source_damage_states": [0, 1, 2, 3, 4], "target_damage_states": [0, 1, 2, 3, 4], "conv_matrix": {"0": {"0": 0.4003832283, "1": 0.0, "2": 0.0849107625, "3": 3.97215e-05, "4": 7.087684354e-16}, "1": {"0": 0.4003832152, "1": 0.9999999929, "2": 0.9078477582, "3": 0.3821243144, "4": 0.0195830894}, "2": {"0": 0.0, "1": 0.0, "2": 0.0072414135, "3": 0.1465986818, "4": 0.1283408362}, "3": {"0": 0.1991910143, "1": 7.1e-09, "2": 6.58e-08, "3": 0.3109394591, "4": 0.6947325524}, "4": {"0": 4.25421e-05, "1": 9.774261527e-20, "2": 1.749357254e-17, "3": 0.1602978257, "4": 0.1573435221}}}