{"source_schema": "Medina_2019", "source_taxonomy": "M-PCP2", "target_schema": "SARA_v1.0", "target_taxonomy": "MUR-H1-3", "source_damage_states": [0, 1, 2, 3, 4], "target_damage_states": [0, 1, 2, 3, 4], "conv_matrix": {"0": {"0": 0.1666805786, "1": 0.0, "2": 2.613408697e-16, "3": 3.135544133e-24, "4": 3.027346814e-34}, "1": {"0": 0.7656612081, "1": 0.9960250414, "2": 0.9672106061, "3": 0.3651878532, "4": 0.0034344774}, "2": {"0": 0.0630085338, "1": 0.0039693707, "2": 0.0322047603, "3": 0.4106386425, "4": 0.1548343572}, "3": {"0": 0.0046496794, "1": 5.5879e-06, "2": 0.0005846336, "3": 0.2228181964, "4": 0.6097532943}, "4": {"0": 1e-10, "1": 0.0, "2": 0.0, "3": 0.0013553079, "4": 0.231977871}}}