{
    "source_schema": "Medina_2019",
    "source_taxonomy": "M-PCP1-T2",
    "target_schema": "SARA_v1.0",
    "target_taxonomy": "MR-DUC-H1-3",
    "source_damage_states": [
        0,
        1,
        2,
        3,
        4
    ],
    "target_damage_states": [
        0,
        1,
        2,
        3,
        4
    ],
    "conv_matrix": {
        "0": {
            "0": 1.0,
            "1": 1.105342453e-25,
            "2": 0.0,
            "3": 6.999760375e-109,
            "4": 2.022122252e-143
        },
        "1": {
            "0": 4.439480187e-21,
            "1": 0.9172775237,
            "2": 0.4087291592,
            "3": 0.127442348,
            "4": 0.0483899306
        },
        "2": {
            "0": 5.987625089e-71,
            "1": 0.082722473,
            "2": 0.5148868682,
            "3": 0.2857380642,
            "4": 0.0943035693
        },
        "3": {
            "0": 2.061021019e-111,
            "1": 3.3e-09,
            "2": 0.0641346592,
            "3": 0.5425904095,
            "4": 0.6258519963
        },
        "4": {
            "0": 9.086116178e-182,
            "1": 1.482828258e-17,
            "2": 0.0122493134,
            "3": 0.0442291783,
            "4": 0.2314545038
        }
    }
}