{
    "source_schema": "Medina_2019",
    "source_taxonomy": "M-PN",
    "target_schema": "SARA_v1.0",
    "target_taxonomy": "CR-LWAL-DUC-H4-7",
    "source_damage_states": [
        0,
        1,
        2,
        3,
        4
    ],
    "target_damage_states": [
        0,
        1,
        2,
        3,
        4
    ],
    "conv_matrix": {
        "0": {
            "0": 1.0,
            "1": 1.00773157e-24,
            "2": 2.745742305e-55,
            "3": 6.240667192e-119,
            "4": 2.974716953e-143
        },
        "1": {
            "0": 6.857125076e-23,
            "1": 0.655709576,
            "2": 0.0211295121,
            "3": 9.724296799e-20,
            "4": 2.927443721e-28
        },
        "2": {
            "0": 1.237610832e-57,
            "1": 0.1224077319,
            "2": 0.1899905958,
            "3": 2.5529e-06,
            "4": 0.0
        },
        "3": {
            "0": 4.000059437e-62,
            "1": 0.206429095,
            "2": 0.7542087722,
            "3": 0.8312737928,
            "4": 0.5171466491
        },
        "4": {
            "0": 1.766952102e-76,
            "1": 0.0154535971,
            "2": 0.0346711199,
            "3": 0.1687236543,
            "4": 0.4828533509
        }
    }
}