{"source_schema": "Medina_2019", "source_taxonomy": "M-PCP2", "target_schema": "SARA_v1.0", "target_taxonomy": "W-WBB-H1", "source_damage_states": [0, 1, 2, 3, 4], "target_damage_states": [0, 1, 2, 3, 4], "conv_matrix": {"0": {"0": 0.1666805786, "1": 0.0, "2": 2.613408697e-16, "3": 3.135544133e-24, "4": 3.027346814e-34}, "1": {"0": 0.0, "1": 0.3130012998, "2": 2.1862e-05, "3": 0.0255487078, "4": 6.7222e-06}, "2": {"0": 0.0, "1": 0.0, "2": 0.3572048304, "3": 0.1670602061, "4": 0.0930634065}, "3": {"0": 0.8332794424, "1": 0.6869985292, "2": 0.642768719, "3": 0.786105711, "4": 0.5461497911}, "4": {"0": 3.99789e-05, "1": 1.71e-07, "2": 4.5886e-06, "3": 0.0212853751, "4": 0.3607800803}}}