{"source_schema": "Medina_2019", "source_taxonomy": "M-PN", "target_schema": "SARA_v1.0", "target_taxonomy": "MUR-H1-3", "source_damage_states": [0, 1, 2, 3, 4], "target_damage_states": [0, 1, 2, 3, 4], "conv_matrix": {"0": {"0": 0.1747976034, "1": 0.0, "2": 8.434087396e-16, "3": 1.870409273e-21, "4": 2.859784974e-31}, "1": {"0": 0.7734719836, "1": 0.9999011294, "2": 0.9900870081, "3": 0.3130962882, "4": 0.0019213534}, "2": {"0": 0.0482120951, "1": 9.88706e-05, "2": 0.0099073836, "3": 0.360477273, "4": 0.1258142582}, "3": {"0": 0.0035183178, "1": 0.0, "2": 5.6082e-06, "3": 0.3120162426, "4": 0.5649946153}, "4": {"0": 1e-10, "1": 6.417390638e-25, "2": 0.0, "3": 0.0144101962, "4": 0.3072697731}}}