{
    "source_schema": "Medina_2019",
    "source_taxonomy": "M-PCP2",
    "target_schema": "SARA_v1.0",
    "target_taxonomy": "MR-DUC-H1-3",
    "source_damage_states": [
        0,
        1,
        2,
        3,
        4
    ],
    "target_damage_states": [
        0,
        1,
        2,
        3,
        4
    ],
    "conv_matrix": {
        "0": {
            "0": 1.0,
            "1": 1.118555947e-25,
            "2": 0.0,
            "3": 1.387036793e-105,
            "4": 1.817716305e-91
        },
        "1": {
            "0": 4.439480187e-21,
            "1": 0.9570071306,
            "2": 0.4663635682,
            "3": 0.1648549877,
            "4": 0.1186836704
        },
        "2": {
            "0": 5.987625089e-71,
            "1": 0.0429928694,
            "2": 0.4817879686,
            "3": 0.5857535519,
            "4": 0.1442969787
        },
        "3": {
            "0": 2.061021019e-111,
            "1": 0.0,
            "2": 0.0518484631,
            "3": 0.2493914579,
            "4": 0.6092514687
        },
        "4": {
            "0": 9.086116178e-182,
            "1": 2.298404168e-36,
            "2": 1e-10,
            "3": 2.5e-09,
            "4": 0.1277678822
        }
    }
}