{
    "source_schema": "Medina_2019",
    "source_taxonomy": "M-PCP3",
    "target_schema": "SARA_v1.0",
    "target_taxonomy": "MCF-DNO-H1-3",
    "source_damage_states": [
        0,
        1,
        2,
        3,
        4
    ],
    "target_damage_states": [
        0,
        1,
        2,
        3,
        4
    ],
    "conv_matrix": {
        "0": {
            "0": 1.0,
            "1": 1.32244881e-25,
            "2": 0.0,
            "3": 1.216929021e-91,
            "4": 1.519627607e-89
        },
        "1": {
            "0": 2.586194306e-22,
            "1": 0.5381011585,
            "2": 0.0879097924,
            "3": 0.0045575799,
            "4": 0.0010597598
        },
        "2": {
            "0": 4.667708548e-57,
            "1": 0.4465434278,
            "2": 0.8314647508,
            "3": 0.8689574934,
            "4": 0.4396313475
        },
        "3": {
            "0": 0.0,
            "1": 0.0135108305,
            "2": 0.0683683645,
            "3": 0.0824879563,
            "4": 0.0890206001
        },
        "4": {
            "0": 1.198667774e-159,
            "1": 0.0018445831,
            "2": 0.0122570922,
            "3": 0.0439969703,
            "4": 0.4702882925
        }
    }
}