{"source_schema": "Medina_2019", "source_taxonomy": "M-PCP1-T1", "target_schema": "SARA_v1.0", "target_taxonomy": "W-WWD-H1-2", "source_damage_states": [0, 1, 2, 3, 4], "target_damage_states": [0, 1, 2, 3, 4], "conv_matrix": {"0": {"0": 0.2001916142, "1": 0.0, "2": 0.0, "3": 4.074064542e-19, "4": 1.309187753e-30}, "1": {"0": 0.0, "1": 0.337686378, "2": 5.94083e-05, "3": 0.0165457163, "4": 8.862e-07}, "2": {"0": 0.0, "1": 0.0, "2": 0.0070719414, "3": 0.0309010424, "4": 0.0022168194}, "3": {"0": 0.7998075, "1": 0.6623135968, "2": 0.9928685069, "3": 0.8033511346, "4": 0.5464968658}, "4": {"0": 8.858e-07, "1": 2.52e-08, "2": 1.434e-07, "3": 0.1492021067, "4": 0.4512854286}}}