{"source_schema": "Medina_2019", "source_taxonomy": "M-PCP3", "target_schema": "SARA_v1.0", "target_taxonomy": "CR-LDUAL-DUC-H4-7", "source_damage_states": [0, 1, 2, 3, 4], "target_damage_states": [0, 1, 2, 3, 4], "conv_matrix": {"0": {"0": 0.1666791727, "1": 1e-10, "2": 0.0, "3": 2.849776848e-24, "4": 2.725543773e-34}, "1": {"0": 0.0, "1": 0.2749817959, "2": 0.9989710856, "3": 0.06071634, "4": 0.0053475701}, "2": {"0": 0.0, "1": 0.2237123854, "2": 0.0, "3": 0.1826770102, "4": 0.1504420402}, "3": {"0": 0.8333208187, "1": 0.5013058185, "2": 0.0010289069, "3": 0.7550102499, "4": 0.5775779192}, "4": {"0": 8.6e-09, "1": 2e-10, "2": 7.5e-09, "3": 0.0015963999, "4": 0.2666324704}}}