{"source_schema": "Medina_2019", "source_taxonomy": "M-MP", "target_schema": "SARA_v1.0", "target_taxonomy": "W-WHE-H1-3", "source_damage_states": [0, 1, 2, 3, 4], "target_damage_states": [0, 1, 2, 3, 4], "conv_matrix": {"0": {"0": 0.1747976034, "1": 0.0, "2": 8.434087396e-16, "3": 1.870409273e-21, "4": 2.859784974e-31}, "1": {"0": 0.0, "1": 0.0, "2": 0.1304677757, "3": 0.0277055686, "4": 8.506e-07}, "2": {"0": 0.0, "1": 0.0, "2": 0.3569949713, "3": 0.1569925726, "4": 0.0464693171}, "3": {"0": 0.8251719377, "1": 1.0, "2": 0.5125370195, "3": 0.7594864858, "4": 0.5180713252}, "4": {"0": 3.04588e-05, "1": 0.0, "2": 2.335e-07, "3": 0.055815373, "4": 0.4354585071}}}