{"source_schema": "Medina_2019", "source_taxonomy": "M-PCP3", "target_schema": "SARA_v1.0", "target_taxonomy": "CR-PC-LWAL-DUC-H1-3", "source_damage_states": [0, 1, 2, 3, 4], "target_damage_states": [0, 1, 2, 3, 4], "conv_matrix": {"0": {"0": 0.1666791727, "1": 1e-10, "2": 0.0, "3": 2.849776848e-24, "4": 2.725543773e-34}, "1": {"0": 0.0, "1": 0.0, "2": 0.2694170709, "3": 0.0339779235, "4": 0.0011712978}, "2": {"0": 0.0, "1": 0.0, "2": 0.0, "3": 0.0318074929, "4": 0.0286040936}, "3": {"0": 0.1666791498, "1": 0.0, "2": 0.1283143277, "3": 0.0610079595, "4": 0.3159648144}, "4": {"0": 0.6666416776, "1": 0.9999999999, "2": 0.6022686015, "3": 0.8732066241, "4": 0.6542597942}}}