{
    "source_schema": "Medina_2019",
    "source_taxonomy": "M-PCP3",
    "target_schema": "SARA_v1.0",
    "target_taxonomy": "CR-LFINF-DUC-H4-7",
    "source_damage_states": [
        0,
        1,
        2,
        3,
        4
    ],
    "target_damage_states": [
        0,
        1,
        2,
        3,
        4
    ],
    "conv_matrix": {
        "0": {
            "0": 1.0,
            "1": 1.32244881e-25,
            "2": 0.0,
            "3": 1.216929021e-91,
            "4": 1.519627607e-89
        },
        "1": {
            "0": 7.984175731e-23,
            "1": 0.4895910415,
            "2": 0.0856167272,
            "3": 0.0013315962,
            "4": 0.0
        },
        "2": {
            "0": 1.441027152e-57,
            "1": 0.2536039282,
            "2": 0.417705934,
            "3": 0.2110057421,
            "4": 0.0025359597
        },
        "3": {
            "0": 4.657517273e-62,
            "1": 0.2566217421,
            "2": 0.4966762669,
            "3": 0.6350411444,
            "4": 0.834957649
        },
        "4": {
            "0": 9.791198598e-80,
            "1": 0.0001832881,
            "2": 1.0719e-06,
            "3": 0.1526215173,
            "4": 0.1625063913
        }
    }
}