{"source_schema": "Medina_2019", "source_taxonomy": "M-PCP1-T2", "target_schema": "SARA_v1.0", "target_taxonomy": "CR-LFM-DUC-H4-7", "source_damage_states": [0, 1, 2, 3, 4], "target_damage_states": [0, 1, 2, 3, 4], "conv_matrix": {"0": {"0": 0.1666805786, "1": 0.0, "2": 2.613408697e-16, "3": 3.135544133e-24, "4": 3.027346814e-34}, "1": {"0": 0.0, "1": 0.9999999988, "2": 6.98464e-05, "3": 0.1596379051, "4": 0.0620193953}, "2": {"0": 0.0, "1": 0.0, "2": 0.3572390156, "3": 0.1733474662, "4": 0.1502213857}, "3": {"0": 0.8333194128, "1": 1.2e-09, "2": 0.6426911359, "3": 0.6654356123, "4": 0.5215204761}, "4": {"0": 8.6e-09, "1": 0.0, "2": 2.1e-09, "3": 0.0015790164, "4": 0.2662387429}}}