{"source_schema": "Medina_2019", "source_taxonomy": "M-PCP1-T1", "target_schema": "SARA_v1.0", "target_taxonomy": "W-WHE-H1-3", "source_damage_states": [0, 1, 2, 3, 4], "target_damage_states": [0, 1, 2, 3, 4], "conv_matrix": {"0": {"0": 0.2001916142, "1": 0.0, "2": 0.0, "3": 4.074064542e-19, "4": 1.309187753e-30}, "1": {"0": 0.0, "1": 0.337686378, "2": 5.94083e-05, "3": 0.0165057828, "4": 8.83e-07}, "2": {"0": 0.0, "1": 0.0, "2": 0.5290452579, "3": 0.1298941414, "4": 0.0640532158}, "3": {"0": 0.7998075, "1": 0.6623135968, "2": 0.4708951962, "3": 0.7047522512, "4": 0.4846856927}, "4": {"0": 8.858e-07, "1": 2.52e-08, "2": 1.376e-07, "3": 0.1488478246, "4": 0.4512602085}}}