{
    "source_schema": "SARA_v1.0",
    "source_taxonomy": "CR-LFINF-DUC-H4-7",
    "target_schema": "Medina_2019",
    "target_taxonomy": "M-PN",
    "source_damage_states": [
        0,
        1,
        2,
        3,
        4
    ],
    "target_damage_states": [
        0,
        1,
        2,
        3,
        4
    ],
    "conv_matrix": {
        "0": {
            "0": 1.0,
            "1": 1.037558333e-25,
            "2": 1.590298131e-60,
            "3": 6.628964366e-66,
            "4": 7.5471498e-83
        },
        "1": {
            "0": 1.048612935e-21,
            "1": 0.8866798726,
            "2": 0.1395758396,
            "3": 0.0290235439,
            "4": 0.0214740023
        },
        "2": {
            "0": 1.133174647e-51,
            "1": 0.1133201274,
            "2": 0.8604177778,
            "3": 0.4286066956,
            "4": 0.1917559012
        },
        "3": {
            "0": 1.633089332e-115,
            "1": 2.682748089e-19,
            "2": 6.3826e-06,
            "3": 0.302715399,
            "4": 0.3776683414
        },
        "4": {
            "0": 6.58768022e-140,
            "1": 8.870109089e-28,
            "2": 0.0,
            "3": 0.2396543615,
            "4": 0.4091017551
        }
    }
}