{
    "source_schema": "SARA_v1.0",
    "source_taxonomy": "CR-LFINF-DUC-H1-3",
    "target_schema": "Medina_2019",
    "target_taxonomy": "M-MP",
    "source_damage_states": [
        0,
        1,
        2,
        3,
        4
    ],
    "target_damage_states": [
        0,
        1,
        2,
        3,
        4
    ],
    "conv_matrix": {
        "0": {
            "0": 1.0,
            "1": 1.17287516e-25,
            "2": 4.765379896e-53,
            "3": 1.444904953e-59,
            "4": 2.735088422e-226
        },
        "1": {
            "0": 3.897079565e-21,
            "1": 0.9925772073,
            "2": 0.5040371293,
            "3": 0.0892332015,
            "4": 9.583497574e-38
        },
        "2": {
            "0": 6.085313483e-58,
            "1": 0.0074227922,
            "2": 0.4876436091,
            "3": 0.487024283,
            "4": 3e-10
        },
        "3": {
            "0": 6.924985142e-108,
            "1": 5e-10,
            "2": 0.0083192616,
            "3": 0.371317841,
            "4": 0.1366644342
        },
        "4": {
            "0": 9.220030642e-171,
            "1": 6.475984468e-37,
            "2": 3.2810238e-19,
            "3": 0.0524246745,
            "4": 0.8633355655
        }
    }
}