{"source_schema": "SARA_v1.0", "source_taxonomy": "CR-LFM-DNO-H4-7", "target_schema": "Medina_2019", "target_taxonomy": "M-PCP1-T1", "source_damage_states": [0, 1, 2, 3, 4], "target_damage_states": [0, 1, 2, 3, 4], "conv_matrix": {"0": {"0": 0.5, "1": 0.0040268478, "2": 0.0, "3": 0.0023839302, "4": 1.0733e-06}, "1": {"0": 0.0, "1": 0.0629439177, "2": 0.0, "3": 5e-10, "4": 1.543253605e-20}, "2": {"0": 0.4885425652, "1": 0.042067618, "2": 0.0009261032, "3": 3.6e-09, "4": 2.033353927e-18}, "3": {"0": 0.0114574348, "1": 0.8876909254, "2": 0.9399144204, "3": 0.8595425454, "4": 0.9340805117}, "4": {"0": 0.0, "1": 0.0032706911, "2": 0.0591594764, "3": 0.1380735202, "4": 0.065918415}}}