{"source_schema": "SARA_v1.0", "source_taxonomy": "CR-LFINF-DUC-H4-7", "target_schema": "SUPPASRI2013_v2.0", "target_taxonomy": "S1", "source_damage_states": [0, 1, 2, 3, 4], "target_damage_states": [0, 1, 2, 3, 4, 5, 6], "conv_matrix": {"0": {"0": 0.0419434635, "1": 2.79077e-05, "2": 2.4e-09, "3": 0.0, "4": 0.0}, "1": {"0": 0.0003807041, "1": 0.1189496741, "2": 0.5459263779, "3": 0.1158049356, "4": 0.0}, "2": {"0": 0.4152473736, "1": 0.073761374, "2": 0.0627197361, "3": 0.0027986285, "4": 1e-10}, "3": {"0": 0.3319439784, "1": 0.3761494011, "2": 0.376781484, "3": 0.5703848781, "4": 0.0109176901}, "4": {"0": 0.0642302392, "1": 0.2024986906, "2": 0.0144645927, "3": 0.2699660497, "4": 0.2022649194}, "5": {"0": 0.000441695, "1": 0.0383307361, "2": 4.64387e-05, "3": 0.0254187986, "4": 0.2346384599}, "6": {"0": 0.1458125462, "1": 0.1902822164, "2": 6.13682e-05, "3": 0.0156267095, "4": 0.5521789304}}}