{"source_schema": "SARA_v1.0", "source_taxonomy": "CR-LWAL-DUC-H4-7", "target_schema": "SUPPASRI2013_v2.0", "target_taxonomy": "RC1", "source_damage_states": [0, 1, 2, 3, 4], "target_damage_states": [0, 1, 2, 3, 4, 5, 6], "conv_matrix": {"0": {"0": 0.0507490886, "1": 0.0001591646, "2": 2.421e-06, "3": 8.21e-08, "4": 1.3e-09}, "1": {"0": 0.3179987862, "1": 0.082896939, "2": 0.0081591096, "3": 0.0002444031, "4": 8.98458e-05}, "2": {"0": 0.1007972586, "1": 0.1014308729, "2": 0.2744144061, "3": 0.0620399639, "4": 0.1555862982}, "3": {"0": 0.5105959338, "1": 0.6686966195, "2": 0.6110935559, "3": 0.6306949454, "4": 0.5677539382}, "4": {"0": 0.0044999283, "1": 0.0376350926, "2": 0.0482006673, "3": 0.0888298901, "4": 0.1159536311}, "5": {"0": 0.0004892485, "1": 0.0164731052, "2": 0.0126373075, "3": 0.0708010042, "4": 0.0813923209}, "6": {"0": 0.014869756, "1": 0.0927082062, "2": 0.0454925325, "3": 0.1473897111, "4": 0.0792239645}}}