{"source_schema": "SARA_v1.0", "source_taxonomy": "CR-LFM-DUC-H1-3", "target_schema": "SUPPASRI2013_v2.0", "target_taxonomy": "RC2", "source_damage_states": [0, 1, 2, 3, 4], "target_damage_states": [0, 1, 2, 3, 4, 5, 6], "conv_matrix": {"0": {"0": 0.0254338843, "1": 0.0001675391, "2": 5.022e-07, "3": 8.1e-08, "4": 6.1e-09}, "1": {"0": 0.1108286001, "1": 0.1337234838, "2": 0.0128371086, "3": 2.93426e-05, "4": 0.0}, "2": {"0": 0.0339061497, "1": 0.1357305663, "2": 0.245462019, "3": 0.0988485658, "4": 4e-10}, "3": {"0": 0.7673677895, "1": 0.6444484469, "2": 0.6454917245, "3": 0.7005953752, "4": 0.271547429}, "4": {"0": 0.0122888256, "1": 0.0191517089, "2": 0.0395598833, "3": 0.114209604, "4": 0.144517945}, "5": {"0": 0.0020272888, "1": 0.0058939842, "2": 0.0100284433, "3": 0.026095401, "4": 0.2607701443}, "6": {"0": 0.0481474621, "1": 0.0608842708, "2": 0.0466203192, "3": 0.0602216304, "4": 0.3231644753}}}