{"source_schema": "SARA_v1.0", "source_taxonomy": "CR-LWAL-DUC-H4-7", "target_schema": "SUPPASRI2013_v2.0", "target_taxonomy": "BRICK", "source_damage_states": [0, 1, 2, 3, 4], "target_damage_states": [0, 1, 2, 3, 4, 5, 6], "conv_matrix": {"0": {"0": 0.0381347807, "1": 1.64077e-05, "2": 5.7e-09, "3": 0.0, "4": 0.0}, "1": {"0": 0.0015874257, "1": 0.1686495327, "2": 0.3181268218, "3": 0.1462198283, "4": 0.2784583351}, "2": {"0": 0.4746224866, "1": 0.0952083787, "2": 0.0601565416, "3": 0.0110345006, "4": 0.0057467239}, "3": {"0": 0.3044462804, "1": 0.4137581906, "2": 0.3812244945, "3": 0.3766171834, "4": 0.3353759809}, "4": {"0": 0.0586550776, "1": 0.1577020815, "2": 0.1423093893, "3": 0.1853312185, "4": 0.1679325641}, "5": {"0": 0.0003796931, "1": 0.0232484995, "2": 0.0156382301, "3": 0.0754152704, "4": 0.0756522558}, "6": {"0": 0.1221742559, "1": 0.1414169092, "2": 0.082544517, "3": 0.2053819988, "4": 0.1368341401}}}