{"source_schema": "SARA_v1.0", "source_taxonomy": "W-WHE-H1-3", "target_schema": "Medina_2019", "target_taxonomy": "M-MP", "source_damage_states": [0, 1, 2, 3, 4], "target_damage_states": [0, 1, 2, 3, 4], "conv_matrix": {"0": {"0": 1.0, "1": 0.0, "2": 0.0, "3": 0.005310931, "4": 8.331e-07}, "1": {"0": 0.0, "1": 0.0, "2": 0.0, "3": 0.0243694877, "4": 0.0}, "2": {"0": 0.0, "1": 0.2032639859, "2": 0.0983779219, "3": 0.0265930711, "4": 5.15e-08}, "3": {"0": 1.592218279e-18, "1": 0.7967253477, "2": 0.7985443482, "3": 0.7273571205, "4": 0.2271542059}, "4": {"0": 1.061641676e-28, "1": 1.06665e-05, "2": 0.1030777298, "3": 0.2163693896, "4": 0.7728449096}}}