{"source_schema": "SARA_v1.0", "source_taxonomy": "CR-LFM-DNO-H4-7", "target_schema": "Medina_2019", "target_taxonomy": "M-PCP1-T2", "source_damage_states": [0, 1, 2, 3, 4], "target_damage_states": [0, 1, 2, 3, 4], "conv_matrix": {"0": {"0": 0.5, "1": 0.004026848, "2": 0.0, "3": 0.002395905, "4": 0.0050479766}, "1": {"0": 0.0, "1": 0.0833541047, "2": 0.0, "3": 5.615e-07, "4": 6.987465386e-17}, "2": {"0": 0.4999993178, "1": 0.102117478, "2": 0.0098400139, "3": 4.77266e-05, "4": 0.0}, "3": {"0": 6.822e-07, "1": 0.7333621554, "2": 0.7036932619, "3": 0.3736339111, "4": 0.0327931733}, "4": {"0": 2.443336529e-16, "1": 0.0771394139, "2": 0.2864667242, "3": 0.6239218957, "4": 0.96215885}}}