{
    "source_schema": "SARA_v1.0",
    "source_taxonomy": "CR-LFINF-DUC-H1-3",
    "target_schema": "Medina_2019",
    "target_taxonomy": "M-PN",
    "source_damage_states": [
        0,
        1,
        2,
        3,
        4
    ],
    "target_damage_states": [
        0,
        1,
        2,
        3,
        4
    ],
    "conv_matrix": {
        "0": {
            "0": 1.0,
            "1": 1.17287516e-25,
            "2": 4.765379896e-53,
            "3": 1.444904953e-59,
            "4": 2.735088422e-226
        },
        "1": {
            "0": 1.048612935e-21,
            "1": 0.9190444725,
            "2": 0.2038116766,
            "3": 0.0305730597,
            "4": 3.577891583e-55
        },
        "2": {
            "0": 1.133174647e-51,
            "1": 0.0809555275,
            "2": 0.7957593461,
            "3": 0.3845100803,
            "4": 7.02100901e-27
        },
        "3": {
            "0": 1.633089332e-115,
            "1": 1.272799865e-26,
            "2": 0.0004289772,
            "3": 0.3247023847,
            "4": 5.361e-07
        },
        "4": {
            "0": 6.58768022e-140,
            "1": 2.917107597e-33,
            "2": 1e-10,
            "3": 0.2602144753,
            "4": 0.9999994639
        }
    }
}