{
    "source_schema": "SARA_v1.0",
    "source_taxonomy": "MCF-DUC-H1-3",
    "target_schema": "Medina_2019",
    "target_taxonomy": "M-PN",
    "source_damage_states": [
        0,
        1,
        2,
        3,
        4
    ],
    "target_damage_states": [
        0,
        1,
        2,
        3,
        4
    ],
    "conv_matrix": {
        "0": {
            "0": 1.0,
            "1": 1.651870449e-24,
            "2": 2.843883729e-74,
            "3": 4.713237136e-115,
            "4": 1.09053763e-184
        },
        "1": {
            "0": 1.048612935e-21,
            "1": 0.3871773048,
            "2": 4.9109e-06,
            "3": 4e-10,
            "4": 1.89271673e-22
        },
        "2": {
            "0": 1.133174647e-51,
            "1": 0.6028854932,
            "2": 0.9077615801,
            "3": 0.1319491258,
            "4": 0.0222191695
        },
        "3": {
            "0": 1.633089332e-115,
            "1": 0.0075060701,
            "2": 0.0512367907,
            "3": 0.5691483637,
            "4": 1.14598e-05
        },
        "4": {
            "0": 6.58768022e-140,
            "1": 0.0024311319,
            "2": 0.0409967183,
            "3": 0.2989025102,
            "4": 0.9777693707
        }
    }
}