{
    "source_schema": "SARA_v1.0",
    "source_taxonomy": "MCF-DNO-H1-3",
    "target_schema": "Medina_2019",
    "target_taxonomy": "M-PN",
    "source_damage_states": [
        0,
        1,
        2,
        3,
        4
    ],
    "target_damage_states": [
        0,
        1,
        2,
        3,
        4
    ],
    "conv_matrix": {
        "0": {
            "0": 1.0,
            "1": 3.025223763e-25,
            "2": 8.889748316e-61,
            "3": 0.0,
            "4": 3.823176783e-163
        },
        "1": {
            "0": 1.048612935e-21,
            "1": 0.8436115412,
            "2": 0.0587962425,
            "3": 0.0023285518,
            "4": 0.002838277
        },
        "2": {
            "0": 1.133174647e-51,
            "1": 0.1563884588,
            "2": 0.6414508956,
            "3": 0.4527131289,
            "4": 0.0899588363
        },
        "3": {
            "0": 1.633089332e-115,
            "1": 1.074090672e-18,
            "2": 0.1349741001,
            "3": 0.3921775846,
            "4": 0.5137684242
        },
        "4": {
            "0": 6.58768022e-140,
            "1": 0.0,
            "2": 0.1647787619,
            "3": 0.1527807346,
            "4": 0.3934344625
        }
    }
}