{
    "source_schema": "SARA_v1.0",
    "source_taxonomy": "CR-LWAL-DNO-H4-7",
    "target_schema": "Medina_2019",
    "target_taxonomy": "M-PCP1-T2",
    "source_damage_states": [
        0,
        1,
        2,
        3,
        4
    ],
    "target_damage_states": [
        0,
        1,
        2,
        3,
        4
    ],
    "conv_matrix": {
        "0": {
            "0": 1.0,
            "1": 8.911002032e-26,
            "2": 1.357809407e-60,
            "3": 6.017112779e-66,
            "4": 1.058558229e-79
        },
        "1": {
            "0": 2.048960702e-22,
            "1": 0.9668165878,
            "2": 0.5548180767,
            "3": 0.0899029352,
            "4": 0.0038046669
        },
        "2": {
            "0": 0.0,
            "1": 0.0331834103,
            "2": 0.1974309499,
            "3": 0.050815519,
            "4": 0.0055538666
        },
        "3": {
            "0": 3.479716879e-105,
            "1": 1.9e-09,
            "2": 0.2477509726,
            "3": 0.5938246948,
            "4": 0.4779182834
        },
        "4": {
            "0": 5.299064891e-140,
            "1": 2.931479494e-22,
            "2": 8e-10,
            "3": 0.2654568509,
            "4": 0.5127231831
        }
    }
}