{"source_schema": "SARA_v1.0", "source_taxonomy": "MR-DNO-H1-3", "target_schema": "Medina_2019", "target_taxonomy": "M-PCP3", "source_damage_states": [0, 1, 2, 3, 4], "target_damage_states": [0, 1, 2, 3, 4], "conv_matrix": {"0": {"0": 0.9999999921, "1": 0.0, "2": 0.0084994611, "3": 0.000151953, "4": 0.0}, "1": {"0": 7.9e-09, "1": 0.1569168805, "2": 0.0820314336, "3": 5.8684e-06, "4": 0.0}, "2": {"0": 0.0, "1": 0.3168751436, "2": 0.0010676268, "3": 0.0024577744, "4": 2.88e-08}, "3": {"0": 1.84154364e-21, "1": 0.4614541158, "2": 0.77219357, "3": 0.3050828223, "4": 0.0070085764}, "4": {"0": 1.471754419e-31, "1": 0.0647538601, "2": 0.1362079084, "3": 0.6923015819, "4": 0.9929913948}}}