{
    "source_schema": "SARA_v1.0",
    "source_taxonomy": "CR-LFINF-DNO-H1-3",
    "target_schema": "Medina_2019",
    "target_taxonomy": "M-PCP2",
    "source_damage_states": [
        0,
        1,
        2,
        3,
        4
    ],
    "target_damage_states": [
        0,
        1,
        2,
        3,
        4
    ],
    "conv_matrix": {
        "0": {
            "0": 1.0,
            "1": 2.383816546e-24,
            "2": 5.847880992e-55,
            "3": 1.603271415e-90,
            "4": 3.291428869e-121
        },
        "1": {
            "0": 1.704829703e-22,
            "1": 0.5789651979,
            "2": 0.2081632074,
            "3": 0.0069294521,
            "4": 0.0059353397
        },
        "2": {
            "0": 0.0,
            "1": 0.0459634114,
            "2": 0.1023949466,
            "3": 0.0394419303,
            "4": 0.0066024196
        },
        "3": {
            "0": 2.096517282e-102,
            "1": 0.0361725872,
            "2": 0.3225150102,
            "3": 0.225180898,
            "4": 0.0120280959
        },
        "4": {
            "0": 1.185337528e-87,
            "1": 0.3388988035,
            "2": 0.3669268358,
            "3": 0.7284477196,
            "4": 0.9754341448
        }
    }
}