{
    "source_schema": "SARA_v1.0",
    "source_taxonomy": "W-WS-H1-2",
    "target_schema": "Medina_2019",
    "target_taxonomy": "M-PCP3",
    "source_damage_states": [
        0,
        1,
        2,
        3,
        4
    ],
    "target_damage_states": [
        0,
        1,
        2,
        3,
        4
    ],
    "conv_matrix": {
        "0": {
            "0": 1.0,
            "1": 1.610169113e-25,
            "2": 7.287810512e-50,
            "3": 9.833598016e-59,
            "4": 1.293699665e-184
        },
        "1": {
            "0": 1.973929182e-22,
            "1": 0.9383973853,
            "2": 0.6275416792,
            "3": 0.0614108289,
            "4": 1.038079055e-39
        },
        "2": {
            "0": 0.0,
            "1": 0.0609689643,
            "2": 0.144851414,
            "3": 0.0351226197,
            "4": 5.426103651e-25
        },
        "3": {
            "0": 1.916779682e-88,
            "1": 0.0006336503,
            "2": 0.2262535939,
            "3": 0.1684269517,
            "4": 0.0
        },
        "4": {
            "0": 9.881115807e-86,
            "1": 0.0,
            "2": 0.0013533129,
            "3": 0.7350395997,
            "4": 1.0
        }
    }
}