{"source_schema": "SARA_v1.0", "source_taxonomy": "CR-LFINF-DNO-H1-3", "target_schema": "Medina_2019", "target_taxonomy": "M-PCP1-T2", "source_damage_states": [0, 1, 2, 3, 4], "target_damage_states": [0, 1, 2, 3, 4], "conv_matrix": {"0": {"0": 0.1111111111, "1": 0.0029373639, "2": 0.0, "3": 0.0042708969, "4": 0.0046273119}, "1": {"0": 0.2222017876, "1": 0.1095270692, "2": 0.0004168145, "3": 1.42559e-05, "4": 8.3e-09}, "2": {"0": 0.6660526014, "1": 0.1182089026, "2": 0.0069840276, "3": 0.0010847837, "4": 0.0}, "3": {"0": 0.0006344998, "1": 0.757955178, "2": 0.7425364464, "3": 0.4222577866, "4": 0.0437818139}, "4": {"0": 0.0, "1": 0.0113714863, "2": 0.2500627114, "3": 0.5723722768, "4": 0.9515908659}}}