{"source_schema": "SARA_v1.0", "source_taxonomy": "S-LFM-H4-7", "target_schema": "Medina_2019", "target_taxonomy": "M-PCP1-T1", "source_damage_states": [0, 1, 2, 3, 4], "target_damage_states": [0, 1, 2, 3, 4], "conv_matrix": {"0": {"0": 1.0, "1": 0.0, "2": 0.0, "3": 0.0042166315, "4": 0.0}, "1": {"0": 0.0, "1": 0.3564504219, "2": 0.0, "3": 0.0218528356, "4": 0.0}, "2": {"0": 0.0, "1": 4.61651e-05, "2": 0.0575058922, "3": 0.0114379876, "4": 0.0}, "3": {"0": 4.700561884e-16, "1": 0.6435009371, "2": 0.8905398538, "3": 0.9188090173, "4": 0.712134242}, "4": {"0": 1.085987967e-28, "1": 2.4759e-06, "2": 0.0519542539, "3": 0.043683528, "4": 0.287865758}}}