{"source_schema": "SARA_v1.0", "source_taxonomy": "CR-PC-LWAL-H1-3", "target_schema": "Medina_2019", "target_taxonomy": "M-MP", "source_damage_states": [0, 1, 2, 3, 4], "target_damage_states": [0, 1, 2, 3, 4], "conv_matrix": {"0": {"0": 1.0, "1": 0.0, "2": 0.0, "3": 0.0046302675, "4": 0.0036835543}, "1": {"0": 0.0, "1": 0.0, "2": 0.0, "3": 0.0, "4": 0.0214431634}, "2": {"0": 0.0, "1": 0.0049869854, "2": 1.139e-06, "3": 2e-10, "4": 0.0454923434}, "3": {"0": 1.592218279e-18, "1": 0.9941960631, "2": 0.8620500029, "3": 0.3724648497, "4": 0.6999883332}, "4": {"0": 1.061641676e-28, "1": 0.0008169515, "2": 0.1379488581, "3": 0.6229048827, "4": 0.2293926058}}}