{"source_schema": "SARA_v1.0", "source_taxonomy": "MR-DUC-H1-3", "target_schema": "Medina_2019", "target_taxonomy": "M-PCP1-T2", "source_damage_states": [0, 1, 2, 3, 4], "target_damage_states": [0, 1, 2, 3, 4], "conv_matrix": {"0": {"0": 1.0, "1": 0.0, "2": 0.0065128462, "3": 2.1982e-06, "4": 0.0}, "1": {"0": 0.0, "1": 0.3599464768, "2": 0.0370560565, "3": 2.337e-07, "4": 0.0}, "2": {"0": 0.0, "1": 3.31021e-05, "2": 0.0710158243, "3": 5.0282e-06, "4": 0.0}, "3": {"0": 2.048480026e-21, "1": 0.637198582, "2": 0.7078408781, "3": 0.2490597659, "4": 0.0070350867}, "4": {"0": 1.637137173e-31, "1": 0.0028218391, "2": 0.1775743949, "3": 0.750932774, "4": 0.9929649133}}}