{"source_schema": "SARA_v1.0", "source_taxonomy": "CR-LFM-DUC-H4-7", "target_schema": "Medina_2019", "target_taxonomy": "M-PCP1-T1", "source_damage_states": [0, 1, 2, 3, 4], "target_damage_states": [0, 1, 2, 3, 4], "conv_matrix": {"0": {"0": 1.0, "1": 0.0, "2": 0.0, "3": 0.0052791129, "4": 0.0}, "1": {"0": 0.0, "1": 0.1744196078, "2": 0.0, "3": 0.0, "4": 4.643085903e-20}, "2": {"0": 0.0, "1": 2.25897e-05, "2": 0.0569064027, "3": 0.0143165194, "4": 0.0}, "3": {"0": 4.700561884e-16, "1": 0.813654541, "2": 0.8898659501, "3": 0.9337864108, "4": 0.7645046202}, "4": {"0": 1.085987967e-28, "1": 0.0119032615, "2": 0.0532276473, "3": 0.0466179569, "4": 0.2354953797}}}