{
    "source_schema": "SARA_v1.0",
    "source_taxonomy": "S-LFM-H4-7",
    "target_schema": "Medina_2019",
    "target_taxonomy": "M-PCP1-T1",
    "source_damage_states": [
        0,
        1,
        2,
        3,
        4
    ],
    "target_damage_states": [
        0,
        1,
        2,
        3,
        4
    ],
    "conv_matrix": {
        "0": {
            "0": 1.0,
            "1": 1.760704133e-25,
            "2": 7.969149717e-50,
            "3": 1.317744659e-58,
            "4": 1.509094773e-79
        },
        "1": {
            "0": 2.048960702e-22,
            "1": 0.9580463215,
            "2": 0.7359395965,
            "3": 0.1155989491,
            "4": 0.0001305248
        },
        "2": {
            "0": 0.0,
            "1": 0.0419536785,
            "2": 0.1460546936,
            "3": 0.0612217628,
            "4": 0.0051860998
        },
        "3": {
            "0": 3.479716879e-105,
            "1": 0.0,
            "2": 0.11800571,
            "3": 0.6079785831,
            "4": 0.3751420679
        },
        "4": {
            "0": 5.299064891e-140,
            "1": 1.365712069e-22,
            "2": 0.0,
            "3": 0.215200705,
            "4": 0.6195413074
        }
    }
}