{"source_schema": "SARA_v1.0", "source_taxonomy": "W-WS-H1-2", "target_schema": "Medina_2019", "target_taxonomy": "M-PCP2", "source_damage_states": [0, 1, 2, 3, 4], "target_damage_states": [0, 1, 2, 3, 4], "conv_matrix": {"0": {"0": 1.0, "1": 0.0, "2": 0.0, "3": 0.005697838, "4": 1.1476e-06}, "1": {"0": 0.0, "1": 0.4369739304, "2": 0.0, "3": 0.0324156285, "4": 3.39e-08}, "2": {"0": 0.0, "1": 4.01859e-05, "2": 0.1088123478, "3": 0.0399325759, "4": 1.1967e-06}, "3": {"0": 2.048480026e-21, "1": 0.562863296, "2": 0.6099363569, "3": 0.5853345963, "4": 0.0665323473}, "4": {"0": 1.637137173e-31, "1": 0.0001225877, "2": 0.2812512952, "3": 0.3366193614, "4": 0.9334652746}}}