{"source_schema": "SARA_v1.0", "source_taxonomy": "MUR-STRUB-H1-2", "target_schema": "Medina_2019", "target_taxonomy": "M-MP", "source_damage_states": [0, 1, 2, 3, 4], "target_damage_states": [0, 1, 2, 3, 4], "conv_matrix": {"0": {"0": 1.0, "1": 0.0, "2": 0.006952615, "3": 0.0001099744, "4": 0.0}, "1": {"0": 0.0, "1": 0.0, "2": 0.0322589579, "3": 6e-10, "4": 3.336844721e-22}, "2": {"0": 0.0, "1": 0.2838856817, "2": 0.0597155805, "3": 8.7718e-06, "4": 0.0}, "3": {"0": 1.592218279e-18, "1": 0.7161077757, "2": 0.8304776366, "3": 0.5591983079, "4": 0.0970983578}, "4": {"0": 1.061641676e-28, "1": 6.5426e-06, "2": 0.07059521, "3": 0.4406829453, "4": 0.9029016422}}}