{
    "source_schema": "SARA_v1.0",
    "source_taxonomy": "CR-LFINF-DNO-H1-3",
    "target_schema": "Medina_2019",
    "target_taxonomy": "M-PCP3",
    "source_damage_states": [
        0,
        1,
        2,
        3,
        4
    ],
    "target_damage_states": [
        0,
        1,
        2,
        3,
        4
    ],
    "conv_matrix": {
        "0": {
            "0": 1.0,
            "1": 2.383817874e-24,
            "2": 5.850086074e-55,
            "3": 1.603389294e-90,
            "4": 3.290225439e-121
        },
        "1": {
            "0": 1.973929182e-22,
            "1": 0.5557193825,
            "2": 0.1903787344,
            "3": 0.0030558867,
            "4": 0.0279424183
        },
        "2": {
            "0": 0.0,
            "1": 0.0540014809,
            "2": 0.1006504279,
            "3": 0.0295269119,
            "4": 0.0100000973
        },
        "3": {
            "0": 1.916779682e-88,
            "1": 0.0929452557,
            "2": 0.4282896651,
            "3": 0.1345503998,
            "4": 0.0340891097
        },
        "4": {
            "0": 9.881115807e-86,
            "1": 0.2973338808,
            "2": 0.2806811726,
            "3": 0.8328668016,
            "4": 0.9279683747
        }
    }
}