{"source_schema": "SARA_v1.0", "source_taxonomy": "CR-LFLS-DUC-H4-7", "target_schema": "Medina_2019", "target_taxonomy": "M-PCP1-T1", "source_damage_states": [0, 1, 2, 3, 4], "target_damage_states": [0, 1, 2, 3, 4], "conv_matrix": {"0": {"0": 1.0, "1": 0.0, "2": 0.0, "3": 0.0047692668, "4": 0.0}, "1": {"0": 0.0, "1": 0.317924083, "2": 0.0, "3": 0.0, "4": 1.63573808e-18}, "2": {"0": 0.0, "1": 4.11754e-05, "2": 0.0569065704, "3": 0.0129338587, "4": 0.0}, "3": {"0": 4.700561884e-16, "1": 0.6805257612, "2": 0.8898659756, "3": 0.937811414, "4": 0.7645050975}, "4": {"0": 1.085987967e-28, "1": 0.0015089804, "2": 0.053227454, "3": 0.0444854604, "4": 0.2354949025}}}