{"source_schema": "SARA_v1.0", "source_taxonomy": "MCF-DNO-H1-3", "target_schema": "Medina_2019", "target_taxonomy": "M-PCP1-T2", "source_damage_states": [0, 1, 2, 3, 4], "target_damage_states": [0, 1, 2, 3, 4], "conv_matrix": {"0": {"0": 1.0, "1": 0.0, "2": 0.0084993801, "3": 0.0001519454, "4": 0.0}, "1": {"0": 0.0, "1": 0.3601127804, "2": 4.794e-06, "3": 8.56e-08, "4": 0.0}, "2": {"0": 0.0, "1": 3.31174e-05, "2": 0.0938790642, "3": 0.0001670275, "4": 0.0}, "3": {"0": 2.048480026e-21, "1": 0.5721143555, "2": 0.7611396981, "3": 0.3067507601, "4": 0.0070085951}, "4": {"0": 1.637137173e-31, "1": 0.0677397467, "2": 0.1364770637, "3": 0.6929301814, "4": 0.9929914048}}}