{
    "source_schema": "SARA_v1.0",
    "source_taxonomy": "CR-LWAL-DUC-H8-19",
    "target_schema": "Medina_2019",
    "target_taxonomy": "M-PCP1-T2",
    "source_damage_states": [
        0,
        1,
        2,
        3,
        4
    ],
    "target_damage_states": [
        0,
        1,
        2,
        3,
        4
    ],
    "conv_matrix": {
        "0": {
            "0": 1.0,
            "1": 1.610169113e-25,
            "2": 7.287810512e-50,
            "3": 9.948257914e-59,
            "4": 5.56664355e-175
        },
        "1": {
            "0": 2.048960702e-22,
            "1": 0.9874961208,
            "2": 0.7318714252,
            "3": 0.093639946,
            "4": 3.352908905e-26
        },
        "2": {
            "0": 0.0,
            "1": 0.0125037822,
            "2": 0.2040289772,
            "3": 0.0493692885,
            "4": 4.851457427e-24
        },
        "3": {
            "0": 3.479716879e-105,
            "1": 9.7e-08,
            "2": 0.0640995961,
            "3": 0.5874912941,
            "4": 0.0014334416
        },
        "4": {
            "0": 5.299064891e-140,
            "1": 2.198262051e-26,
            "2": 1.5e-09,
            "3": 0.2694994714,
            "4": 0.9985665584
        }
    }
}