{"source_schema": "SARA_v1.0", "source_taxonomy": "W-WWD-H1-2", "target_schema": "Medina_2019", "target_taxonomy": "M-PCP2", "source_damage_states": [0, 1, 2, 3, 4], "target_damage_states": [0, 1, 2, 3, 4], "conv_matrix": {"0": {"0": 1.0, "1": 0.0, "2": 0.0, "3": 0.004902333, "4": 1.1444e-06}, "1": {"0": 0.0, "1": 0.4370594613, "2": 0.0, "3": 0.027889913, "4": 3.38e-08}, "2": {"0": 0.0, "1": 4.01937e-05, "2": 0.0298308061, "3": 0.0523976766, "4": 1.1949e-06}, "3": {"0": 2.048480026e-21, "1": 0.562777888, "2": 0.8410133833, "3": 0.5809239761, "4": 0.0665044442}, "4": {"0": 1.637137173e-31, "1": 0.0001224569, "2": 0.1291558106, "3": 0.3338861013, "4": 0.9334931827}}}