{"source_schema": "SARA_v1.0", "source_taxonomy": "W-WHE-H1-3", "target_schema": "SUPPASRI2013_v2.0", "target_taxonomy": "RC2", "source_damage_states": [0, 1, 2, 3, 4], "target_damage_states": [0, 1, 2, 3, 4, 5, 6], "conv_matrix": {"0": {"0": 0.0094092665, "1": 7.04101e-05, "2": 5.81e-08, "3": 1.503e-07, "4": 2e-09}, "1": {"0": 0.0709054955, "1": 0.2155695966, "2": 0.0390377395, "3": 1.08e-08, "4": 0.0}, "2": {"0": 0.0231653647, "1": 0.2894635004, "2": 0.2903886216, "3": 2.703e-07, "4": 6.5e-09}, "3": {"0": 0.7848615726, "1": 0.4914340021, "2": 0.6462818167, "3": 0.7019736027, "4": 0.2861357342}, "4": {"0": 0.0179455319, "1": 0.0034594257, "2": 0.0242869336, "3": 0.1207341706, "4": 0.1569554027}, "5": {"0": 0.0051140701, "1": 1.5809e-06, "2": 4.5159e-06, "3": 0.0399106169, "4": 0.2556828778}, "6": {"0": 0.0885986988, "1": 1.4842e-06, "2": 3.147e-07, "3": 0.1373811785, "4": 0.3012259768}}}