{
    "source_schema": "SARA_v1.0",
    "source_taxonomy": "CR-LFM-DNO-H4-7",
    "target_schema": "Medina_2019",
    "target_taxonomy": "M-MP",
    "source_damage_states": [
        0,
        1,
        2,
        3,
        4
    ],
    "target_damage_states": [
        0,
        1,
        2,
        3,
        4
    ],
    "conv_matrix": {
        "0": {
            "0": 1.0,
            "1": 9.464217222e-25,
            "2": 4.45245843e-59,
            "3": 7.787031836e-81,
            "4": 4.525351045e-30
        },
        "1": {
            "0": 3.897079565e-21,
            "1": 0.9999818594,
            "2": 0.2663129863,
            "3": 7.017e-07,
            "4": 0.169793749
        },
        "2": {
            "0": 6.085313483e-58,
            "1": 1.81406e-05,
            "2": 0.733687011,
            "3": 0.8574396101,
            "4": 0.4602692467
        },
        "3": {
            "0": 6.924985142e-108,
            "1": 4.252418442e-24,
            "2": 2.7e-09,
            "3": 0.1425596882,
            "4": 0.3150546967
        },
        "4": {
            "0": 9.220030642e-171,
            "1": 1.168030905e-53,
            "2": 7.523600543e-29,
            "3": 3.47451446e-16,
            "4": 0.0548823076
        }
    }
}