{
    "source_schema": "SARA_v1.0",
    "source_taxonomy": "CR-LWAL-DNO-H1-3",
    "target_schema": "Medina_2019",
    "target_taxonomy": "M-PN",
    "source_damage_states": [
        0,
        1,
        2,
        3,
        4
    ],
    "target_damage_states": [
        0,
        1,
        2,
        3,
        4
    ],
    "conv_matrix": {
        "0": {
            "0": 1.0,
            "1": 1.005753899e-25,
            "2": 1.532505354e-60,
            "3": 5.482920956e-66,
            "4": 5.763050441e-268
        },
        "1": {
            "0": 1.048612935e-21,
            "1": 0.8866795068,
            "2": 0.1397514885,
            "3": 0.0280380657,
            "4": 3.507538957e-70
        },
        "2": {
            "0": 1.133174647e-51,
            "1": 0.1133204932,
            "2": 0.8602411822,
            "3": 0.3953898527,
            "4": 3.026759855e-34
        },
        "3": {
            "0": 1.633089332e-115,
            "1": 3.30697564e-19,
            "2": 7.3294e-06,
            "3": 0.3178012297,
            "4": 1.5176e-06
        },
        "4": {
            "0": 6.58768022e-140,
            "1": 8.877127529e-28,
            "2": 0.0,
            "3": 0.2587708519,
            "4": 0.9999984824
        }
    }
}