{
    "source_schema": "SARA_v1.0",
    "source_taxonomy": "CR-LFLS-DUC-H1-3",
    "target_schema": "Medina_2019",
    "target_taxonomy": "M-PCP2",
    "source_damage_states": [
        0,
        1,
        2,
        3,
        4
    ],
    "target_damage_states": [
        0,
        1,
        2,
        3,
        4
    ],
    "conv_matrix": {
        "0": {
            "0": 1.0,
            "1": 4.469980408e-25,
            "2": 3.786268826e-55,
            "3": 3.168757373e-62,
            "4": 3.42265535e-226
        },
        "1": {
            "0": 1.704829703e-22,
            "1": 0.8277427449,
            "2": 0.3190532538,
            "3": 0.0393409164,
            "4": 2.433970534e-56
        },
        "2": {
            "0": 0.0,
            "1": 0.0394469346,
            "2": 0.1644023716,
            "3": 0.0255541805,
            "4": 6.446447812e-33
        },
        "3": {
            "0": 2.096517282e-102,
            "1": 0.0214878856,
            "2": 0.281763611,
            "3": 0.1492740072,
            "4": 2.023045107e-16
        },
        "4": {
            "0": 1.185337528e-87,
            "1": 0.1113224349,
            "2": 0.2347807636,
            "3": 0.7858308958,
            "4": 1.0
        }
    }
}