{"source_schema": "SARA_v1.0", "source_taxonomy": "W-WWD-H1-2", "target_schema": "Medina_2019", "target_taxonomy": "M-PCP1-T1", "source_damage_states": [0, 1, 2, 3, 4], "target_damage_states": [0, 1, 2, 3, 4], "conv_matrix": {"0": {"0": 1.0, "1": 0.0, "2": 0.0, "3": 0.0039177501, "4": 2.11e-08}, "1": {"0": 0.0, "1": 0.3560674304, "2": 0.0, "3": 0.0203038944, "4": 3.8e-09}, "2": {"0": 0.0, "1": 4.61155e-05, "2": 0.0045210694, "3": 0.0224072487, "4": 1.57e-08}, "3": {"0": 4.700561884e-16, "1": 0.6438839748, "2": 0.9903708676, "3": 0.9089174087, "4": 0.821382803}, "4": {"0": 1.085987967e-28, "1": 2.4793e-06, "2": 0.0051080631, "3": 0.0444536981, "4": 0.1786171564}}}