{"source_schema": "SARA_v1.0", "source_taxonomy": "CR-LFINF-DUC-H1-3", "target_schema": "Medina_2019", "target_taxonomy": "M-MP", "source_damage_states": [0, 1, 2, 3, 4], "target_damage_states": [0, 1, 2, 3, 4], "conv_matrix": {"0": {"0": 1.0, "1": 0.0, "2": 0.0, "3": 0.0059647669, "4": 0.0}, "1": {"0": 0.0, "1": 0.116587284, "2": 0.0, "3": 2.00006745e-18, "4": 2.355232882e-30}, "2": {"0": 0.0, "1": 0.0332685079, "2": 0.0778239267, "3": 0.0296586188, "4": 0.0}, "3": {"0": 1.592218279e-18, "1": 0.7195970172, "2": 0.6433001361, "3": 0.7245449498, "4": 0.0755550198}, "4": {"0": 1.061641676e-28, "1": 0.1305471909, "2": 0.2788759372, "3": 0.2398316645, "4": 0.9244449802}}}