{"source_schema": "SARA_v1.0", "source_taxonomy": "MUR-ADO-H1-2", "target_schema": "Medina_2019", "target_taxonomy": "M-PCP3", "source_damage_states": [0, 1, 2, 3, 4], "target_damage_states": [0, 1, 2, 3, 4], "conv_matrix": {"0": {"0": 0.9999999921, "1": 0.0135509635, "2": 0.0010669895, "3": 5.86847e-05, "4": 0.0}, "1": {"0": 7.9e-09, "1": 0.1921900264, "2": 0.0012651221, "3": 2.868e-07, "4": 0.0}, "2": {"0": 0.0, "1": 0.091118784, "2": 0.016506475, "3": 0.0030998837, "4": 3.86e-08}, "3": {"0": 1.84154364e-21, "1": 0.6977433357, "2": 0.7458951729, "3": 0.3040155057, "4": 0.0070086009}, "4": {"0": 1.471754419e-31, "1": 0.0053968903, "2": 0.2352662406, "3": 0.692825639, "4": 0.9929913605}}}