{"source_schema": "SARA_v1.0", "source_taxonomy": "W-WHE-H1-3", "target_schema": "Medina_2019", "target_taxonomy": "M-PCP1-T1", "source_damage_states": [0, 1, 2, 3, 4], "target_damage_states": [0, 1, 2, 3, 4], "conv_matrix": {"0": {"0": 1.0, "1": 0.0, "2": 0.0, "3": 0.0044947059, "4": 2.12e-08}, "1": {"0": 0.0, "1": 0.3566216344, "2": 0.0, "3": 0.0232939904, "4": 3.8e-09}, "2": {"0": 0.0, "1": 4.61873e-05, "2": 0.0727522552, "3": 0.012192299, "4": 1.51e-08}, "3": {"0": 4.700561884e-16, "1": 0.643329704, "2": 0.8954996263, "3": 0.9147870908, "4": 0.8210419625}, "4": {"0": 1.085987967e-28, "1": 2.4744e-06, "2": 0.0317481185, "3": 0.045231914, "4": 0.1789579974}}}