{"source_schema": "SARA_v1.0", "source_taxonomy": "CR-PC-LWAL-H1-3", "target_schema": "Medina_2019", "target_taxonomy": "M-PCP2", "source_damage_states": [0, 1, 2, 3, 4], "target_damage_states": [0, 1, 2, 3, 4], "conv_matrix": {"0": {"0": 1.0, "1": 0.0, "2": 0.0, "3": 0.0046308492, "4": 0.0039592213}, "1": {"0": 0.0, "1": 0.2344653191, "2": 0.0, "3": 3.09148e-05, "4": 0.0333434464}, "2": {"0": 0.0, "1": 2.15624e-05, "2": 2.42359e-05, "3": 4.3e-09, "4": 0.0539584788}, "3": {"0": 2.048480026e-21, "1": 0.7462616518, "2": 0.5709258044, "3": 0.2044607332, "4": 0.5583836529}, "4": {"0": 1.637137173e-31, "1": 0.0192514668, "2": 0.4290499597, "3": 0.7908774985, "4": 0.3503552007}}}