{
    "source_schema": "SARA_v1.0",
    "source_taxonomy": "MUR-ADO-H1-2",
    "target_schema": "Medina_2019",
    "target_taxonomy": "M-MP",
    "source_damage_states": [
        0,
        1,
        2,
        3,
        4
    ],
    "target_damage_states": [
        0,
        1,
        2,
        3,
        4
    ],
    "conv_matrix": {
        "0": {
            "0": 1.0,
            "1": 2.106286181e-25,
            "2": 1.958701364e-60,
            "3": 3.909324559e-77,
            "4": 4.896910734e-163
        },
        "1": {
            "0": 3.897079565e-21,
            "1": 0.9726597383,
            "2": 0.3731475411,
            "3": 0.0815845093,
            "4": 0.0159948199
        },
        "2": {
            "0": 6.085313483e-58,
            "1": 0.0273402483,
            "2": 0.6226261918,
            "3": 0.4901005516,
            "4": 0.3712166449
        },
        "3": {
            "0": 6.924985142e-108,
            "1": 1.34e-08,
            "2": 0.0042262671,
            "3": 0.3984216583,
            "4": 0.4039188103
        },
        "4": {
            "0": 9.220030642e-171,
            "1": 5.536239126e-35,
            "2": 0.0,
            "3": 0.0298932808,
            "4": 0.2088697248
        }
    }
}