{
    "source_schema": "SARA_v1.0",
    "source_taxonomy": "CR-LFLS-DUC-H1-3",
    "target_schema": "Medina_2019",
    "target_taxonomy": "M-PCP1-T1",
    "source_damage_states": [
        0,
        1,
        2,
        3,
        4
    ],
    "target_damage_states": [
        0,
        1,
        2,
        3,
        4
    ],
    "conv_matrix": {
        "0": {
            "0": 1.0,
            "1": 4.469980408e-25,
            "2": 3.786268826e-55,
            "3": 3.168757373e-62,
            "4": 3.42265535e-226
        },
        "1": {
            "0": 2.048960702e-22,
            "1": 0.9005566556,
            "2": 0.3758944748,
            "3": 0.0637482734,
            "4": 7.545812144e-53
        },
        "2": {
            "0": 0.0,
            "1": 0.0424739877,
            "2": 0.1958931793,
            "3": 0.034557801,
            "4": 1.807370874e-32
        },
        "3": {
            "0": 3.479716879e-105,
            "1": 0.0568360296,
            "2": 0.4238713621,
            "3": 0.5765980232,
            "4": 2.19e-08
        },
        "4": {
            "0": 5.299064891e-140,
            "1": 0.0001333271,
            "2": 0.0043409839,
            "3": 0.3250959025,
            "4": 0.9999999781
        }
    }
}