{"source_schema": "SARA_v1.0", "source_taxonomy": "CR-LWAL-DNO-H1-3", "target_schema": "Medina_2019", "target_taxonomy": "M-MP", "source_damage_states": [0, 1, 2, 3, 4], "target_damage_states": [0, 1, 2, 3, 4], "conv_matrix": {"0": {"0": 0.1111111111, "1": 0.0029373639, "2": 0.0, "3": 0.0042706479, "4": 0.0033380929}, "1": {"0": 0.2222222186, "1": 0.0518776945, "2": 0.0, "3": 0.0, "4": 0.0}, "2": {"0": 0.6429291257, "1": 0.1004184363, "2": 0.0014204107, "3": 2.502e-07, "4": 0.0}, "3": {"0": 0.0237375442, "1": 0.8445156369, "2": 0.9384606694, "3": 0.6647990626, "4": 0.0663370619}, "4": {"0": 4e-10, "1": 0.0002508684, "2": 0.0601189199, "3": 0.3309300392, "4": 0.9303248452}}}