{"source_schema": "SARA_v1.0", "source_taxonomy": "CR-LFM-DNO-H4-7", "target_schema": "SUPPASRI2013_v2.0", "target_taxonomy": "RC2", "source_damage_states": [0, 1, 2, 3, 4], "target_damage_states": [0, 1, 2, 3, 4, 5, 6], "conv_matrix": {"0": {"0": 0.0011848634, "1": 0.0008667088, "2": 3.827e-06, "3": 3.65e-08, "4": 9.2e-09}, "1": {"0": 0.5784408514, "1": 0.0562739647, "2": 0.0479703965, "3": 0.0005938354, "4": 0.0}, "2": {"0": 0.4084976385, "1": 0.0321413608, "2": 0.3111400981, "3": 0.2006734296, "4": 0.0}, "3": {"0": 0.0118656814, "1": 0.6880859179, "2": 0.6132861081, "3": 0.6681022848, "4": 0.1344287016}, "4": {"0": 1.09653e-05, "1": 0.0530043186, "2": 0.0272777069, "3": 0.1091822266, "4": 0.0652709295}, "5": {"0": 0.0, "1": 0.0321853105, "2": 0.0001952499, "3": 0.0170425689, "4": 0.3300108543}, "6": {"0": 0.0, "1": 0.1374424186, "2": 0.0001266134, "3": 0.0044056182, "4": 0.4702895053}}}