{"source_schema": "SARA_v1.0", "source_taxonomy": "UNK", "target_schema": "Medina_2019", "target_taxonomy": "M-PCP3", "source_damage_states": [0, 1, 2, 3, 4], "target_damage_states": [0, 1, 2, 3, 4], "conv_matrix": {"0": {"0": 0.9999999921, "1": 0.060230849, "2": 0.0002737294, "3": 0.0020567976, "4": 9.2e-09}, "1": {"0": 7.9e-09, "1": 0.4993846285, "2": 0.2109349432, "3": 0.0202823529, "4": 6.262e-07}, "2": {"0": 0.0, "1": 0.1457727561, "2": 0.2193544402, "3": 0.0091957313, "4": 8.14e-07}, "3": {"0": 1.84154364e-21, "1": 0.2946099708, "2": 0.5689612095, "3": 0.5853006115, "4": 0.0560035591}, "4": {"0": 1.471754419e-31, "1": 1.7957e-06, "2": 0.0004756777, "3": 0.3831645067, "4": 0.9439949915}}}