{"source_schema": "SARA_v1.0", "source_taxonomy": "MCF-DUC-H1-3", "target_schema": "Medina_2019", "target_taxonomy": "M-PCP3", "source_damage_states": [0, 1, 2, 3, 4], "target_damage_states": [0, 1, 2, 3, 4], "conv_matrix": {"0": {"0": 0.9999999921, "1": 0.0, "2": 0.006512912, "3": 2.1983e-06, "4": 0.0}, "1": {"0": 7.9e-09, "1": 0.0, "2": 0.0854679148, "3": 4.601e-07, "4": 0.0}, "2": {"0": 0.0, "1": 0.360326305, "2": 0.0326999802, "3": 0.0004064683, "4": 5e-09}, "3": {"0": 1.84154364e-21, "1": 0.6368518626, "2": 0.6987197569, "3": 0.248799664, "4": 0.0070350839}, "4": {"0": 1.471754419e-31, "1": 0.0028218324, "2": 0.1765994361, "3": 0.7507912092, "4": 0.9929649111}}}