{
    "source_schema": "SARA_v1.0",
    "source_taxonomy": "CR-LFINF-DNO-H1-3",
    "target_schema": "Medina_2019",
    "target_taxonomy": "M-PCP1-T1",
    "source_damage_states": [
        0,
        1,
        2,
        3,
        4
    ],
    "target_damage_states": [
        0,
        1,
        2,
        3,
        4
    ],
    "conv_matrix": {
        "0": {
            "0": 1.0,
            "1": 2.383816546e-24,
            "2": 5.847880992e-55,
            "3": 1.603271414e-90,
            "4": 3.291428872e-121
        },
        "1": {
            "0": 2.048960702e-22,
            "1": 0.6674956854,
            "2": 0.2609635251,
            "3": 0.015403985,
            "4": 0.0176366285
        },
        "2": {
            "0": 0.0,
            "1": 0.0499004223,
            "2": 0.1251053799,
            "3": 0.051240169,
            "4": 0.0133595572
        },
        "3": {
            "0": 3.479716879e-105,
            "1": 0.1272234797,
            "2": 0.6010305114,
            "3": 0.6114995274,
            "4": 0.5290754975
        },
        "4": {
            "0": 5.299064891e-140,
            "1": 0.1553804126,
            "2": 0.0129005836,
            "3": 0.3218563186,
            "4": 0.4399283168
        }
    }
}