{
    "source_schema": "SARA_v1.0",
    "source_taxonomy": "CR-LFLS-DNO-H1-3",
    "target_schema": "Medina_2019",
    "target_taxonomy": "M-PN",
    "source_damage_states": [
        0,
        1,
        2,
        3,
        4
    ],
    "target_damage_states": [
        0,
        1,
        2,
        3,
        4
    ],
    "conv_matrix": {
        "0": {
            "0": 1.0,
            "1": 2.106286181e-25,
            "2": 1.958701364e-60,
            "3": 3.909324559e-77,
            "4": 4.896910734e-163
        },
        "1": {
            "0": 1.048612935e-21,
            "1": 0.8528720299,
            "2": 0.1143549229,
            "3": 0.0228194445,
            "4": 0.0037771444
        },
        "2": {
            "0": 1.133174647e-51,
            "1": 0.14712797,
            "2": 0.866382664,
            "3": 0.4215800593,
            "4": 0.0733061466
        },
        "3": {
            "0": 1.633089332e-115,
            "1": 9.828854021e-19,
            "2": 0.0138270702,
            "3": 0.3060745561,
            "4": 0.4785167188
        },
        "4": {
            "0": 6.58768022e-140,
            "1": 0.0,
            "2": 0.005435343,
            "3": 0.2495259401,
            "4": 0.4443999903
        }
    }
}