{
    "source_schema": "SARA_v1.0",
    "source_taxonomy": "CR-LWAL-DUC-H8-19",
    "target_schema": "Medina_2019",
    "target_taxonomy": "M-MP",
    "source_damage_states": [
        0,
        1,
        2,
        3,
        4
    ],
    "target_damage_states": [
        0,
        1,
        2,
        3,
        4
    ],
    "conv_matrix": {
        "0": {
            "0": 1.0,
            "1": 1.610169113e-25,
            "2": 7.287810512e-50,
            "3": 9.947072461e-59,
            "4": 5.56664355e-175
        },
        "1": {
            "0": 3.897079565e-21,
            "1": 0.9957677322,
            "2": 0.5914346783,
            "3": 0.1124623959,
            "4": 3.499595509e-28
        },
        "2": {
            "0": 6.085313483e-58,
            "1": 0.0042322678,
            "2": 0.406988896,
            "3": 0.5083955472,
            "4": 0.0
        },
        "3": {
            "0": 6.924985142e-108,
            "1": 1.957975539e-17,
            "2": 0.0015764257,
            "3": 0.3573273625,
            "4": 0.0517383301
        },
        "4": {
            "0": 9.220030642e-171,
            "1": 7.727741946e-44,
            "2": 2.261027807e-27,
            "3": 0.0218146944,
            "4": 0.9482616699
        }
    }
}