{
    "source_schema": "SARA_v1.0",
    "source_taxonomy": "S-LFM-H4-7",
    "target_schema": "Medina_2019",
    "target_taxonomy": "M-PCP2",
    "source_damage_states": [
        0,
        1,
        2,
        3,
        4
    ],
    "target_damage_states": [
        0,
        1,
        2,
        3,
        4
    ],
    "conv_matrix": {
        "0": {
            "0": 1.0,
            "1": 1.760704133e-25,
            "2": 7.969149717e-50,
            "3": 1.317752087e-58,
            "4": 1.509062465e-79
        },
        "1": {
            "0": 1.704829703e-22,
            "1": 0.957728864,
            "2": 0.7231820488,
            "3": 0.0692637739,
            "4": 8.0231e-06
        },
        "2": {
            "0": 0.0,
            "1": 0.0422711298,
            "2": 0.1461053427,
            "3": 0.0464659295,
            "4": 0.0001141212
        },
        "3": {
            "0": 2.096517282e-102,
            "1": 1.3e-09,
            "2": 0.1245042606,
            "3": 0.1893948397,
            "4": 0.0656957998
        },
        "4": {
            "0": 1.185337528e-87,
            "1": 4.8e-09,
            "2": 0.006208348,
            "3": 0.6948754568,
            "4": 0.934182056
        }
    }
}