{"source_schema": "SARA_v1.0", "source_taxonomy": "MUR-ADO-H1-2", "target_schema": "Medina_2019", "target_taxonomy": "M-PCP1-T1", "source_damage_states": [0, 1, 2, 3, 4], "target_damage_states": [0, 1, 2, 3, 4], "conv_matrix": {"0": {"0": 1.0, "1": 0.0117525566, "2": 3.16595e-05, "3": 4.45e-08, "4": 0.0}, "1": {"0": 0.0, "1": 0.0920467243, "2": 0.0001676074, "3": 1.33e-08, "4": 1.645509847e-16}, "2": {"0": 0.0, "1": 0.06760746, "2": 0.0002714098, "3": 2.504e-07, "4": 0.0}, "3": {"0": 4.700561884e-16, "1": 0.8283002246, "2": 0.9844999022, "3": 0.8961062654, "4": 0.7772684925}, "4": {"0": 1.085987967e-28, "1": 0.0002930346, "2": 0.0150294211, "3": 0.1038934264, "4": 0.2227315075}}}