{
    "source_schema": "SARA_v1.0",
    "source_taxonomy": "CR-LFM-DNO-H4-7",
    "target_schema": "Medina_2019",
    "target_taxonomy": "M-PCP1-T1",
    "source_damage_states": [
        0,
        1,
        2,
        3,
        4
    ],
    "target_damage_states": [
        0,
        1,
        2,
        3,
        4
    ],
    "conv_matrix": {
        "0": {
            "0": 1.0,
            "1": 9.464217222e-25,
            "2": 4.45245843e-59,
            "3": 7.787031836e-81,
            "4": 4.525824919e-30
        },
        "1": {
            "0": 2.048960702e-22,
            "1": 0.9858819732,
            "2": 0.4333443906,
            "3": 2.8261e-06,
            "4": 0.1607095918
        },
        "2": {
            "0": 0.0,
            "1": 0.0141180268,
            "2": 0.3662709579,
            "3": 0.2143141575,
            "4": 0.0519153388
        },
        "3": {
            "0": 3.479716879e-105,
            "1": 0.0,
            "2": 0.2003846515,
            "3": 0.7856665816,
            "4": 0.5129634695
        },
        "4": {
            "0": 5.299064891e-140,
            "1": 8.733494304e-30,
            "2": 0.0,
            "3": 1.64348e-05,
            "4": 0.2744115999
        }
    }
}