{
    "source_schema": "SARA_v1.0",
    "source_taxonomy": "MCF-DUC-H1-3",
    "target_schema": "Medina_2019",
    "target_taxonomy": "M-PCP2",
    "source_damage_states": [
        0,
        1,
        2,
        3,
        4
    ],
    "target_damage_states": [
        0,
        1,
        2,
        3,
        4
    ],
    "conv_matrix": {
        "0": {
            "0": 1.0,
            "1": 1.651870449e-24,
            "2": 2.84516591e-74,
            "3": 4.713292299e-115,
            "4": 1.09053763e-184
        },
        "1": {
            "0": 1.704829703e-22,
            "1": 0.5427281247,
            "2": 0.0311367099,
            "3": 0.0,
            "4": 4.204477794e-36
        },
        "2": {
            "0": 0.0,
            "1": 0.0765831742,
            "2": 0.1010354621,
            "3": 0.0052329035,
            "4": 0.0
        },
        "3": {
            "0": 2.096517282e-102,
            "1": 0.0927163698,
            "2": 0.4207056972,
            "3": 0.0862053049,
            "4": 4.6e-09
        },
        "4": {
            "0": 1.185337528e-87,
            "1": 0.2879723313,
            "2": 0.4471221309,
            "3": 0.9085617916,
            "4": 0.9999999954
        }
    }
}