{"source_schema": "SARA_v1.0", "source_taxonomy": "W-WWD-H1-2", "target_schema": "SUPPASRI2013_v2.0", "target_taxonomy": "RC1", "source_damage_states": [0, 1, 2, 3, 4], "target_damage_states": [0, 1, 2, 3, 4, 5, 6], "conv_matrix": {"0": {"0": 0.0246350486, "1": 8.79548e-05, "2": 6.027e-06, "3": 4.628e-07, "4": 2.5e-09}, "1": {"0": 0.1091378049, "1": 0.0251074443, "2": 0.0619960219, "3": 7.2915e-06, "4": 0.0}, "2": {"0": 0.033620872, "1": 0.4226442738, "2": 0.1611581292, "3": 0.0412745118, "4": 1.3e-09}, "3": {"0": 0.7758241474, "1": 0.5388074557, "2": 0.6718784155, "3": 0.7218745354, "4": 0.2742496455}, "4": {"0": 0.0106913089, "1": 0.0094023945, "2": 0.0455257157, "3": 0.113932935, "4": 0.1498626569}, "5": {"0": 0.0018551101, "1": 0.0003212731, "2": 0.0117139342, "3": 0.0286448961, "4": 0.2599817063}, "6": {"0": 0.0442357081, "1": 0.0036292038, "2": 0.0477217566, "3": 0.0942653674, "4": 0.3159059875}}}