{"source_schema": "SARA_v1.0", "source_taxonomy": "CR-LWAL-DUC-H4-7", "target_schema": "Medina_2019", "target_taxonomy": "M-PCP1-T1", "source_damage_states": [0, 1, 2, 3, 4], "target_damage_states": [0, 1, 2, 3, 4], "conv_matrix": {"0": {"0": 1.0, "1": 0.0, "2": 0.0, "3": 0.0, "4": 0.0055859654}, "1": {"0": 0.0, "1": 0.2109185773, "2": 0.0, "3": 0.0, "4": 1.424325716e-18}, "2": {"0": 0.0, "1": 2.73168e-05, "2": 0.0564821262, "3": 0.0248027942, "4": 0.0076584645}, "3": {"0": 4.700561884e-16, "1": 0.7849272895, "2": 0.8897979461, "3": 0.8838535015, "4": 0.9154072853}, "4": {"0": 1.085987967e-28, "1": 0.0041268165, "2": 0.0537199277, "3": 0.0913437043, "4": 0.0713482847}}}