{
    "source_schema": "SARA_v1.0",
    "source_taxonomy": "MCF-DNO-H1-3",
    "target_schema": "Medina_2019",
    "target_taxonomy": "M-PCP3",
    "source_damage_states": [
        0,
        1,
        2,
        3,
        4
    ],
    "target_damage_states": [
        0,
        1,
        2,
        3,
        4
    ],
    "conv_matrix": {
        "0": {
            "0": 1.0,
            "1": 3.025223763e-25,
            "2": 8.89144171e-61,
            "3": 0.0,
            "4": 3.823176783e-163
        },
        "1": {
            "0": 1.973929182e-22,
            "1": 0.9395350282,
            "2": 0.1269652447,
            "3": 0.0265983983,
            "4": 0.0008781657
        },
        "2": {
            "0": 0.0,
            "1": 0.0440070146,
            "2": 0.0677798492,
            "3": 0.0385890629,
            "4": 0.0016730207
        },
        "3": {
            "0": 1.916779682e-88,
            "1": 0.0083972599,
            "2": 0.2607197532,
            "3": 0.1713634643,
            "4": 0.022103206
        },
        "4": {
            "0": 9.881115807e-86,
            "1": 0.0080606974,
            "2": 0.5445351529,
            "3": 0.7634490745,
            "4": 0.9753456076
        }
    }
}