{
    "source_schema": "SARA_v1.0",
    "source_taxonomy": "MCF-DNO-H1-3",
    "target_schema": "Medina_2019",
    "target_taxonomy": "M-PCP1-T1",
    "source_damage_states": [
        0,
        1,
        2,
        3,
        4
    ],
    "target_damage_states": [
        0,
        1,
        2,
        3,
        4
    ],
    "conv_matrix": {
        "0": {
            "0": 1.0,
            "1": 3.025223763e-25,
            "2": 8.889748316e-61,
            "3": 0.0,
            "4": 3.824396582e-163
        },
        "1": {
            "0": 2.048960702e-22,
            "1": 0.9684369853,
            "2": 0.1902407344,
            "3": 0.0338625801,
            "4": 0.0003922645
        },
        "2": {
            "0": 0.0,
            "1": 0.0315627988,
            "2": 0.0883358003,
            "3": 0.0576332482,
            "4": 0.0057652497
        },
        "3": {
            "0": 3.479716879e-105,
            "1": 6.9e-09,
            "2": 0.5238827083,
            "3": 0.773467534,
            "4": 0.5213420862
        },
        "4": {
            "0": 5.299064891e-140,
            "1": 2.09e-07,
            "2": 0.197540757,
            "3": 0.1350366377,
            "4": 0.4725003996
        }
    }
}