{"source_schema": "SARA_v1.0", "source_taxonomy": "S-LFM-H4-7", "target_schema": "Medina_2019", "target_taxonomy": "M-PCP3", "source_damage_states": [0, 1, 2, 3, 4], "target_damage_states": [0, 1, 2, 3, 4], "conv_matrix": {"0": {"0": 0.9999999921, "1": 0.0, "2": 0.0, "3": 0.0052766279, "4": 0.0}, "1": {"0": 7.9e-09, "1": 0.0, "2": 0.0693112522, "3": 0.0537454976, "4": 0.0}, "2": {"0": 0.0, "1": 0.4379912658, "2": 0.0, "3": 0.026637067, "4": 7e-10}, "3": {"0": 1.84154364e-21, "1": 0.561886996, "2": 0.5575433993, "3": 0.5397822875, "4": 0.0007445326}, "4": {"0": 1.471754419e-31, "1": 0.0001217382, "2": 0.3731453485, "3": 0.3745585199, "4": 0.9992554667}}}