{
    "source_schema": "SARA_v1.0",
    "source_taxonomy": "CR-LWAL-DUC-H8-19",
    "target_schema": "Medina_2019",
    "target_taxonomy": "M-PN",
    "source_damage_states": [
        0,
        1,
        2,
        3,
        4
    ],
    "target_damage_states": [
        0,
        1,
        2,
        3,
        4
    ],
    "conv_matrix": {
        "0": {
            "0": 1.0,
            "1": 1.610169113e-25,
            "2": 7.287810512e-50,
            "3": 9.947072461e-59,
            "4": 5.56664355e-175
        },
        "1": {
            "0": 1.048612935e-21,
            "1": 0.957952109,
            "2": 0.2426304664,
            "3": 0.0362261849,
            "4": 1.044713975e-39
        },
        "2": {
            "0": 1.133174647e-51,
            "1": 0.042047891,
            "2": 0.7573695336,
            "3": 0.4309174883,
            "4": 0.0
        },
        "3": {
            "0": 1.633089332e-115,
            "1": 2.406180601e-17,
            "2": 0.0,
            "3": 0.3111801957,
            "4": 0.0151333166
        },
        "4": {
            "0": 6.58768022e-140,
            "1": 1.654111044e-33,
            "2": 4.311516866e-18,
            "3": 0.2216761311,
            "4": 0.9848666834
        }
    }
}