{"source_schema": "SARA_v1.0", "source_taxonomy": "MUR-STDRE-H1-2", "target_schema": "SUPPASRI2013_v2.0", "target_taxonomy": "RC2", "source_damage_states": [0, 1, 2, 3, 4], "target_damage_states": [0, 1, 2, 3, 4, 5, 6], "conv_matrix": {"0": {"0": 0.0166606323, "1": 4.07914e-05, "2": 3.8089e-06, "3": 1.01e-07, "4": 2.2e-09}, "1": {"0": 0.0685797216, "1": 0.2347923045, "2": 0.001860971, "3": 8.2333e-06, "4": 0.0}, "2": {"0": 0.02149976, "1": 0.4628306372, "2": 0.1544095309, "3": 0.0479615892, "4": 7.8e-09}, "3": {"0": 0.8033031534, "1": 0.3007588349, "2": 0.7240801268, "3": 0.699949786, "4": 0.2741951313}, "4": {"0": 0.0148304158, "1": 0.0015774094, "2": 0.0462215312, "3": 0.1297700862, "4": 0.1484750783}, "5": {"0": 0.0034709248, "1": 1.6e-08, "2": 0.012218186, "3": 0.0375033977, "4": 0.2668628452}, "6": {"0": 0.0716553922, "1": 6.6e-09, "2": 0.0612058453, "3": 0.0848068066, "4": 0.3104669352}}}