{
    "source_schema": "SARA_v1.0",
    "source_taxonomy": "CR-LFINF-DNO-H1-3",
    "target_schema": "Medina_2019",
    "target_taxonomy": "M-PN",
    "source_damage_states": [
        0,
        1,
        2,
        3,
        4
    ],
    "target_damage_states": [
        0,
        1,
        2,
        3,
        4
    ],
    "conv_matrix": {
        "0": {
            "0": 1.0,
            "1": 2.383816546e-24,
            "2": 5.847880992e-55,
            "3": 1.603271414e-90,
            "4": 3.290225439e-121
        },
        "1": {
            "0": 1.048612935e-21,
            "1": 0.3918656536,
            "2": 0.1321530302,
            "3": 0.0148003092,
            "4": 0.0009412464
        },
        "2": {
            "0": 1.133174647e-51,
            "1": 0.5417897719,
            "2": 0.6989965478,
            "3": 0.3619547834,
            "4": 0.1818061136
        },
        "3": {
            "0": 1.633089332e-115,
            "1": 0.004821989,
            "2": 0.0863383128,
            "3": 0.4438649669,
            "4": 0.3340379872
        },
        "4": {
            "0": 6.58768022e-140,
            "1": 0.0615225855,
            "2": 0.0825121093,
            "3": 0.1793799406,
            "4": 0.4832146527
        }
    }
}