{
    "source_schema": "SARA_v1.0",
    "source_taxonomy": "CR-LFM-DNO-SOS-H1-3",
    "target_schema": "Medina_2019",
    "target_taxonomy": "M-PCP1-T1",
    "source_damage_states": [
        0,
        1,
        2,
        3,
        4
    ],
    "target_damage_states": [
        0,
        1,
        2,
        3,
        4
    ],
    "conv_matrix": {
        "0": {
            "0": 1.0,
            "1": 1.645929309e-25,
            "2": 1.263134513e-60,
            "3": 9.207547936e-83,
            "4": 1.259834737e-110
        },
        "1": {
            "0": 2.048960702e-22,
            "1": 0.9675957427,
            "2": 0.4492991954,
            "3": 0.0148667005,
            "4": 0.0299089747
        },
        "2": {
            "0": 0.0,
            "1": 0.0324040372,
            "2": 0.1231677554,
            "3": 0.0695954401,
            "4": 0.0195356504
        },
        "3": {
            "0": 3.479716879e-105,
            "1": 5.4e-09,
            "2": 0.383787625,
            "3": 0.6726429417,
            "4": 0.5270711498
        },
        "4": {
            "0": 5.299064891e-140,
            "1": 2.148e-07,
            "2": 0.0437454242,
            "3": 0.2428949176,
            "4": 0.4234842251
        }
    }
}