{
    "source_schema": "SARA_v1.0",
    "source_taxonomy": "CR-LWAL-DNO-H4-7",
    "target_schema": "Medina_2019",
    "target_taxonomy": "M-PCP2",
    "source_damage_states": [
        0,
        1,
        2,
        3,
        4
    ],
    "target_damage_states": [
        0,
        1,
        2,
        3,
        4
    ],
    "conv_matrix": {
        "0": {
            "0": 1.0,
            "1": 8.911002032e-26,
            "2": 1.357809407e-60,
            "3": 6.017831173e-66,
            "4": 1.058055193e-79
        },
        "1": {
            "0": 1.704829703e-22,
            "1": 0.9665216112,
            "2": 0.4894362781,
            "3": 0.0497161416,
            "4": 0.0022820605
        },
        "2": {
            "0": 0.0,
            "1": 0.0334781761,
            "2": 0.1973579614,
            "3": 0.035436263,
            "4": 8.21972e-05
        },
        "3": {
            "0": 2.096517282e-102,
            "1": 6e-10,
            "2": 0.2491110976,
            "3": 0.1683966108,
            "4": 0.098871257
        },
        "4": {
            "0": 1.185337528e-87,
            "1": 2.121e-07,
            "2": 0.0640946628,
            "3": 0.7464509845,
            "4": 0.8987644853
        }
    }
}