{"source_schema": "SARA_v1.0", "source_taxonomy": "CR-LFINF-DUC-H1-3", "target_schema": "Medina_2019", "target_taxonomy": "M-PCP3", "source_damage_states": [0, 1, 2, 3, 4], "target_damage_states": [0, 1, 2, 3, 4], "conv_matrix": {"0": {"0": 0.9999999921, "1": 0.0, "2": 0.0, "3": 0.0063168326, "4": 0.0}, "1": {"0": 7.9e-09, "1": 0.0970877208, "2": 0.0693670707, "3": 0.0415494281, "4": 0.0}, "2": {"0": 0.0, "1": 0.2056570354, "2": 0.0, "3": 1.033e-07, "4": 0.0}, "3": {"0": 1.84154364e-21, "1": 0.4873332687, "2": 0.5579922753, "3": 0.5528171171, "4": 0.0007443955}, "4": {"0": 1.471754419e-31, "1": 0.2099219751, "2": 0.3726406541, "3": 0.399316519, "4": 0.9992556045}}}