{"source_schema": "SARA_v1.0", "source_taxonomy": "W-WS-H1-2", "target_schema": "Medina_2019", "target_taxonomy": "M-PCP1-T1", "source_damage_states": [0, 1, 2, 3, 4], "target_damage_states": [0, 1, 2, 3, 4], "conv_matrix": {"0": {"0": 1.0, "1": 0.0, "2": 0.0, "3": 0.0045534861, "4": 2.12e-08}, "1": {"0": 0.0, "1": 0.3559977493, "2": 0.0, "3": 0.0235986214, "4": 3.8e-09}, "2": {"0": 0.0, "1": 4.61065e-05, "2": 0.0680419999, "3": 0.0123520049, "4": 1.52e-08}, "3": {"0": 4.700561884e-16, "1": 0.6439536642, "2": 0.889726739, "3": 0.9162112703, "4": 0.8209818137}, "4": {"0": 1.085987967e-28, "1": 2.4799e-06, "2": 0.042231261, "3": 0.0432846173, "4": 0.1790181462}}}