{"source_schema": "SARA_v1.0", "source_taxonomy": "CR-LDUAL-DUC-H4-7", "target_schema": "Medina_2019", "target_taxonomy": "M-PCP2", "source_damage_states": [0, 1, 2, 3, 4], "target_damage_states": [0, 1, 2, 3, 4], "conv_matrix": {"0": {"0": 1.0, "1": 0.0, "2": 0.0, "3": 0.0059681268, "4": 4e-10}, "1": {"0": 0.0, "1": 0.421016468, "2": 0.0, "3": 2.3e-09, "4": 5.306101607e-16}, "2": {"0": 0.0, "1": 3.87184e-05, "2": 0.0910116478, "3": 0.0418198065, "4": 8e-10}, "3": {"0": 2.048480026e-21, "1": 0.5416595537, "2": 0.5293052965, "3": 0.5798802966, "4": 0.0071140513}, "4": {"0": 1.637137173e-31, "1": 0.0372852599, "2": 0.3796830557, "3": 0.3723317677, "4": 0.9928859475}}}