{
    "source_schema": "SARA_v1.0",
    "source_taxonomy": "W-WHE-H1-3",
    "target_schema": "Medina_2019",
    "target_taxonomy": "M-PN",
    "source_damage_states": [
        0,
        1,
        2,
        3,
        4
    ],
    "target_damage_states": [
        0,
        1,
        2,
        3,
        4
    ],
    "conv_matrix": {
        "0": {
            "0": 1.0,
            "1": 1.610169113e-25,
            "2": 7.287810512e-50,
            "3": 9.832439729e-59,
            "4": 1.293699665e-184
        },
        "1": {
            "0": 1.048612935e-21,
            "1": 0.8726279944,
            "2": 0.3867426153,
            "3": 0.0310286262,
            "4": 4.642179883e-33
        },
        "2": {
            "0": 1.133174647e-51,
            "1": 0.1273720056,
            "2": 0.6132573351,
            "3": 0.4307315617,
            "4": 0.0
        },
        "3": {
            "0": 1.633089332e-115,
            "1": 7.295240364e-22,
            "2": 4.96e-08,
            "3": 0.304676138,
            "4": 0.1153868632
        },
        "4": {
            "0": 6.58768022e-140,
            "1": 1.500591176e-29,
            "2": 5.963628203e-24,
            "3": 0.2335636741,
            "4": 0.8846131368
        }
    }
}