{"source_schema": "SARA_v1.0", "source_taxonomy": "CR-LFINF-DUC-H4-7", "target_schema": "Medina_2019", "target_taxonomy": "M-PCP1-T1", "source_damage_states": [0, 1, 2, 3, 4], "target_damage_states": [0, 1, 2, 3, 4], "conv_matrix": {"0": {"0": 1.0, "1": 0.0, "2": 0.0, "3": 0.0050478744, "4": 0.0}, "1": {"0": 0.0, "1": 0.1682615973, "2": 0.0, "3": 0.0, "4": 2.85646643e-23}, "2": {"0": 0.0, "1": 2.17921e-05, "2": 0.0575522034, "3": 0.0136894197, "4": 0.0}, "3": {"0": 4.700561884e-16, "1": 0.819820207, "2": 0.8905813764, "3": 0.9317286576, "4": 0.7121569622}, "4": {"0": 1.085987967e-28, "1": 0.0118964035, "2": 0.0518664202, "3": 0.0495340483, "4": 0.2878430378}}}