{
    "source_schema": "SARA_v1.0",
    "source_taxonomy": "CR-LWAL-DNO-H4-7",
    "target_schema": "Medina_2019",
    "target_taxonomy": "M-PN",
    "source_damage_states": [
        0,
        1,
        2,
        3,
        4
    ],
    "target_damage_states": [
        0,
        1,
        2,
        3,
        4
    ],
    "conv_matrix": {
        "0": {
            "0": 1.0,
            "1": 8.911002032e-26,
            "2": 1.357809407e-60,
            "3": 6.016925965e-66,
            "4": 1.058055193e-79
        },
        "1": {
            "0": 1.048612935e-21,
            "1": 0.8866788394,
            "2": 0.1397442377,
            "3": 0.0323109315,
            "4": 0.0096290508
        },
        "2": {
            "0": 1.133174647e-51,
            "1": 0.1133211606,
            "2": 0.860248433,
            "3": 0.468205894,
            "4": 0.085681782
        },
        "3": {
            "0": 1.633089332e-115,
            "1": 3.306904067e-19,
            "2": 7.3293e-06,
            "3": 0.3272135135,
            "4": 0.2643859902
        },
        "4": {
            "0": 6.58768022e-140,
            "1": 8.424805574e-28,
            "2": 0.0,
            "3": 0.172269661,
            "4": 0.640303177
        }
    }
}