{"source_schema": "SARA_v1.0", "source_taxonomy": "CR-LWAL-DNO-H4-7", "target_schema": "SUPPASRI2013_v2.0", "target_taxonomy": "RC2", "source_damage_states": [0, 1, 2, 3, 4], "target_damage_states": [0, 1, 2, 3, 4, 5, 6], "conv_matrix": {"0": {"0": 0.0004542939, "1": 0.0011322067, "2": 2.8243e-06, "3": 1.027e-07, "4": 4e-10}, "1": {"0": 0.5371484396, "1": 0.0524124864, "2": 1.56235e-05, "3": 0.0082286934, "4": 9.643051751e-16}, "2": {"0": 0.4443701119, "1": 0.0469885907, "2": 0.0001601227, "3": 0.2358640404, "4": 0.0}, "3": {"0": 0.0180050866, "1": 0.7603778784, "2": 0.5912141189, "3": 0.6460941291, "4": 0.1015340912}, "4": {"0": 2.20679e-05, "1": 0.0344846151, "2": 0.0906990766, "3": 0.0925257997, "4": 0.0635306329}, "5": {"0": 0.0, "1": 0.0129968229, "2": 0.0781524898, "3": 0.0137545128, "4": 0.3764972596}, "6": {"0": 0.0, "1": 0.0916073998, "2": 0.2397557443, "3": 0.0035327219, "4": 0.458438016}}}