{"source_schema": "SARA_v1.0", "source_taxonomy": "MCF-DNO-H1-3", "target_schema": "SUPPASRI2013_v2.0", "target_taxonomy": "RC1", "source_damage_states": [0, 1, 2, 3, 4], "target_damage_states": [0, 1, 2, 3, 4, 5, 6], "conv_matrix": {"0": {"0": 0.0037644267, "1": 1.67572e-05, "2": 4.04e-08, "3": 3.2e-09, "4": 1e-10}, "1": {"0": 0.0228044759, "1": 0.1320664321, "2": 0.0060659834, "3": 3.25386e-05, "4": 2.39118e-05}, "2": {"0": 0.020638592, "1": 0.1558051995, "2": 0.2326719371, "3": 0.0227732286, "4": 0.1370913383}, "3": {"0": 0.7438590129, "1": 0.6310656495, "2": 0.6224425104, "3": 0.6914331395, "4": 0.4856478098}, "4": {"0": 0.0317790668, "1": 0.0247157062, "2": 0.0520421138, "3": 0.1268803563, "4": 0.1266124989}, "5": {"0": 0.0166495091, "1": 0.007416917, "2": 0.020771859, "3": 0.0589628149, "4": 0.1253774186}, "6": {"0": 0.1605049165, "1": 0.0489133385, "2": 0.0660055558, "3": 0.0999179189, "4": 0.1252470224}}}