{"source_schema": "SARA_v1.0", "source_taxonomy": "W-WS-H1-2", "target_schema": "Medina_2019", "target_taxonomy": "M-PCP3", "source_damage_states": [0, 1, 2, 3, 4], "target_damage_states": [0, 1, 2, 3, 4], "conv_matrix": {"0": {"0": 0.9999999921, "1": 0.0, "2": 0.0, "3": 0.0056978956, "4": 1.1476e-06}, "1": {"0": 7.9e-09, "1": 0.0, "2": 0.0820118388, "3": 0.058039129, "4": 3.4e-08}, "2": {"0": 0.0, "1": 0.4374350407, "2": 0.0, "3": 0.0287471918, "4": 7.50002e-05}, "3": {"0": 1.84154364e-21, "1": 0.5624423797, "2": 0.6367367472, "3": 0.5718013462, "4": 0.0664741526}, "4": {"0": 1.471754419e-31, "1": 0.0001225796, "2": 0.281251414, "3": 0.3357144375, "4": 0.9334496656}}}