{"source_schema": "SARA_v1.0", "source_taxonomy": "W-WBB-H1", "target_schema": "Medina_2019", "target_taxonomy": "M-MP", "source_damage_states": [0, 1, 2, 3, 4], "target_damage_states": [0, 1, 2, 3, 4], "conv_matrix": {"0": {"0": 1.0, "1": 0.0, "2": 0.0, "3": 0.0053803856, "4": 8.337e-07}, "1": {"0": 0.0, "1": 0.0, "2": 0.0, "3": 0.0246881837, "4": 0.0}, "2": {"0": 0.0, "1": 0.2029083895, "2": 0.0920092716, "3": 0.0269410525, "4": 5.15e-08}, "3": {"0": 1.592218279e-18, "1": 0.7970809219, "2": 0.7098368208, "3": 0.7441677036, "4": 0.2281362385}, "4": {"0": 1.061641676e-28, "1": 1.06886e-05, "2": 0.1981539076, "3": 0.1988226746, "4": 0.7718628762}}}