{"source_schema": "SARA_v1.0", "source_taxonomy": "UNK", "target_schema": "Medina_2019", "target_taxonomy": "M-PCP2", "source_damage_states": [0, 1, 2, 3, 4], "target_damage_states": [0, 1, 2, 3, 4], "conv_matrix": {"0": {"0": 1.0, "1": 0.060230849, "2": 0.0002737294, "3": 0.0020567452, "4": 9.2e-09}, "1": {"0": 0.0, "1": 0.3025612652, "2": 0.2182868166, "3": 0.0045418794, "4": 1.173e-07}, "2": {"0": 0.0, "1": 0.4700420549, "2": 0.2046537986, "3": 0.0109443865, "4": 3.082e-07}, "3": {"0": 2.048480026e-21, "1": 0.1671639619, "2": 0.5761954717, "3": 0.5984773169, "4": 0.0560044377}, "4": {"0": 1.637137173e-31, "1": 1.8689e-06, "2": 0.0005901837, "3": 0.3839796721, "4": 0.9439951276}}}