{
    "source_schema": "SARA_v1.0",
    "source_taxonomy": "MCF-DUC-H1-3",
    "target_schema": "Medina_2019",
    "target_taxonomy": "M-MP",
    "source_damage_states": [
        0,
        1,
        2,
        3,
        4
    ],
    "target_damage_states": [
        0,
        1,
        2,
        3,
        4
    ],
    "conv_matrix": {
        "0": {
            "0": 1.0,
            "1": 1.651870449e-24,
            "2": 2.843883729e-74,
            "3": 4.713237136e-115,
            "4": 1.09053763e-184
        },
        "1": {
            "0": 3.897079565e-21,
            "1": 0.6145604438,
            "2": 0.0741678016,
            "3": 0.027203422,
            "4": 3.265950823e-19
        },
        "2": {
            "0": 6.085313483e-58,
            "1": 0.3675275304,
            "2": 0.7378528234,
            "3": 0.4354477216,
            "4": 0.1012730308
        },
        "3": {
            "0": 6.924985142e-108,
            "1": 0.0179120258,
            "2": 0.1879793663,
            "3": 0.4747392058,
            "4": 0.5982123374
        },
        "4": {
            "0": 9.220030642e-171,
            "1": 2.697932738e-16,
            "2": 8.8e-09,
            "3": 0.0626096506,
            "4": 0.3005146318
        }
    }
}