{
    "source_schema": "SARA_v1.0",
    "source_taxonomy": "CR-LWAL-DUC-H4-7",
    "target_schema": "Medina_2019",
    "target_taxonomy": "M-MP",
    "source_damage_states": [
        0,
        1,
        2,
        3,
        4
    ],
    "target_damage_states": [
        0,
        1,
        2,
        3,
        4
    ],
    "conv_matrix": {
        "0": {
            "0": 1.0,
            "1": 8.911002032e-26,
            "2": 1.357809407e-60,
            "3": 6.016925965e-66,
            "4": 1.058055193e-79
        },
        "1": {
            "0": 3.897079565e-21,
            "1": 0.9887854659,
            "2": 0.3837292751,
            "3": 0.1175842146,
            "4": 0.0206158288
        },
        "2": {
            "0": 6.085313483e-58,
            "1": 0.0112145313,
            "2": 0.6149271033,
            "3": 0.5264408513,
            "4": 0.2759675229
        },
        "3": {
            "0": 6.924985142e-108,
            "1": 2.7e-09,
            "2": 0.0013436216,
            "3": 0.3422300106,
            "4": 0.4442625137
        },
        "4": {
            "0": 9.220030642e-171,
            "1": 1.058976153e-36,
            "2": 2.76405674e-26,
            "3": 0.0137449235,
            "4": 0.2591541347
        }
    }
}