{"source_schema": "SARA_v1.0", "source_taxonomy": "CR-LFM-DNO-SOS-H4-7", "target_schema": "Medina_2019", "target_taxonomy": "M-PCP1-T1", "source_damage_states": [0, 1, 2, 3, 4], "target_damage_states": [0, 1, 2, 3, 4], "conv_matrix": {"0": {"0": 0.1111111111, "1": 0.0030748309, "2": 0.0, "3": 0.0042624366, "4": 9.838e-07}, "1": {"0": 0.2221934176, "1": 0.0834755801, "2": 0.0004265131, "3": 8.2e-09, "4": 0.0}, "2": {"0": 0.4476870373, "1": 0.0442728009, "2": 0.0020748227, "3": 5.7e-09, "4": 4.319904943e-18}, "3": {"0": 0.2190084336, "1": 0.8689213514, "2": 0.9532987218, "3": 0.87203174, "4": 0.9393948874}, "4": {"0": 3e-10, "1": 0.0002554366, "2": 0.0441999424, "3": 0.1237058095, "4": 0.0606041288}}}