{"source_schema": "SARA_v1.0", "source_taxonomy": "CR-LFM-DNO-H4-7", "target_schema": "Medina_2019", "target_taxonomy": "M-MP", "source_damage_states": [0, 1, 2, 3, 4], "target_damage_states": [0, 1, 2, 3, 4], "conv_matrix": {"0": {"0": 0.5, "1": 0.0040268479, "2": 0.0, "3": 0.002395604, "4": 0.0036415559}, "1": {"0": 0.0, "1": 0.0436134007, "2": 0.0, "3": 0.0, "4": 0.0}, "2": {"0": 0.4999593725, "1": 0.0885823055, "2": 0.0006861785, "3": 1.85e-08, "4": 0.0}, "3": {"0": 4.06275e-05, "1": 0.8275653026, "2": 0.9238296102, "3": 0.6295887474, "4": 0.0566600324}, "4": {"0": 0.0, "1": 0.0362121433, "2": 0.0754842114, "3": 0.36801563, "4": 0.9396984118}}}