{
    "source_schema": "SARA_v1.0",
    "source_taxonomy": "CR-LFM-DNO-SOS-H4-7",
    "target_schema": "Medina_2019",
    "target_taxonomy": "M-MP",
    "source_damage_states": [
        0,
        1,
        2,
        3,
        4
    ],
    "target_damage_states": [
        0,
        1,
        2,
        3,
        4
    ],
    "conv_matrix": {
        "0": {
            "0": 1.0,
            "1": 1.645929309e-25,
            "2": 1.263134513e-60,
            "3": 9.207547936e-83,
            "4": 1.259544169e-110
        },
        "1": {
            "0": 3.897079565e-21,
            "1": 0.9660731855,
            "2": 0.3063165696,
            "3": 0.0342895023,
            "4": 0.0985651779
        },
        "2": {
            "0": 6.085313483e-58,
            "1": 0.0339264902,
            "2": 0.6804409351,
            "3": 0.499032326,
            "4": 0.4002940641
        },
        "3": {
            "0": 6.924985142e-108,
            "1": 3.243e-07,
            "2": 0.0132424953,
            "3": 0.4586631508,
            "4": 0.3855703838
        },
        "4": {
            "0": 9.220030642e-171,
            "1": 3.280256653e-31,
            "2": 0.0,
            "3": 0.008015021,
            "4": 0.1155703742
        }
    }
}