{"source_schema": "SARA_v1.0", "source_taxonomy": "MR-DNO-H1-3", "target_schema": "Medina_2019", "target_taxonomy": "M-MP", "source_damage_states": [0, 1, 2, 3, 4], "target_damage_states": [0, 1, 2, 3, 4], "conv_matrix": {"0": {"0": 1.0, "1": 0.0, "2": 0.0080527592, "3": 0.0001104439, "4": 0.0}, "1": {"0": 0.0, "1": 0.1884325053, "2": 2.406e-07, "3": 0.0, "4": 2.784186743e-26}, "2": {"0": 0.0, "1": 0.0537700554, "2": 0.0688816964, "3": 8.8038e-06, "4": 0.0}, "3": {"0": 1.592218279e-18, "1": 0.6981189343, "2": 0.8507545876, "3": 0.560225271, "4": 0.0970983684}, "4": {"0": 1.061641676e-28, "1": 0.059678505, "2": 0.0723107163, "3": 0.4396554814, "4": 0.9029016316}}}