{"source_schema": "SARA_v1.0", "source_taxonomy": "CR-LFM-DUC-H1-3", "target_schema": "Medina_2019", "target_taxonomy": "M-PCP2", "source_damage_states": [0, 1, 2, 3, 4], "target_damage_states": [0, 1, 2, 3, 4], "conv_matrix": {"0": {"0": 1.0, "1": 0.0, "2": 0.0, "3": 0.0064887672, "4": 1.1656e-06}, "1": {"0": 0.0, "1": 0.3864811763, "2": 0.0, "3": 5e-10, "4": 5.02737099e-16}, "2": {"0": 0.0, "1": 3.55424e-05, "2": 0.0920017335, "3": 0.0454698898, "4": 1.2153e-06}, "3": {"0": 2.048480026e-21, "1": 0.551873276, "2": 0.5350681493, "3": 0.6066180921, "4": 0.0659690153}, "4": {"0": 1.637137173e-31, "1": 0.0616100053, "2": 0.3729301171, "3": 0.3414232504, "4": 0.9340286037}}}