{"source_schema": "SARA_v1.0", "source_taxonomy": "MUR-ADO-H1-2", "target_schema": "SUPPASRI2013_v2.0", "target_taxonomy": "S3", "source_damage_states": [0, 1, 2, 3, 4], "target_damage_states": [0, 1, 2, 3, 4, 5, 6], "conv_matrix": {"0": {"0": 0.0152962652, "1": 6.857e-07, "2": 1.2e-09, "3": 3e-09, "4": 0.0}, "1": {"0": 0.0001318426, "1": 0.3559305968, "2": 0.3905667042, "3": 9.0543e-06, "4": 1e-10}, "2": {"0": 0.1610207243, "1": 0.1396128654, "2": 0.0147757734, "3": 6.809e-07, "4": 3.4e-09}, "3": {"0": 0.4564413746, "1": 0.4461425909, "2": 0.5472371219, "3": 0.2453603819, "4": 0.020095587}, "4": {"0": 0.1201786555, "1": 0.0556903934, "2": 0.0459673746, "3": 0.3928580442, "4": 0.2274490256}, "5": {"0": 0.0011630038, "1": 0.0008388099, "2": 0.0010775393, "3": 0.0762668225, "4": 0.2299394648}, "6": {"0": 0.245768134, "1": 0.0017840579, "2": 0.0003754854, "3": 0.2855050133, "4": 0.5225159192}}}