{
    "source_schema": "SARA_v1.0",
    "source_taxonomy": "CR-LWAL-DUC-H8-19",
    "target_schema": "Medina_2019",
    "target_taxonomy": "M-PCP2",
    "source_damage_states": [
        0,
        1,
        2,
        3,
        4
    ],
    "target_damage_states": [
        0,
        1,
        2,
        3,
        4
    ],
    "conv_matrix": {
        "0": {
            "0": 1.0,
            "1": 1.610169113e-25,
            "2": 7.287810512e-50,
            "3": 9.948257914e-59,
            "4": 5.56664355e-175
        },
        "1": {
            "0": 1.704829703e-22,
            "1": 0.9873467822,
            "2": 0.6671887255,
            "3": 0.059315059,
            "4": 2.825663141e-30
        },
        "2": {
            "0": 0.0,
            "1": 0.0126532144,
            "2": 0.2042403697,
            "3": 0.0360852659,
            "4": 2.503400051e-27
        },
        "3": {
            "0": 2.096517282e-102,
            "1": 3.4e-09,
            "2": 0.1040108151,
            "3": 0.1721931705,
            "4": 0.0
        },
        "4": {
            "0": 1.185337528e-87,
            "1": 0.0,
            "2": 0.0245600897,
            "3": 0.7324065045,
            "4": 1.0
        }
    }
}