{"source_schema": "SARA_v1.0", "source_taxonomy": "UNK", "target_schema": "Medina_2019", "target_taxonomy": "M-PCP1-T1", "source_damage_states": [0, 1, 2, 3, 4], "target_damage_states": [0, 1, 2, 3, 4], "conv_matrix": {"0": {"0": 1.0, "1": 0.0602299122, "2": 0.0002732634, "3": 0.0010148257, "4": 1.7e-09}, "1": {"0": 0.0, "1": 0.2929766208, "2": 0.1622997688, "3": 0.0003730592, "4": 7.2e-09}, "2": {"0": 0.0, "1": 0.2797313068, "2": 0.0869724999, "3": 0.0003761023, "4": 4.5e-09}, "3": {"0": 4.700561884e-16, "1": 0.3670603122, "2": 0.7500723046, "3": 0.9621487779, "4": 0.7337410485}, "4": {"0": 1.085987967e-28, "1": 1.848e-06, "2": 0.0003821634, "3": 0.0360872349, "4": 0.2662589381}}}