{
    "source_schema": "SARA_v1.0",
    "source_taxonomy": "CR-LDUAL-DUC-H4-7",
    "target_schema": "Medina_2019",
    "target_taxonomy": "M-PCP1-T1",
    "source_damage_states": [
        0,
        1,
        2,
        3,
        4
    ],
    "target_damage_states": [
        0,
        1,
        2,
        3,
        4
    ],
    "conv_matrix": {
        "0": {
            "0": 1.0,
            "1": 1.005753899e-25,
            "2": 1.532505354e-60,
            "3": 5.483586907e-66,
            "4": 5.763050441e-268
        },
        "1": {
            "0": 2.048960702e-22,
            "1": 0.9668167837,
            "2": 0.5548216013,
            "3": 0.0733607542,
            "4": 1.071887659e-82
        },
        "2": {
            "0": 0.0,
            "1": 0.0331832144,
            "2": 0.1974288773,
            "3": 0.0421563389,
            "4": 2.93623891e-44
        },
        "3": {
            "0": 3.479716879e-105,
            "1": 1.9e-09,
            "2": 0.2477495206,
            "3": 0.5763694963,
            "4": 0.0
        },
        "4": {
            "0": 5.299064891e-140,
            "1": 2.931462409e-22,
            "2": 8e-10,
            "3": 0.3081134106,
            "4": 1.0
        }
    }
}