{
    "source_schema": "SARA_v1.0",
    "source_taxonomy": "CR-LDUAL-DUC-H8-19",
    "target_schema": "Medina_2019",
    "target_taxonomy": "M-PCP3",
    "source_damage_states": [
        0,
        1,
        2,
        3,
        4
    ],
    "target_damage_states": [
        0,
        1,
        2,
        3,
        4
    ],
    "conv_matrix": {
        "0": {
            "0": 1.0,
            "1": 1.610169113e-25,
            "2": 7.287810512e-50,
            "3": 9.948257914e-59,
            "4": 5.56664355e-175
        },
        "1": {
            "0": 1.973929182e-22,
            "1": 0.9798132407,
            "2": 0.5812921974,
            "3": 0.062664525,
            "4": 1.008082992e-29
        },
        "2": {
            "0": 0.0,
            "1": 0.0195508517,
            "2": 0.214292141,
            "3": 0.033223743,
            "4": 6.606100162e-28
        },
        "3": {
            "0": 1.916779682e-88,
            "1": 0.0006359075,
            "2": 0.2015508134,
            "3": 0.1722769981,
            "4": 1.184655038e-16
        },
        "4": {
            "0": 9.881115807e-86,
            "1": 0.0,
            "2": 0.0028648481,
            "3": 0.7318347339,
            "4": 1.0
        }
    }
}