{"source_schema": "SARA_v1.0", "source_taxonomy": "MR-DUC-H1-3", "target_schema": "SUPPASRI2013_v2.0", "target_taxonomy": "RC1", "source_damage_states": [0, 1, 2, 3, 4], "target_damage_states": [0, 1, 2, 3, 4, 5, 6], "conv_matrix": {"0": {"0": 0.0137983044, "1": 4.0732e-06, "2": 9.9751e-06, "3": 1.34e-07, "4": 3e-10}, "1": {"0": 0.1050987045, "1": 0.0843106712, "2": 7.03366e-05, "3": 1.955e-07, "4": 1e-10}, "2": {"0": 0.034393844, "1": 0.4339332528, "2": 0.0001976854, "3": 0.0002030582, "4": 2.256e-07}, "3": {"0": 0.7571614612, "1": 0.468106575, "2": 0.8215702125, "3": 0.6562389803, "4": 0.3966140423}, "4": {"0": 0.0151961279, "1": 0.0136451667, "2": 0.0654913704, "3": 0.1253452838, "4": 0.1796271216}, "5": {"0": 0.0036180896, "1": 2.59e-07, "2": 0.0195092707, "3": 0.066087525, "4": 0.212898128}, "6": {"0": 0.0707334684, "1": 2.1e-09, "2": 0.0931511493, "3": 0.152124823, "4": 0.2108604822}}}