{"source_schema": "SARA_v1.0", "source_taxonomy": "MUR-H1-3", "target_schema": "SUPPASRI2013_v2.0", "target_taxonomy": "RC1", "source_damage_states": [0, 1, 2, 3, 4], "target_damage_states": [0, 1, 2, 3, 4, 5, 6], "conv_matrix": {"0": {"0": 0.0226683891, "1": 5.26072e-05, "2": 3.912e-07, "3": 1.6432e-06, "4": 3.7e-09}, "1": {"0": 0.0949628147, "1": 0.0975516389, "2": 0.0003021522, "3": 5e-10, "4": 0.0}, "2": {"0": 0.0290834959, "1": 0.2689386018, "2": 0.2058421539, "3": 3.062e-07, "4": 3.1e-09}, "3": {"0": 0.7995826426, "1": 0.6183434425, "2": 0.7403752568, "3": 0.6195879505, "4": 0.2655145375}, "4": {"0": 0.0110073966, "1": 0.0145356475, "2": 0.0525832139, "3": 0.1361620448, "4": 0.142573525}, "5": {"0": 0.0017272116, "1": 0.0001784583, "2": 0.000428895, "3": 0.0549900231, "4": 0.2679097268}, "6": {"0": 0.0409680495, "1": 0.0003996037, "2": 0.000467937, "3": 0.1892580317, "4": 0.324002204}}}