{"source_schema": "SARA_v1.0", "source_taxonomy": "CR-LWAL-DUC-H4-7", "target_schema": "Medina_2019", "target_taxonomy": "M-MP", "source_damage_states": [0, 1, 2, 3, 4], "target_damage_states": [0, 1, 2, 3, 4], "conv_matrix": {"0": {"0": 1.0, "1": 0.0, "2": 0.0, "3": 0.0, "4": 0.0066005964}, "1": {"0": 0.0, "1": 0.1461440072, "2": 0.0, "3": 0.0, "4": 1.601848322e-19}, "2": {"0": 0.0, "1": 0.0417026016, "2": 0.0763769341, "3": 0.0493094108, "4": 0.0179291703}, "3": {"0": 1.592218279e-18, "1": 0.7230683431, "2": 0.6314092773, "3": 0.6228963407, "4": 0.6619527441}, "4": {"0": 1.061641676e-28, "1": 0.0890850482, "2": 0.2922137886, "3": 0.3277942485, "4": 0.3135174892}}}