{
    "source_schema": "SARA_v1.0",
    "source_taxonomy": "CR-LFM-DNO-H4-7",
    "target_schema": "Medina_2019",
    "target_taxonomy": "M-PCP3",
    "source_damage_states": [
        0,
        1,
        2,
        3,
        4
    ],
    "target_damage_states": [
        0,
        1,
        2,
        3,
        4
    ],
    "conv_matrix": {
        "0": {
            "0": 1.0,
            "1": 9.464217222e-25,
            "2": 4.45245843e-59,
            "3": 7.787031836e-81,
            "4": 4.525824919e-30
        },
        "1": {
            "0": 1.973929182e-22,
            "1": 0.9755557263,
            "2": 0.3252039221,
            "3": 1.6623e-06,
            "4": 0.124403447
        },
        "2": {
            "0": 0.0,
            "1": 0.0244442728,
            "2": 0.3662560762,
            "3": 0.1209316277,
            "4": 0.039204051
        },
        "3": {
            "0": 1.916779682e-88,
            "1": 9e-10,
            "2": 0.3064756059,
            "3": 0.538382201,
            "4": 0.1578493164
        },
        "4": {
            "0": 9.881115807e-86,
            "1": 9.702494778e-18,
            "2": 0.0020643957,
            "3": 0.3406845091,
            "4": 0.6785431856
        }
    }
}