{
    "source_schema": "SARA_v1.0",
    "source_taxonomy": "CR-LFINF-DUC-H1-3",
    "target_schema": "Medina_2019",
    "target_taxonomy": "M-PCP3",
    "source_damage_states": [
        0,
        1,
        2,
        3,
        4
    ],
    "target_damage_states": [
        0,
        1,
        2,
        3,
        4
    ],
    "conv_matrix": {
        "0": {
            "0": 1.0,
            "1": 1.17287516e-25,
            "2": 4.765379896e-53,
            "3": 1.445084297e-59,
            "4": 2.735088422e-226
        },
        "1": {
            "0": 1.973929182e-22,
            "1": 0.934611865,
            "2": 0.489602926,
            "3": 0.0418172409,
            "4": 1.692816592e-65
        },
        "2": {
            "0": 0.0,
            "1": 0.0653869506,
            "2": 0.124548078,
            "3": 0.0292652721,
            "4": 7.569752529e-35
        },
        "3": {
            "0": 1.916779682e-88,
            "1": 1.1844e-06,
            "2": 0.2774023229,
            "3": 0.1530582362,
            "4": 4.039706825e-18
        },
        "4": {
            "0": 9.881115807e-86,
            "1": 0.0,
            "2": 0.1084466732,
            "3": 0.7758592507,
            "4": 1.0
        }
    }
}