{
    "source_schema": "SARA_v1.0",
    "source_taxonomy": "CR-LFINF-DUC-H4-7",
    "target_schema": "Medina_2019",
    "target_taxonomy": "M-PCP2",
    "source_damage_states": [
        0,
        1,
        2,
        3,
        4
    ],
    "target_damage_states": [
        0,
        1,
        2,
        3,
        4
    ],
    "conv_matrix": {
        "0": {
            "0": 1.0,
            "1": 1.037558333e-25,
            "2": 1.590298131e-60,
            "3": 6.629907989e-66,
            "4": 7.5471498e-83
        },
        "1": {
            "0": 1.704829703e-22,
            "1": 0.9665217685,
            "2": 0.4907950482,
            "3": 0.0469665393,
            "4": 0.0044036015
        },
        "2": {
            "0": 0.0,
            "1": 0.0334780192,
            "2": 0.1985208551,
            "3": 0.0335487393,
            "4": 1.8184e-06
        },
        "3": {
            "0": 2.096517282e-102,
            "1": 5e-10,
            "2": 0.2465357881,
            "3": 0.1514820967,
            "4": 0.1726225561
        },
        "4": {
            "0": 1.185337528e-87,
            "1": 2.118e-07,
            "2": 0.0641483086,
            "3": 0.7680026246,
            "4": 0.822972024
        }
    }
}