{"source_schema": "SARA_v1.0", "source_taxonomy": "W-WLI-H1-3", "target_schema": "Medina_2019", "target_taxonomy": "M-MP", "source_damage_states": [0, 1, 2, 3, 4], "target_damage_states": [0, 1, 2, 3, 4], "conv_matrix": {"0": {"0": 1.0, "1": 0.0, "2": 0.0, "3": 0.0046292018, "4": 8.314e-07}, "1": {"0": 0.0, "1": 0.0, "2": 0.0, "3": 0.0212413372, "4": 0.0}, "2": {"0": 0.0, "1": 0.2029481057, "2": 0.0032795292, "3": 0.0392088238, "4": 5.21e-08}, "3": {"0": 1.592218279e-18, "1": 0.7970412083, "2": 0.9930530547, "3": 0.7297373431, "4": 0.2277003952}, "4": {"0": 1.061641676e-28, "1": 1.06861e-05, "2": 0.0036674161, "3": 0.205183294, "4": 0.7722987213}}}