{
    "source_schema": "SARA_v1.0",
    "source_taxonomy": "CR-LFINF-DUC-H1-3",
    "target_schema": "Medina_2019",
    "target_taxonomy": "M-PCP2",
    "source_damage_states": [
        0,
        1,
        2,
        3,
        4
    ],
    "target_damage_states": [
        0,
        1,
        2,
        3,
        4
    ],
    "conv_matrix": {
        "0": {
            "0": 1.0,
            "1": 1.17287516e-25,
            "2": 4.765379896e-53,
            "3": 1.445084297e-59,
            "4": 2.735088422e-226
        },
        "1": {
            "0": 1.704829703e-22,
            "1": 0.9529289036,
            "2": 0.5379079693,
            "3": 0.0369930131,
            "4": 3.056993106e-63
        },
        "2": {
            "0": 0.0,
            "1": 0.0470710962,
            "2": 0.1249631351,
            "3": 0.0322064048,
            "4": 1.431507666e-31
        },
        "3": {
            "0": 2.096517282e-102,
            "1": 0.0,
            "2": 0.1968365507,
            "3": 0.1574931156,
            "4": 0.0
        },
        "4": {
            "0": 1.185337528e-87,
            "1": 2e-10,
            "2": 0.140292345,
            "3": 0.7733074665,
            "4": 1.0
        }
    }
}