{
    "source_schema": "SARA_v1.0",
    "source_taxonomy": "W-WWD-H1-2",
    "target_schema": "Medina_2019",
    "target_taxonomy": "M-PCP2",
    "source_damage_states": [
        0,
        1,
        2,
        3,
        4
    ],
    "target_damage_states": [
        0,
        1,
        2,
        3,
        4
    ],
    "conv_matrix": {
        "0": {
            "0": 1.0,
            "1": 1.610169113e-25,
            "2": 7.287810512e-50,
            "3": 9.833598016e-59,
            "4": 1.293699665e-184
        },
        "1": {
            "0": 1.704829703e-22,
            "1": 0.9577288641,
            "2": 0.7231820489,
            "3": 0.0565214159,
            "4": 5.151548738e-40
        },
        "2": {
            "0": 0.0,
            "1": 0.0422711298,
            "2": 0.1461053427,
            "3": 0.0379410202,
            "4": 8.323000576e-22
        },
        "3": {
            "0": 2.096517282e-102,
            "1": 1.3e-09,
            "2": 0.1245042605,
            "3": 0.1686616568,
            "4": 0.0
        },
        "4": {
            "0": 1.185337528e-87,
            "1": 4.8e-09,
            "2": 0.0062083479,
            "3": 0.7368759071,
            "4": 1.0
        }
    }
}