{"source_schema": "SARA_v1.0", "source_taxonomy": "CR-LWAL-DUC-H4-7", "target_schema": "Medina_2019", "target_taxonomy": "M-PCP3", "source_damage_states": [0, 1, 2, 3, 4], "target_damage_states": [0, 1, 2, 3, 4], "conv_matrix": {"0": {"0": 0.9999999921, "1": 0.0, "2": 0.0, "3": 0.0, "4": 0.0069901914}, "1": {"0": 7.9e-09, "1": 0.1217009958, "2": 0.0680773177, "3": 0.0476626841, "4": 0.0315848069}, "2": {"0": 0.0, "1": 0.2577948963, "2": 0.0, "3": 0.0, "4": 1.3e-09}, "3": {"0": 1.84154364e-21, "1": 0.5199563181, "2": 0.5476189244, "3": 0.5043487969, "4": 0.4783899836}, "4": {"0": 1.471754419e-31, "1": 0.1005477898, "2": 0.384303758, "3": 0.447988519, "4": 0.4830350168}}}