{"source_schema": "SARA_v1.0", "source_taxonomy": "UNK", "target_schema": "Medina_2019", "target_taxonomy": "M-PN", "source_damage_states": [0, 1, 2, 3, 4], "target_damage_states": [0, 1, 2, 3, 4], "conv_matrix": {"0": {"0": 1.0, "1": 0.0602308246, "2": 0.0002737163, "3": 0.0017676838, "4": 7.1e-09}, "1": {"0": 0.0, "1": 0.1605685681, "2": 0.0630725958, "3": 0.0076088076, "4": 5.079e-07}, "2": {"0": 0.0, "1": 0.4588973064, "2": 0.1809382618, "3": 0.0052937711, "4": 1.128e-07}, "3": {"0": 1.592218279e-18, "1": 0.3203004852, "2": 0.7551431795, "3": 0.7370089875, "4": 0.2706570837}, "4": {"0": 1.061641676e-28, "1": 2.8157e-06, "2": 0.0005722466, "3": 0.2483207501, "4": 0.7293422885}}}