{"source_schema": "SARA_v1.0", "source_taxonomy": "W-WS-H1-2", "target_schema": "SUPPASRI2013_v2.0", "target_taxonomy": "BRICK", "source_damage_states": [0, 1, 2, 3, 4], "target_damage_states": [0, 1, 2, 3, 4, 5, 6], "conv_matrix": {"0": {"0": 0.0401856431, "1": 7.828e-07, "2": 3.3268e-06, "3": 1.717036843e-17, "4": 9.426677608e-18}, "1": {"0": 0.0003488055, "1": 0.385137002, "2": 0.1328381599, "3": 0.3757622159, "4": 1.49e-08}, "2": {"0": 0.3815146998, "1": 0.1615902479, "2": 0.050456212, "3": 0.0014346631, "4": 3.07e-08}, "3": {"0": 0.3513176108, "1": 0.4123767259, "2": 0.4136934463, "3": 0.4070629009, "4": 0.1120427326}, "4": {"0": 0.0648737016, "1": 0.0276712914, "2": 0.1849027303, "3": 0.1459179782, "4": 0.2959546236}, "5": {"0": 0.0004756855, "1": 0.0004654354, "2": 0.0416958265, "3": 0.0193130042, "4": 0.2002192763}, "6": {"0": 0.1612838536, "1": 0.0127585144, "2": 0.1764102981, "3": 0.0505092377, "4": 0.3917833219}}}