{"source_schema": "SARA_v1.0", "source_taxonomy": "CR-LFM-DNO-SOS-H4-7", "target_schema": "Medina_2019", "target_taxonomy": "M-PCP3", "source_damage_states": [0, 1, 2, 3, 4], "target_damage_states": [0, 1, 2, 3, 4], "conv_matrix": {"0": {"0": 0.1111111107, "1": 0.0030748309, "2": 0.0, "3": 0.0042731154, "4": 0.0046275459}, "1": {"0": 0.773780842, "1": 0.1537432717, "2": 0.0062102903, "3": 2.0195e-06, "4": 0.0}, "2": {"0": 0.0039969356, "1": 0.0837376139, "2": 0.014939378, "3": 0.0104753331, "4": 0.0092002102}, "3": {"0": 0.1111111095, "1": 0.7476954532, "2": 0.7421346197, "3": 0.4134595433, "4": 0.0374292376}, "4": {"0": 2.2e-09, "1": 0.0117488302, "2": 0.2367157121, "3": 0.5717899887, "4": 0.9487430063}}}