{"source_schema": "SARA_v1.0", "source_taxonomy": "CR-LFM-DUC-H4-7", "target_schema": "Medina_2019", "target_taxonomy": "M-PCP3", "source_damage_states": [0, 1, 2, 3, 4], "target_damage_states": [0, 1, 2, 3, 4], "conv_matrix": {"0": {"0": 0.9999999921, "1": 0.0, "2": 0.0, "3": 0.0066062008, "4": 4e-10}, "1": {"0": 7.9e-09, "1": 0.1006409214, "2": 0.0685886937, "3": 0.0434527692, "4": 1e-10}, "2": {"0": 0.0, "1": 0.2130031335, "2": 0.0, "3": 4.28574e-05, "4": 1.3e-09}, "3": {"0": 1.84154364e-21, "1": 0.5036107909, "2": 0.5517263249, "3": 0.5772527661, "4": 0.0071139485}, "4": {"0": 1.471754419e-31, "1": 0.1827451541, "2": 0.3796849813, "3": 0.3726454065, "4": 0.9928860497}}}