{"source_schema": "SARA_v1.0", "source_taxonomy": "MUR-STDRE-H1-2", "target_schema": "Medina_2019", "target_taxonomy": "M-PCP3", "source_damage_states": [0, 1, 2, 3, 4], "target_damage_states": [0, 1, 2, 3, 4], "conv_matrix": {"0": {"0": 0.9999999921, "1": 0.0, "2": 0.0073382898, "3": 0.0001513071, "4": 0.0}, "1": {"0": 7.9e-09, "1": 0.0, "2": 0.0976879656, "3": 5.8439e-06, "4": 0.0}, "2": {"0": 0.0, "1": 0.6120066846, "2": 0.0352886816, "3": 0.0032409454, "4": 3.88e-08}, "3": {"0": 1.84154364e-21, "1": 0.387969665, "2": 0.7328700479, "3": 0.3046059144, "4": 0.0070086029}, "4": {"0": 1.471754419e-31, "1": 2.36504e-05, "2": 0.1268150151, "3": 0.6919959892, "4": 0.9929913583}}}