{
    "source_schema": "SARA_v1.0",
    "source_taxonomy": "CR-LFLS-DUC-H4-7",
    "target_schema": "Medina_2019",
    "target_taxonomy": "M-PN",
    "source_damage_states": [
        0,
        1,
        2,
        3,
        4
    ],
    "target_damage_states": [
        0,
        1,
        2,
        3,
        4
    ],
    "conv_matrix": {
        "0": {
            "0": 1.0,
            "1": 4.469980408e-25,
            "2": 3.786268826e-55,
            "3": 3.168340103e-62,
            "4": 3.42265535e-226
        },
        "1": {
            "0": 1.048612935e-21,
            "1": 0.6529795146,
            "2": 0.1268345145,
            "3": 0.0305445216,
            "4": 8.77992731e-47
        },
        "2": {
            "0": 1.133174647e-51,
            "1": 0.3452817333,
            "2": 0.7836012851,
            "3": 0.3676893314,
            "4": 6.756705349e-21
        },
        "3": {
            "0": 1.633089332e-115,
            "1": 1.3453e-06,
            "2": 0.0290500913,
            "3": 0.3384644335,
            "4": 0.066643812
        },
        "4": {
            "0": 6.58768022e-140,
            "1": 0.0017374069,
            "2": 0.0605141092,
            "3": 0.2633017135,
            "4": 0.933356188
        }
    }
}