{"source_schema": "SARA_v1.0", "source_taxonomy": "W-WWD-H1-2", "target_schema": "Medina_2019", "target_taxonomy": "M-PCP3", "source_damage_states": [0, 1, 2, 3, 4], "target_damage_states": [0, 1, 2, 3, 4], "conv_matrix": {"0": {"0": 0.9999999921, "1": 0.0, "2": 0.0, "3": 0.0049023826, "4": 1.1445e-06}, "1": {"0": 7.9e-09, "1": 0.0, "2": 0.0, "3": 0.064326652, "4": 3.39e-08}, "2": {"0": 0.0, "1": 0.4375206618, "2": 0.0, "3": 0.0247336459, "4": 7.4796e-05}, "3": {"0": 1.84154364e-21, "1": 0.5623568893, "2": 0.8708438039, "3": 0.5729297937, "4": 0.0664464094}, "4": {"0": 1.471754419e-31, "1": 0.0001224488, "2": 0.1291561961, "3": 0.3331075258, "4": 0.9334776162}}}