{
    "source_schema": "SARA_v1.0",
    "source_taxonomy": "S-LFM-H4-7",
    "target_schema": "Medina_2019",
    "target_taxonomy": "M-PN",
    "source_damage_states": [
        0,
        1,
        2,
        3,
        4
    ],
    "target_damage_states": [
        0,
        1,
        2,
        3,
        4
    ],
    "conv_matrix": {
        "0": {
            "0": 1.0,
            "1": 1.760704133e-25,
            "2": 7.969149717e-50,
            "3": 1.317561877e-58,
            "4": 1.509062465e-79
        },
        "1": {
            "0": 1.048612935e-21,
            "1": 0.8726279942,
            "2": 0.3867426151,
            "3": 0.0379311372,
            "4": 0.000352618
        },
        "2": {
            "0": 1.133174647e-51,
            "1": 0.1273720058,
            "2": 0.6132573353,
            "3": 0.5167685277,
            "4": 0.0420537982
        },
        "3": {
            "0": 1.633089332e-115,
            "1": 7.295240426e-22,
            "2": 4.96e-08,
            "3": 0.3186767017,
            "4": 0.2243123411
        },
        "4": {
            "0": 6.58768022e-140,
            "1": 1.495118814e-29,
            "2": 5.962679888e-24,
            "3": 0.1266236334,
            "4": 0.7332812427
        }
    }
}