{
    "source_schema": "SARA_v1.0",
    "source_taxonomy": "CR-LFINF-DNO-H1-3",
    "target_schema": "Medina_2019",
    "target_taxonomy": "M-MP",
    "source_damage_states": [
        0,
        1,
        2,
        3,
        4
    ],
    "target_damage_states": [
        0,
        1,
        2,
        3,
        4
    ],
    "conv_matrix": {
        "0": {
            "0": 1.0,
            "1": 2.383816546e-24,
            "2": 5.847880992e-55,
            "3": 1.603271414e-90,
            "4": 3.290225439e-121
        },
        "1": {
            "0": 3.897079565e-21,
            "1": 0.6599725484,
            "2": 0.2305851668,
            "3": 0.0606545096,
            "4": 0.0146657158
        },
        "2": {
            "0": 6.085313483e-58,
            "1": 0.1965091012,
            "2": 0.7002383406,
            "3": 0.5034516544,
            "4": 0.3843150291
        },
        "3": {
            "0": 6.924985142e-108,
            "1": 0.1403916529,
            "2": 0.0691764698,
            "3": 0.3871260205,
            "4": 0.4726807393
        },
        "4": {
            "0": 9.220030642e-171,
            "1": 0.0031266975,
            "2": 2.28e-08,
            "3": 0.0487678155,
            "4": 0.1283385159
        }
    }
}