{"source_schema": "SARA_v1.0", "source_taxonomy": "UNK", "target_schema": "SUPPASRI2013_v2.0", "target_taxonomy": "RC1", "source_damage_states": [0, 1, 2, 3, 4], "target_damage_states": [0, 1, 2, 3, 4, 5, 6], "conv_matrix": {"0": {"0": 0.0516049594, "1": 0.0044854586, "2": 0.0002432869, "3": 3.9e-09, "4": 0.0}, "1": {"0": 0.44647221, "1": 0.3257163046, "2": 0.0565955242, "3": 0.0047644204, "4": 1.34951e-05}, "2": {"0": 0.1368228253, "1": 0.4362968891, "2": 0.2522022746, "3": 0.1104952672, "4": 0.0069058871}, "3": {"0": 0.3635130584, "1": 0.2326602452, "2": 0.6513380479, "3": 0.6863829853, "4": 0.391393477}, "4": {"0": 0.0013533136, "1": 0.0007905095, "2": 0.0134728482, "3": 0.0744127253, "4": 0.1963991207}, "5": {"0": 1.00208e-05, "1": 2.1966e-06, "2": 0.002042172, "3": 0.0300818709, "4": 0.2005696576}, "6": {"0": 0.0002236125, "1": 4.83964e-05, "2": 0.0241058462, "3": 0.093862727, "4": 0.2047183625}}}