{"source_schema": "SARA_v1.0", "source_taxonomy": "CR-LFLS-DNO-H1-3", "target_schema": "Medina_2019", "target_taxonomy": "M-PN", "source_damage_states": [0, 1, 2, 3, 4], "target_damage_states": [0, 1, 2, 3, 4], "conv_matrix": {"0": {"0": 0.1111111111, "1": 0.0030748309, "2": 0.0, "3": 0.0042728469, "4": 0.0033380929}, "1": {"0": 0.2222222186, "1": 0.0543055414, "2": 0.0, "3": 0.0, "4": 0.0}, "2": {"0": 0.6429291257, "1": 0.0992471673, "2": 0.0084434508, "3": 2.503e-07, "4": 0.0}, "3": {"0": 0.0237375442, "1": 0.8431367055, "2": 0.9343332303, "3": 0.6649311871, "4": 0.0663370619}, "4": {"0": 4e-10, "1": 0.0002357549, "2": 0.0572233189, "3": 0.3307957157, "4": 0.9303248452}}}