{"source_schema": "SARA_v1.0", "source_taxonomy": "ER-ETR-H1-2", "target_schema": "SUPPASRI2013_v2.0", "target_taxonomy": "RC1", "source_damage_states": [0, 1, 2, 3, 4], "target_damage_states": [0, 1, 2, 3, 4, 5, 6], "conv_matrix": {"0": {"0": 0.0160368156, "1": 3.93941e-05, "2": 3.6406e-06, "3": 1.011e-07, "4": 2.3e-09}, "1": {"0": 0.0660591299, "1": 0.2263624642, "2": 0.0015939275, "3": 8.35e-06, "4": 0.0}, "2": {"0": 0.0207122934, "1": 0.4599952884, "2": 0.151760732, "3": 0.0487317145, "4": 7.6e-09}, "3": {"0": 0.8056234899, "1": 0.3118955257, "2": 0.7256111711, "3": 0.6999988446, "4": 0.273794319}, "4": {"0": 0.0153123976, "1": 0.0017073015, "2": 0.0467899796, "3": 0.1296610511, "4": 0.1482276194}, "5": {"0": 0.003581507, "1": 1.84e-08, "2": 0.0123942653, "3": 0.0372762801, "4": 0.2669336373}, "6": {"0": 0.0726743666, "1": 7.7e-09, "2": 0.061846284, "3": 0.0843236585, "4": 0.3110444144}}}