{
    "source_schema": "SARA_v1.0",
    "source_taxonomy": "ER-ETR-H1-2",
    "target_schema": "Medina_2019",
    "target_taxonomy": "M-PCP1-T1",
    "source_damage_states": [
        0,
        1,
        2,
        3,
        4
    ],
    "target_damage_states": [
        0,
        1,
        2,
        3,
        4
    ],
    "conv_matrix": {
        "0": {
            "0": 1.0,
            "1": 2.106286181e-25,
            "2": 1.958701364e-60,
            "3": 3.909324559e-77,
            "4": 4.899844602e-163
        },
        "1": {
            "0": 2.048960702e-22,
            "1": 0.9682994051,
            "2": 0.4830252553,
            "3": 0.043696563,
            "4": 0.0005096761
        },
        "2": {
            "0": 0.0,
            "1": 0.0317004448,
            "2": 0.1154213523,
            "3": 0.0569655669,
            "4": 0.0025348749
        },
        "3": {
            "0": 3.479716879e-105,
            "1": 5.1e-09,
            "2": 0.3651597759,
            "3": 0.6269681213,
            "4": 0.4194814939
        },
        "4": {
            "0": 5.299064891e-140,
            "1": 1.45e-07,
            "2": 0.0363936164,
            "3": 0.2723697488,
            "4": 0.5774739552
        }
    }
}