{"source_schema": "SARA_v1.0", "source_taxonomy": "CR-LFM-DNO-H4-7", "target_schema": "Medina_2019", "target_taxonomy": "M-PCP3", "source_damage_states": [0, 1, 2, 3, 4], "target_damage_states": [0, 1, 2, 3, 4], "conv_matrix": {"0": {"0": 0.499999998, "1": 0.004026848, "2": 0.0, "3": 0.0023959051, "4": 0.0050482319}, "1": {"0": 0.500000002, "1": 0.128050662, "2": 0.0, "3": 7.97e-08, "4": 0.0}, "2": {"0": 0.0, "1": 0.0758381955, "2": 0.0, "3": 0.0013029056, "4": 5e-10}, "3": {"0": 0.0, "1": 0.7164803711, "2": 0.7135331619, "3": 0.372462136, "4": 0.0327929274}, "4": {"0": 3.972041154e-22, "1": 0.0756039235, "2": 0.2864668381, "3": 0.6238389736, "4": 0.9621588401}}}