{"source_schema": "SARA_v1.0", "source_taxonomy": "CR-LFM-DUC-H1-3", "target_schema": "Medina_2019", "target_taxonomy": "M-PCP1-T1", "source_damage_states": [0, 1, 2, 3, 4], "target_damage_states": [0, 1, 2, 3, 4], "conv_matrix": {"0": {"0": 1.0, "1": 0.0, "2": 0.0, "3": 0.0051855654, "4": 2.15e-08}, "1": {"0": 0.0, "1": 0.2918452798, "2": 0.0, "3": 0.0, "4": 1.314733519e-18}, "2": {"0": 0.0, "1": 3.77979e-05, "2": 0.0575256382, "3": 0.0140628378, "4": 1.54e-08}, "3": {"0": 4.700561884e-16, "1": 0.7063881197, "2": 0.8905282008, "3": 0.9360589881, "4": 0.8185507392}, "4": {"0": 1.085987967e-28, "1": 0.0017288025, "2": 0.0519461609, "3": 0.0446926087, "4": 0.1814492239}}}