{
    "source_schema": "SARA_v1.0",
    "source_taxonomy": "UNK",
    "target_schema": "Medina_2019",
    "target_taxonomy": "M-PCP3",
    "source_damage_states": [
        0,
        1,
        2,
        3,
        4
    ],
    "target_damage_states": [
        0,
        1,
        2,
        3,
        4
    ],
    "conv_matrix": {
        "0": {
            "0": 1.0,
            "1": 1.005753899e-25,
            "2": 1.532505354e-60,
            "3": 5.483586907e-66,
            "4": 5.763050441e-268
        },
        "1": {
            "0": 1.973929182e-22,
            "1": 0.949660969,
            "2": 0.4153157472,
            "3": 0.046555007,
            "4": 6.85351188e-78
        },
        "2": {
            "0": 0.0,
            "1": 0.0476133601,
            "2": 0.1961142688,
            "3": 0.0258162445,
            "4": 3.865699264e-46
        },
        "3": {
            "0": 1.916779682e-88,
            "1": 0.0027256707,
            "2": 0.3704788342,
            "3": 0.1500400567,
            "4": 3.731345728e-25
        },
        "4": {
            "0": 9.881115807e-86,
            "1": 2e-10,
            "2": 0.0180911498,
            "3": 0.7775886918,
            "4": 1.0
        }
    }
}