{"source_schema": "SARA_v1.0", "source_taxonomy": "CR-PC-LWAL-H1-3", "target_schema": "Medina_2019", "target_taxonomy": "M-PCP1-T1", "source_damage_states": [0, 1, 2, 3, 4], "target_damage_states": [0, 1, 2, 3, 4], "conv_matrix": {"0": {"0": 1.0, "1": 0.0, "2": 0.0, "3": 0.004607704, "4": 0.0029699979}, "1": {"0": 0.0, "1": 0.2180534618, "2": 0.0, "3": 1.78e-08, "4": 0.0238491011}, "2": {"0": 0.0, "1": 2.82409e-05, "2": 7.524e-07, "3": 0.0, "4": 0.0227816808}, "3": {"0": 4.700561884e-16, "1": 0.7807888623, "2": 0.8984481107, "3": 0.8042879423, "4": 0.912791178}, "4": {"0": 1.085987967e-28, "1": 0.001129435, "2": 0.1015511369, "3": 0.191104336, "4": 0.0376080421}}}