{"source_schema": "SARA_v1.0", "source_taxonomy": "CR-PC-LWAL-DUC-H1-3", "target_schema": "Medina_2019", "target_taxonomy": "M-PCP3", "source_damage_states": [0, 1, 2, 3, 4], "target_damage_states": [0, 1, 2, 3, 4], "conv_matrix": {"0": {"0": 0.9999999921, "1": 0.0, "2": 0.0, "3": 0.0046308493, "4": 0.0039592713}, "1": {"0": 7.9e-09, "1": 0.0, "2": 0.0, "3": 0.0, "4": 0.0649378635}, "2": {"0": 0.0, "1": 0.3130564936, "2": 0.0, "3": 0.0227046018, "4": 0.0227809794}, "3": {"0": 1.84154364e-21, "1": 0.6677095286, "2": 0.5709500288, "3": 0.1825653564, "4": 0.5585889283}, "4": {"0": 1.471754419e-31, "1": 0.0192339778, "2": 0.4290499712, "3": 0.7900991926, "4": 0.3497329575}}}