{
    "source_schema": "SARA_v1.0",
    "source_taxonomy": "CR-LFINF-DUC-H4-7",
    "target_schema": "Medina_2019",
    "target_taxonomy": "M-PCP1-T2",
    "source_damage_states": [
        0,
        1,
        2,
        3,
        4
    ],
    "target_damage_states": [
        0,
        1,
        2,
        3,
        4
    ],
    "conv_matrix": {
        "0": {
            "0": 1.0,
            "1": 1.037558333e-25,
            "2": 1.590298131e-60,
            "3": 6.628964377e-66,
            "4": 7.552971631e-83
        },
        "1": {
            "0": 2.048960702e-22,
            "1": 0.9668167436,
            "2": 0.5575776921,
            "3": 0.08496107,
            "4": 0.0058078621
        },
        "2": {
            "0": 0.0,
            "1": 0.0331832547,
            "2": 0.1985942606,
            "3": 0.0493607322,
            "4": 0.0002108233
        },
        "3": {
            "0": 3.479716879e-105,
            "1": 1.7e-09,
            "2": 0.2438280465,
            "3": 0.5452887377,
            "4": 0.7089578259
        },
        "4": {
            "0": 5.299064891e-140,
            "1": 2.931466026e-22,
            "2": 8e-10,
            "3": 0.3203894601,
            "4": 0.2850234887
        }
    }
}