{"source_schema": "SARA_v1.0", "source_taxonomy": "CR-LFM-DUC-H1-3", "target_schema": "SUPPASRI2013_v2.0", "target_taxonomy": "S1", "source_damage_states": [0, 1, 2, 3, 4], "target_damage_states": [0, 1, 2, 3, 4, 5, 6], "conv_matrix": {"0": {"0": 0.0180411554, "1": 3.7249e-06, "2": 1.1e-09, "3": 0.0, "4": 0.0}, "1": {"0": 0.000155767, "1": 0.1524998248, "2": 0.3602223431, "3": 0.2198870276, "4": 0.0}, "2": {"0": 0.1706107012, "1": 0.1768899761, "2": 0.0354993626, "3": 0.0039461881, "4": 4e-10}, "3": {"0": 0.3797025176, "1": 0.4260227748, "2": 0.4182674814, "3": 0.4381091095, "4": 0.0150068656}, "4": {"0": 0.1405326487, "1": 0.1182815965, "2": 0.1124921077, "3": 0.2130613061, "4": 0.2343077003}, "5": {"0": 0.0013664643, "1": 0.0061700513, "2": 0.0151354258, "3": 0.0382825032, "4": 0.2265590906}, "6": {"0": 0.2895907458, "1": 0.1201320516, "2": 0.0583832785, "3": 0.0867138655, "4": 0.524126343}}}