{"source_schema": "SARA_v1.0", "source_taxonomy": "CR-LFM-DNO-SOS-H4-7", "target_schema": "SUPPASRI2013_v2.0", "target_taxonomy": "RC3", "source_damage_states": [0, 1, 2, 3, 4], "target_damage_states": [0, 1, 2, 3, 4, 5, 6], "conv_matrix": {"0": {"0": 9.40958e-05, "1": 0.0006851559, "2": 5.6e-09, "3": 5e-10, "4": 1.000424321e-16}, "1": {"0": 0.0060847798, "1": 0.0953871518, "2": 2.10071e-05, "3": 0.366726266, "4": 1.547432697e-19}, "2": {"0": 0.9879289358, "1": 0.0700565165, "2": 1.69944e-05, "3": 0.0445169982, "4": 0.0}, "3": {"0": 0.0058921216, "1": 0.4527288135, "2": 0.2373468537, "3": 0.4047014509, "4": 3.12582e-05}, "4": {"0": 6.7e-08, "1": 0.1844054691, "2": 0.2526697543, "3": 0.1476323882, "4": 0.0221850334}, "5": {"0": 0.0, "1": 0.0283917872, "2": 0.1024584328, "3": 0.0259793165, "4": 0.2456299448}, "6": {"0": 0.0, "1": 0.1683451059, "2": 0.4074869521, "3": 0.0104435797, "4": 0.7321537636}}}