{
    "source_schema": "SARA_v1.0",
    "source_taxonomy": "CR-LFINF-DUC-H4-7",
    "target_schema": "Medina_2019",
    "target_taxonomy": "M-PCP1-T1",
    "source_damage_states": [
        0,
        1,
        2,
        3,
        4
    ],
    "target_damage_states": [
        0,
        1,
        2,
        3,
        4
    ],
    "conv_matrix": {
        "0": {
            "0": 1.0,
            "1": 1.037558333e-25,
            "2": 1.590298131e-60,
            "3": 6.629907989e-66,
            "4": 7.5471498e-83
        },
        "1": {
            "0": 2.048960702e-22,
            "1": 0.9668167436,
            "2": 0.5575776921,
            "3": 0.0849731639,
            "4": 0.0058033854
        },
        "2": {
            "0": 0.0,
            "1": 0.0331832547,
            "2": 0.1985942606,
            "3": 0.0493677585,
            "4": 0.0002106608
        },
        "3": {
            "0": 3.479716879e-105,
            "1": 1.7e-09,
            "2": 0.2438280465,
            "3": 0.545224011,
            "4": 0.7091821612
        },
        "4": {
            "0": 5.299064891e-140,
            "1": 2.931466026e-22,
            "2": 8e-10,
            "3": 0.3204350665,
            "4": 0.2848037926
        }
    }
}