{"source_schema": "SARA_v1.0", "source_taxonomy": "CR-PC-LWAL-DUC-H1-3", "target_schema": "SUPPASRI2013_v2.0", "target_taxonomy": "BRICK", "source_damage_states": [0, 1, 2, 3, 4], "target_damage_states": [0, 1, 2, 3, 4, 5, 6], "conv_matrix": {"0": {"0": 9.3458e-05, "1": 0.0003671402, "2": 0.0005589467, "3": 6e-10, "4": 8.346201434e-17}, "1": {"0": 0.0060556609, "1": 0.223858966, "2": 4.685e-07, "3": 0.4315765465, "4": 0.0175292029}, "2": {"0": 0.9868220414, "1": 0.1728470487, "2": 3.69212e-05, "3": 0.0554797167, "4": 8.52222e-05}, "3": {"0": 0.0070284534, "1": 0.6016553526, "2": 0.3048991024, "3": 0.3851062546, "4": 0.326242013}, "4": {"0": 3.864e-07, "1": 0.0012713955, "2": 0.2887555184, "3": 0.1081283835, "4": 0.2146572612}, "5": {"0": 0.0, "1": 9.65e-08, "2": 0.0699956943, "3": 0.0131830862, "4": 0.1478516041}, "6": {"0": 0.0, "1": 5e-10, "2": 0.3357533485, "3": 0.0065260119, "4": 0.2936346966}}}