{"source_schema": "SARA_v1.0", "source_taxonomy": "CR-LFM-DUC-H4-7", "target_schema": "SUPPASRI2013_v2.0", "target_taxonomy": "W2", "source_damage_states": [0, 1, 2, 3, 4], "target_damage_states": [0, 1, 2, 3, 4, 5, 6], "conv_matrix": {"0": {"0": 0.0417005925, "1": 4.2321e-06, "2": 1.5059e-06, "3": 0.0, "4": 7.050975143e-17}, "1": {"0": 0.0003616578, "1": 0.314179957, "2": 0.0765922348, "3": 0.3390847307, "4": 0.0396381612}, "2": {"0": 0.3957658697, "1": 0.124153078, "2": 0.0195526483, "3": 0.0152237945, "4": 8.06274e-05}, "3": {"0": 0.3277146745, "1": 0.4436224121, "2": 0.3290970117, "3": 0.376707134, "4": 0.3093222284}, "4": {"0": 0.066579985, "1": 0.0919008132, "2": 0.2398013281, "3": 0.1467345589, "4": 0.2252533933}, "5": {"0": 0.0004931503, "1": 0.0085026902, "2": 0.0468871437, "3": 0.0356547325, "4": 0.1476435653}, "6": {"0": 0.1673840701, "1": 0.0176368174, "2": 0.2880681274, "3": 0.0865950495, "4": 0.2780620245}}}