{"source_schema": "SARA_v1.0", "source_taxonomy": "CR-LWAL-DUC-H4-7", "target_schema": "Medina_2019", "target_taxonomy": "M-PCP1-T2", "source_damage_states": [0, 1, 2, 3, 4], "target_damage_states": [0, 1, 2, 3, 4], "conv_matrix": {"0": {"0": 1.0, "1": 0.0, "2": 0.0, "3": 0.0, "4": 0.0069901207}, "1": {"0": 0.0, "1": 0.2793125885, "2": 0.0, "3": 0.0, "4": 3.190744803e-16}, "2": {"0": 0.0, "1": 2.56867e-05, "2": 0.0903328268, "3": 0.061339392, "4": 0.0304571857}, "3": {"0": 2.048480026e-21, "1": 0.6147350247, "2": 0.5253635139, "3": 0.4906721628, "4": 0.4795176785}, "4": {"0": 1.637137173e-31, "1": 0.1059267001, "2": 0.3843036592, "3": 0.4479884452, "4": 0.483035015}}}