{"source_schema": "SARA_v1.0", "source_taxonomy": "CR-LFM-DUC-H4-7", "target_schema": "Medina_2019", "target_taxonomy": "M-MP", "source_damage_states": [0, 1, 2, 3, 4], "target_damage_states": [0, 1, 2, 3, 4], "conv_matrix": {"0": {"0": 1.0, "1": 0.0, "2": 0.0, "3": 0.0062380073, "4": 3e-10}, "1": {"0": 0.0, "1": 0.1208541265, "2": 0.0, "3": 3.361735375e-18, "4": 1.035897771e-29}, "2": {"0": 0.0, "1": 0.0344860633, "2": 0.0769506543, "3": 0.0310172528, "4": 1e-10}, "3": {"0": 1.592218279e-18, "1": 0.738395889, "2": 0.6361231727, "3": 0.7476570016, "4": 0.1171794354}, "4": {"0": 1.061641676e-28, "1": 0.1062639212, "2": 0.286926173, "3": 0.2150877383, "4": 0.8828205643}}}