{"source_schema": "SARA_v1.0", "source_taxonomy": "W-WHE-H1-3", "target_schema": "Medina_2019", "target_taxonomy": "M-PCP2", "source_damage_states": [0, 1, 2, 3, 4], "target_damage_states": [0, 1, 2, 3, 4], "conv_matrix": {"0": {"0": 1.0, "1": 0.0, "2": 0.0, "3": 0.0056242854, "4": 1.1467e-06}, "1": {"0": 0.0, "1": 0.437739726, "2": 0.0, "3": 0.03199718, "4": 3.38e-08}, "2": {"0": 0.0, "1": 4.02563e-05, "2": 0.1163539215, "3": 0.039414996, "4": 1.1956e-06}, "3": {"0": 2.048480026e-21, "1": 0.5620985852, "2": 0.6708420237, "3": 0.5744783654, "4": 0.0657961497}, "4": {"0": 1.637137173e-31, "1": 0.0001214325, "2": 0.2128040548, "3": 0.3484851731, "4": 0.9342014741}}}