{"source_schema": "SARA_v1.0", "source_taxonomy": "UNK", "target_schema": "SUPPASRI2013_v2.0", "target_taxonomy": "W1", "source_damage_states": [0, 1, 2, 3, 4], "target_damage_states": [0, 1, 2, 3, 4, 5, 6], "conv_matrix": {"0": {"0": 0.0323133246, "1": 0.0028597148, "2": 0.0001608488, "3": 0.0, "4": 2.620887587e-17}, "1": {"0": 0.0006935493, "1": 0.2216625551, "2": 0.2594463798, "3": 0.2514147443, "4": 0.0748724644}, "2": {"0": 0.6584399303, "1": 0.59464415, "2": 0.0902782432, "3": 0.002340602, "4": 4.198e-06}, "3": {"0": 0.2835508993, "1": 0.1763032296, "2": 0.487178522, "3": 0.3849733032, "4": 0.1945493502}, "4": {"0": 0.0214626368, "1": 0.0038792637, "2": 0.081802948, "3": 0.1822283033, "4": 0.2700366817}, "5": {"0": 4.77448e-05, "1": 8.7047e-06, "2": 0.0016223185, "3": 0.0275610647, "4": 0.2231681208}, "6": {"0": 0.0034919149, "1": 0.0006423821, "2": 0.0795107397, "3": 0.1514819825, "4": 0.2373691848}}}