{"source_schema": "SARA_v1.0", "source_taxonomy": "CR-LFM-DUC-H1-3", "target_schema": "Medina_2019", "target_taxonomy": "M-MP", "source_damage_states": [0, 1, 2, 3, 4], "target_damage_states": [0, 1, 2, 3, 4], "conv_matrix": {"0": {"0": 1.0, "1": 0.0, "2": 0.0, "3": 0.0061272486, "4": 8.468e-07}, "1": {"0": 0.0, "1": 0.2022173417, "2": 0.0, "3": 2.95e-08, "4": 1.555441673e-19}, "2": {"0": 0.0, "1": 0.057703345, "2": 0.0777880044, "3": 0.0304676375, "4": 5.23e-08}, "3": {"0": 1.592218279e-18, "1": 0.6791265245, "2": 0.6430054488, "3": 0.77247975, "4": 0.2297067397}, "4": {"0": 1.061641676e-28, "1": 0.0609527889, "2": 0.2792065468, "3": 0.1909253345, "4": 0.7702923612}}}