{
    "source_schema": "SARA_v1.0",
    "source_taxonomy": "CR-LFLS-DUC-H4-7",
    "target_schema": "Medina_2019",
    "target_taxonomy": "M-MP",
    "source_damage_states": [
        0,
        1,
        2,
        3,
        4
    ],
    "target_damage_states": [
        0,
        1,
        2,
        3,
        4
    ],
    "conv_matrix": {
        "0": {
            "0": 1.0,
            "1": 4.469980408e-25,
            "2": 3.786268826e-55,
            "3": 3.168340103e-62,
            "4": 3.42265535e-226
        },
        "1": {
            "0": 3.897079565e-21,
            "1": 0.7825020148,
            "2": 0.2602924946,
            "3": 0.1080650574,
            "4": 4.66225627e-23
        },
        "2": {
            "0": 6.085313483e-58,
            "1": 0.2121726191,
            "2": 0.7034070764,
            "3": 0.4514894492,
            "4": 1.76e-08
        },
        "3": {
            "0": 6.924985142e-108,
            "1": 0.0053253661,
            "2": 0.036300429,
            "3": 0.3883859093,
            "4": 0.1204023519
        },
        "4": {
            "0": 9.220030642e-171,
            "1": 2.175712411e-19,
            "2": 0.0,
            "3": 0.0520595841,
            "4": 0.8795976305
        }
    }
}