{"source_schema": "SARA_v1.0", "source_taxonomy": "MUR-H1-3", "target_schema": "Medina_2019", "target_taxonomy": "M-PCP1-T2", "source_damage_states": [0, 1, 2, 3, 4], "target_damage_states": [0, 1, 2, 3, 4], "conv_matrix": {"0": {"0": 1.0, "1": 0.0135508732, "2": 0.0010669371, "3": 5.86818e-05, "4": 0.0}, "1": {"0": 0.0, "1": 0.1216410352, "2": 0.0004638102, "3": 4.866e-07, "4": 0.0}, "2": {"0": 0.0, "1": 0.1555266629, "2": 0.0049546466, "3": 6.70374e-05, "4": 0.0}, "3": {"0": 2.048480026e-21, "1": 0.7038024552, "2": 0.7571868794, "3": 0.3062208001, "4": 0.0070086248}, "4": {"0": 1.637137173e-31, "1": 0.0054789735, "2": 0.2363277266, "3": 0.6936529941, "4": 0.9929913752}}}