{"source_schema": "SARA_v1.0", "source_taxonomy": "S-LFM-H4-7", "target_schema": "Medina_2019", "target_taxonomy": "M-PCP2", "source_damage_states": [0, 1, 2, 3, 4], "target_damage_states": [0, 1, 2, 3, 4], "conv_matrix": {"0": {"0": 1.0, "1": 0.0, "2": 0.0, "3": 0.0052765746, "4": 0.0}, "1": {"0": 0.0, "1": 0.4375295692, "2": 0.0, "3": 0.0300175818, "4": 0.0}, "2": {"0": 0.0, "1": 4.0237e-05, "2": 0.0919701534, "3": 0.0369767278, "4": 0.0}, "3": {"0": 2.048480026e-21, "1": 0.5623084475, "2": 0.5348845987, "3": 0.5523291734, "4": 0.000744533}, "4": {"0": 1.637137173e-31, "1": 0.0001217463, "2": 0.3731452479, "3": 0.3753999423, "4": 0.999255467}}}