{"source_schema": "SARA_v1.0", "source_taxonomy": "CR-LFINF-DUC-H1-3", "target_schema": "Medina_2019", "target_taxonomy": "M-PCP2", "source_damage_states": [0, 1, 2, 3, 4], "target_damage_states": [0, 1, 2, 3, 4], "conv_matrix": {"0": {"0": 1.0, "1": 0.0, "2": 0.0, "3": 0.0063167687, "4": 0.0}, "1": {"0": 0.0, "1": 0.222823342, "2": 0.0, "3": 0.0, "4": 1.508499907e-20}, "2": {"0": 0.0, "1": 2.04917e-05, "2": 0.0920442197, "3": 0.0442628063, "4": 0.0}, "3": {"0": 2.048480026e-21, "1": 0.5629433918, "2": 0.5353152269, "3": 0.5501038668, "4": 0.0007443955}, "4": {"0": 1.637137173e-31, "1": 0.2142127745, "2": 0.3726405534, "3": 0.3993165582, "4": 0.9992556045}}}