{
    "source_schema": "SARA_v1.0",
    "source_taxonomy": "S-LFM-H4-7",
    "target_schema": "Medina_2019",
    "target_taxonomy": "M-MP",
    "source_damage_states": [
        0,
        1,
        2,
        3,
        4
    ],
    "target_damage_states": [
        0,
        1,
        2,
        3,
        4
    ],
    "conv_matrix": {
        "0": {
            "0": 1.0,
            "1": 1.760704133e-25,
            "2": 7.969149717e-50,
            "3": 1.317561877e-58,
            "4": 1.509062465e-79
        },
        "1": {
            "0": 3.897079565e-21,
            "1": 0.9818714881,
            "2": 0.6282617022,
            "3": 0.1334046235,
            "4": 0.0024107565
        },
        "2": {
            "0": 6.085313483e-58,
            "1": 0.0181285111,
            "2": 0.3717382955,
            "3": 0.5726626797,
            "4": 0.1717524421
        },
        "3": {
            "0": 6.924985142e-108,
            "1": 8e-10,
            "2": 2.3e-09,
            "3": 0.2931499172,
            "4": 0.5414002727
        },
        "4": {
            "0": 9.220030642e-171,
            "1": 1.171006728e-36,
            "2": 8.84516904e-36,
            "3": 0.0007827795,
            "4": 0.2844365287
        }
    }
}