{
    "source_schema": "SARA_v1.0",
    "source_taxonomy": "S-LFM-H4-7",
    "target_schema": "Medina_2019",
    "target_taxonomy": "M-PCP3",
    "source_damage_states": [
        0,
        1,
        2,
        3,
        4
    ],
    "target_damage_states": [
        0,
        1,
        2,
        3,
        4
    ],
    "conv_matrix": {
        "0": {
            "0": 1.0,
            "1": 1.760704133e-25,
            "2": 7.969149717e-50,
            "3": 1.317747043e-58,
            "4": 1.509084404e-79
        },
        "1": {
            "0": 1.973929182e-22,
            "1": 0.9383973853,
            "2": 0.6275416792,
            "3": 0.0752574719,
            "4": 2.27e-08
        },
        "2": {
            "0": 0.0,
            "1": 0.0609689644,
            "2": 0.144851414,
            "3": 0.0430344244,
            "4": 2.84571e-05
        },
        "3": {
            "0": 1.916779682e-88,
            "1": 0.0006336503,
            "2": 0.2262535939,
            "3": 0.1955212913,
            "4": 0.0413318187
        },
        "4": {
            "0": 9.881115807e-86,
            "1": 0.0,
            "2": 0.0013533129,
            "3": 0.6861868124,
            "4": 0.9586397015
        }
    }
}