{
    "source_schema": "SARA_v1.0",
    "source_taxonomy": "CR-LFINF-DUC-H4-7",
    "target_schema": "Medina_2019",
    "target_taxonomy": "M-PCP3",
    "source_damage_states": [
        0,
        1,
        2,
        3,
        4
    ],
    "target_damage_states": [
        0,
        1,
        2,
        3,
        4
    ],
    "conv_matrix": {
        "0": {
            "0": 1.0,
            "1": 1.037558333e-25,
            "2": 1.590298131e-60,
            "3": 6.629907989e-66,
            "4": 7.547149802e-83
        },
        "1": {
            "0": 1.973929182e-22,
            "1": 0.9496609831,
            "2": 0.4177486531,
            "3": 0.0545254393,
            "4": 0.0002108794
        },
        "2": {
            "0": 0.0,
            "1": 0.0476134179,
            "2": 0.1972719467,
            "3": 0.0302562246,
            "4": 3.536e-07
        },
        "3": {
            "0": 1.916779682e-88,
            "1": 0.0027255989,
            "2": 0.3667816563,
            "3": 0.1423842133,
            "4": 0.1852976136
        },
        "4": {
            "0": 9.881115807e-86,
            "1": 2e-10,
            "2": 0.0181977438,
            "3": 0.7728341228,
            "4": 0.8144911534
        }
    }
}