{"source_schema": "SARA_v1.0", "source_taxonomy": "W-WHE-H1-3", "target_schema": "Medina_2019", "target_taxonomy": "M-PCP3", "source_damage_states": [0, 1, 2, 3, 4], "target_damage_states": [0, 1, 2, 3, 4], "conv_matrix": {"0": {"0": 0.9999999921, "1": 0.0, "2": 0.0, "3": 0.0056243423, "4": 1.1467e-06}, "1": {"0": 7.9e-09, "1": 0.0, "2": 0.0876875345, "3": 0.0572899097, "4": 3.4e-08}, "2": {"0": 0.0, "1": 0.4382016444, "2": 0.0, "3": 0.0283760986, "4": 7.49429e-05}, "3": {"0": 1.84154364e-21, "1": 0.5616769312, "2": 0.6995082835, "3": 0.5611177187, "4": 0.0657379994}, "4": {"0": 1.471754419e-31, "1": 0.0001214244, "2": 0.212804182, "3": 0.3475919307, "4": 0.934185877}}}