{"source_schema": "SARA_v1.0", "source_taxonomy": "MR-DNO-H1-3", "target_schema": "Medina_2019", "target_taxonomy": "M-PCP1-T1", "source_damage_states": [0, 1, 2, 3, 4], "target_damage_states": [0, 1, 2, 3, 4], "conv_matrix": {"0": {"0": 1.0, "1": 0.0, "2": 0.0068888605, "3": 3.0048e-06, "4": 0.0}, "1": {"0": 0.0, "1": 0.2719493442, "2": 5.488e-07, "3": 7e-10, "4": 5.099337966e-18}, "2": {"0": 0.0, "1": 3.52211e-05, "2": 0.0396881089, "3": 2.795e-06, "4": 0.0}, "3": {"0": 4.700561884e-16, "1": 0.724065479, "2": 0.9448351694, "3": 0.8958092548, "4": 0.7772684017}, "4": {"0": 1.085987967e-28, "1": 0.0039499557, "2": 0.0085873124, "3": 0.1041849447, "4": 0.2227315983}}}