{"source_schema": "SARA_v1.0", "source_taxonomy": "CR-LWAL-DUC-H8-19", "target_schema": "Medina_2019", "target_taxonomy": "M-PCP3", "source_damage_states": [0, 1, 2, 3, 4], "target_damage_states": [0, 1, 2, 3, 4], "conv_matrix": {"0": {"0": 0.9999999921, "1": 0.0, "2": 0.0, "3": 0.0059681872, "4": 4e-10}, "1": {"0": 7.9e-09, "1": 0.1834436535, "2": 0.0685888959, "3": 0.0392561898, "4": 1e-10}, "2": {"0": 0.0, "1": 0.3881823978, "2": 0.0, "3": 4.69316e-05, "4": 2e-09}, "3": {"0": 1.84154364e-21, "1": 0.3990080316, "2": 0.5517279489, "3": 0.5824190244, "4": 0.0071140512}, "4": {"0": 1.471754419e-31, "1": 0.029365917, "2": 0.3796831552, "3": 0.372309667, "4": 0.9928859463}}}