{"source_schema": "SARA_v1.0", "source_taxonomy": "MUR-STDRE-H1-2", "target_schema": "SUPPASRI2013_v2.0", "target_taxonomy": "W3", "source_damage_states": [0, 1, 2, 3, 4], "target_damage_states": [0, 1, 2, 3, 4, 5, 6], "conv_matrix": {"0": {"0": 0.0108998006, "1": 7.98e-08, "2": 1.03e-08, "3": 0.0, "4": 0.0}, "1": {"0": 9.38795e-05, "1": 0.5111188909, "2": 0.2675979768, "3": 0.132756741, "4": 3e-10}, "2": {"0": 0.1278912519, "1": 0.2996778207, "2": 0.0185936921, "3": 0.0028651994, "4": 8.7e-09}, "3": {"0": 0.4041719479, "1": 0.18913868, "2": 0.4590236215, "3": 0.451369554, "4": 0.0295746219}, "4": {"0": 0.1295953097, "1": 6.45226e-05, "2": 0.1489841235, "3": 0.2317655381, "4": 0.2390150911}, "5": {"0": 0.0021435466, "1": 2.7e-09, "2": 0.0186452468, "3": 0.0472577691, "4": 0.2308425921}, "6": {"0": 0.3252042639, "1": 3.3e-09, "2": 0.0871553289, "3": 0.1339851983, "4": 0.5005676859}}}