{
    "source_schema": "SARA_v1.0",
    "source_taxonomy": "CR-LFM-DNO-H4-7",
    "target_schema": "Medina_2019",
    "target_taxonomy": "M-PCP2",
    "source_damage_states": [
        0,
        1,
        2,
        3,
        4
    ],
    "target_damage_states": [
        0,
        1,
        2,
        3,
        4
    ],
    "conv_matrix": {
        "0": {
            "0": 1.0,
            "1": 9.464217222e-25,
            "2": 4.45245843e-59,
            "3": 7.787031836e-81,
            "4": 4.525824919e-30
        },
        "1": {
            "0": 1.704829703e-22,
            "1": 0.9856990429,
            "2": 0.3758777653,
            "3": 3.801e-07,
            "4": 0.1268446336
        },
        "2": {
            "0": 0.0,
            "1": 0.0143009571,
            "2": 0.3662696923,
            "3": 0.1725515934,
            "4": 0.0405469459
        },
        "3": {
            "0": 2.096517282e-102,
            "1": 0.0,
            "2": 0.2556993076,
            "3": 0.7440408626,
            "4": 0.1503500744
        },
        "4": {
            "0": 1.185337528e-87,
            "1": 2.790128614e-17,
            "2": 0.0021532347,
            "3": 0.0834071639,
            "4": 0.6822583461
        }
    }
}