{
    "source_schema": "SARA_v1.0",
    "source_taxonomy": "MCF-DNO-H1-3",
    "target_schema": "Medina_2019",
    "target_taxonomy": "M-MP",
    "source_damage_states": [
        0,
        1,
        2,
        3,
        4
    ],
    "target_damage_states": [
        0,
        1,
        2,
        3,
        4
    ],
    "conv_matrix": {
        "0": {
            "0": 1.0,
            "1": 3.025223763e-25,
            "2": 8.889748316e-61,
            "3": 0.0,
            "4": 3.823176783e-163
        },
        "1": {
            "0": 3.897079565e-21,
            "1": 0.9669744487,
            "2": 0.1862849404,
            "3": 0.0808380102,
            "4": 0.019365993
        },
        "2": {
            "0": 6.085313483e-58,
            "1": 0.0330252359,
            "2": 0.5503887245,
            "3": 0.5208688288,
            "4": 0.3880735982
        },
        "3": {
            "0": 6.924985142e-108,
            "1": 3.154e-07,
            "2": 0.2541361776,
            "3": 0.3865954681,
            "4": 0.4435969053
        },
        "4": {
            "0": 9.220030642e-171,
            "1": 1.881921377e-30,
            "2": 0.0091901575,
            "3": 0.011697693,
            "4": 0.1489635035
        }
    }
}