{
    "source_schema": "SARA_v1.0",
    "source_taxonomy": "CR-LFM-DNO-SOS-H4-7",
    "target_schema": "Medina_2019",
    "target_taxonomy": "M-PCP2",
    "source_damage_states": [
        0,
        1,
        2,
        3,
        4
    ],
    "target_damage_states": [
        0,
        1,
        2,
        3,
        4
    ],
    "conv_matrix": {
        "0": {
            "0": 1.0,
            "1": 1.645929309e-25,
            "2": 1.263134513e-60,
            "3": 9.210746751e-83,
            "4": 1.259544169e-110
        },
        "1": {
            "0": 1.704829703e-22,
            "1": 0.9613967124,
            "2": 0.3250423183,
            "3": 0.0002231044,
            "4": 0.0207844217
        },
        "2": {
            "0": 0.0,
            "1": 0.0326771595,
            "2": 0.1209397111,
            "3": 0.045099807,
            "4": 0.0111045138
        },
        "3": {
            "0": 2.096517282e-102,
            "1": 2.2e-09,
            "2": 0.2125685673,
            "3": 0.2152889913,
            "4": 0.1099252825
        },
        "4": {
            "0": 1.185337528e-87,
            "1": 0.005926126,
            "2": 0.3414494032,
            "3": 0.7393880973,
            "4": 0.8581857821
        }
    }
}