{"source_schema": "SARA_v1.0", "source_taxonomy": "CR-LFM-DNO-H1-3", "target_schema": "Medina_2019", "target_taxonomy": "M-PCP1-T1", "source_damage_states": [0, 1, 2, 3, 4], "target_damage_states": [0, 1, 2, 3, 4], "conv_matrix": {"0": {"0": 0.1111111111, "1": 0.0029373639, "2": 0.0, "3": 0.0042451225, "4": 9.838e-07}, "1": {"0": 0.2221934176, "1": 0.0800403999, "2": 5.39912e-05, "3": 8.2e-09, "4": 0.0}, "2": {"0": 0.4476870373, "1": 0.0437106311, "2": 0.0002985868, "3": 5.7e-09, "4": 4.319904943e-18}, "3": {"0": 0.2190084336, "1": 0.8730495753, "2": 0.9561196499, "3": 0.8705936958, "4": 0.9393948874}, "4": {"0": 3e-10, "1": 0.0002620297, "2": 0.043527772, "3": 0.1251611678, "4": 0.0606041288}}}