{"source_schema": "SARA_v1.0", "source_taxonomy": "MUR-H1-3", "target_schema": "Medina_2019", "target_taxonomy": "M-PN", "source_damage_states": [0, 1, 2, 3, 4], "target_damage_states": [0, 1, 2, 3, 4], "conv_matrix": {"0": {"0": 1.0, "1": 0.0130534332, "2": 0.0007784756, "3": 4.23414e-05, "4": 0.0}, "1": {"0": 0.0, "1": 0.0638936076, "2": 6.0447e-06, "3": 0.0, "4": 1.100320526e-25}, "2": {"0": 0.0, "1": 0.1347009226, "2": 0.0012896296, "3": 5.441e-07, "4": 0.0}, "3": {"0": 1.592218279e-18, "1": 0.7862479312, "2": 0.8661005135, "3": 0.5587382175, "4": 0.0970983559}, "4": {"0": 1.061641676e-28, "1": 0.0021041053, "2": 0.1318253366, "3": 0.441218897, "4": 0.9029016441}}}