{
    "source_schema": "SARA_v1.0",
    "source_taxonomy": "CR-LFLS-DUC-H4-7",
    "target_schema": "Medina_2019",
    "target_taxonomy": "M-PCP3",
    "source_damage_states": [
        0,
        1,
        2,
        3,
        4
    ],
    "target_damage_states": [
        0,
        1,
        2,
        3,
        4
    ],
    "conv_matrix": {
        "0": {
            "0": 1.0,
            "1": 4.469980408e-25,
            "2": 3.786288938e-55,
            "3": 3.168754566e-62,
            "4": 3.42265535e-226
        },
        "1": {
            "0": 1.973929182e-22,
            "1": 0.7655934111,
            "2": 0.2877203786,
            "3": 0.0485398087,
            "4": 1.934441162e-54
        },
        "2": {
            "0": 0.0,
            "1": 0.0531069053,
            "2": 0.1620625527,
            "3": 0.022396141,
            "4": 4.202702363e-36
        },
        "3": {
            "0": 1.916779682e-88,
            "1": 0.1066500224,
            "2": 0.3965331785,
            "3": 0.1273806838,
            "4": 6.507834907e-22
        },
        "4": {
            "0": 9.881115807e-86,
            "1": 0.0746496612,
            "2": 0.1536838901,
            "3": 0.8016833665,
            "4": 1.0
        }
    }
}