{"source_schema": "SARA_v1.0", "source_taxonomy": "CR-LFINF-DNO-H1-3", "target_schema": "Medina_2019", "target_taxonomy": "M-PCP1-T1", "source_damage_states": [0, 1, 2, 3, 4], "target_damage_states": [0, 1, 2, 3, 4], "conv_matrix": {"0": {"0": 0.1111111111, "1": 0.0029373639, "2": 0.0, "3": 0.0042602236, "4": 9.838e-07}, "1": {"0": 0.2221934176, "1": 0.0800403999, "2": 5.36361e-05, "3": 8.2e-09, "4": 0.0}, "2": {"0": 0.4476870373, "1": 0.0437106311, "2": 0.000296623, "3": 5.7e-09, "4": 4.319904943e-18}, "3": {"0": 0.2190084336, "1": 0.8730495753, "2": 0.9532446746, "3": 0.8718443896, "4": 0.9393948874}, "4": {"0": 3e-10, "1": 0.0002620297, "2": 0.0464050663, "3": 0.1238953728, "4": 0.0606041288}}}