{"source_schema": "SARA_v1.0", "source_taxonomy": "MR-DUC-H1-3", "target_schema": "Medina_2019", "target_taxonomy": "M-PCP1-T1", "source_damage_states": [0, 1, 2, 3, 4], "target_damage_states": [0, 1, 2, 3, 4], "conv_matrix": {"0": {"0": 1.0, "1": 0.0, "2": 0.005205337, "3": 4.06e-08, "4": 1.413055934e-16}, "1": {"0": 0.0, "1": 0.2932443487, "2": 0.0269769085, "3": 4.82e-08, "4": 1.567370983e-16}, "2": {"0": 0.0, "1": 3.79791e-05, "2": 0.0299835589, "3": 1.507e-07, "4": 0.0}, "3": {"0": 4.700561884e-16, "1": 0.7067131059, "2": 0.9264021585, "3": 0.8844780662, "4": 0.7652455952}, "4": {"0": 1.085987967e-28, "1": 4.5663e-06, "2": 0.0114320371, "3": 0.1155216944, "4": 0.2347544048}}}