{
    "source_schema": "SARA_v1.0",
    "source_taxonomy": "CR-LFINF-DUC-H1-3",
    "target_schema": "Medina_2019",
    "target_taxonomy": "M-PCP1-T2",
    "source_damage_states": [
        0,
        1,
        2,
        3,
        4
    ],
    "target_damage_states": [
        0,
        1,
        2,
        3,
        4
    ],
    "conv_matrix": {
        "0": {
            "0": 1.0,
            "1": 1.17287516e-25,
            "2": 4.765379896e-53,
            "3": 1.445084297e-59,
            "4": 2.735088422e-226
        },
        "1": {
            "0": 2.048960702e-22,
            "1": 0.9533128983,
            "2": 0.6088992923,
            "3": 0.0670073006,
            "4": 9.047544663e-68
        },
        "2": {
            "0": 0.0,
            "1": 0.0466871017,
            "2": 0.1249707083,
            "3": 0.0460406456,
            "4": 5.749565318e-33
        },
        "3": {
            "0": 3.479716879e-105,
            "1": 0.0,
            "2": 0.2610261294,
            "3": 0.5770828211,
            "4": 0.0007706851
        },
        "4": {
            "0": 5.299064891e-140,
            "1": 6.255196974e-23,
            "2": 0.0051038699,
            "3": 0.3098692327,
            "4": 0.9992293149
        }
    }
}