{
    "source_schema": "SARA_v1.0",
    "source_taxonomy": "CR-LWAL-DUC-H4-7",
    "target_schema": "Medina_2019",
    "target_taxonomy": "M-PCP3",
    "source_damage_states": [
        0,
        1,
        2,
        3,
        4
    ],
    "target_damage_states": [
        0,
        1,
        2,
        3,
        4
    ],
    "conv_matrix": {
        "0": {
            "0": 1.0,
            "1": 8.911002032e-26,
            "2": 1.357809407e-60,
            "3": 6.017830899e-66,
            "4": 1.058055385e-79
        },
        "1": {
            "0": 1.973929182e-22,
            "1": 0.9496662457,
            "2": 0.4153201336,
            "3": 0.0576631351,
            "4": 6.0487e-06
        },
        "2": {
            "0": 0.0,
            "1": 0.0476136411,
            "2": 0.1961163277,
            "3": 0.0319739995,
            "4": 1.14694e-05
        },
        "3": {
            "0": 1.916779682e-88,
            "1": 0.002720113,
            "2": 0.3704721976,
            "3": 0.1647612444,
            "4": 0.0839257795
        },
        "4": {
            "0": 9.881115807e-86,
            "1": 2e-10,
            "2": 0.0180913411,
            "3": 0.7456016211,
            "4": 0.9160567024
        }
    }
}