{"source_schema": "SARA_v1.0", "source_taxonomy": "CR-LWAL-DNO-H1-3", "target_schema": "Medina_2019", "target_taxonomy": "M-PCP3", "source_damage_states": [0, 1, 2, 3, 4], "target_damage_states": [0, 1, 2, 3, 4], "conv_matrix": {"0": {"0": 0.1111111107, "1": 0.0029373639, "2": 0.0, "3": 0.0042709163, "4": 0.0046275459}, "1": {"0": 0.773780842, "1": 0.1509496666, "2": 0.0011054802, "3": 2.0184e-06, "4": 0.0}, "2": {"0": 0.0039969356, "1": 0.0872522352, "2": 0.0060950737, "3": 0.0104699421, "4": 0.0092002102}, "3": {"0": 0.1111111095, "1": 0.7475129257, "2": 0.742753948, "3": 0.4132456804, "4": 0.0374292376}, "4": {"0": 2.2e-09, "1": 0.0113478085, "2": 0.250045498, "3": 0.5720114428, "4": 0.9487430063}}}