{"source_schema": "SARA_v1.0", "source_taxonomy": "S-LFM-H4-7", "target_schema": "Medina_2019", "target_taxonomy": "M-PN", "source_damage_states": [0, 1, 2, 3, 4], "target_damage_states": [0, 1, 2, 3, 4], "conv_matrix": {"0": {"0": 1.0, "1": 0.0, "2": 0.0, "3": 0.0049825376, "4": 0.0}, "1": {"0": 0.0, "1": 0.0, "2": 0.0, "3": 0.0228617931, "4": 0.0}, "2": {"0": 0.0, "1": 0.2031663998, "2": 0.0777613032, "3": 0.0249478189, "4": 0.0}, "3": {"0": 1.592218279e-18, "1": 0.7968229278, "2": 0.6427879699, "3": 0.7214315871, "4": 0.0755670067}, "4": {"0": 1.061641676e-28, "1": 1.06725e-05, "2": 0.2794507268, "3": 0.2257762633, "4": 0.9244329933}}}