{"source_schema": "SARA_v1.0", "source_taxonomy": "CR-LFM-DUC-H4-7", "target_schema": "SUPPASRI2013_v2.0", "target_taxonomy": "RC1", "source_damage_states": [0, 1, 2, 3, 4], "target_damage_states": [0, 1, 2, 3, 4, 5, 6], "conv_matrix": {"0": {"0": 0.0558375805, "1": 0.0001271207, "2": 3.69831e-05, "3": 4.59e-08, "4": 2e-10}, "1": {"0": 0.2573377609, "1": 0.0960903273, "2": 0.0012443289, "3": 0.0003385847, "4": 1.641e-07}, "2": {"0": 0.0787248231, "1": 0.1987695553, "2": 0.0865877723, "3": 0.2013539569, "4": 0.0008600767}, "3": {"0": 0.5812882975, "1": 0.6582435639, "2": 0.6256745542, "3": 0.6325424353, "4": 0.5032119684}, "4": {"0": 0.005619721, "1": 0.0246107227, "2": 0.0684249697, "3": 0.0778880699, "4": 0.1648501797}, "5": {"0": 0.0006731883, "1": 0.004115318, "2": 0.0393160999, "3": 0.0307505259, "4": 0.1663837157}, "6": {"0": 0.0205186286, "1": 0.0180433921, "2": 0.178715292, "3": 0.0571263815, "4": 0.1646938952}}}