{"source_schema": "SARA_v1.0", "source_taxonomy": "MCF-DUC-H1-3", "target_schema": "Medina_2019", "target_taxonomy": "M-PN", "source_damage_states": [0, 1, 2, 3, 4], "target_damage_states": [0, 1, 2, 3, 4], "conv_matrix": {"0": {"0": 1.0, "1": 0.0, "2": 0.0061501335, "3": 1.597e-06, "4": 0.0}, "1": {"0": 0.0, "1": 0.0, "2": 0.0282224699, "3": 2e-10, "4": 1.804718986e-22}, "2": {"0": 0.0, "1": 0.1671407716, "2": 0.0522486808, "3": 5.953e-07, "4": 0.0}, "3": {"0": 1.592218279e-18, "1": 0.8328400358, "2": 0.8175949122, "3": 0.5115976187, "4": 0.1163841496}, "4": {"0": 1.061641676e-28, "1": 1.91926e-05, "2": 0.0957838036, "3": 0.4884001888, "4": 0.8836158504}}}