{"source_schema": "SARA_v1.0", "source_taxonomy": "CR-LWAL-DNO-H4-7", "target_schema": "SUPPASRI2013_v2.0", "target_taxonomy": "W1", "source_damage_states": [0, 1, 2, 3, 4], "target_damage_states": [0, 1, 2, 3, 4, 5, 6], "conv_matrix": {"0": {"0": 3.64148e-05, "1": 0.0007478692, "2": 6.1e-09, "3": 0.0, "4": 4.857006455e-18}, "1": {"0": 0.3392812901, "1": 0.1024370128, "2": 0.002377662, "3": 0.3729509755, "4": 3.390537369e-19}, "2": {"0": 0.6549252158, "1": 0.0705951646, "2": 0.0009422346, "3": 0.0280984974, "4": 0.0}, "3": {"0": 0.0057569923, "1": 0.4882795442, "2": 0.2815059831, "3": 0.4079130132, "4": 3.37658e-05}, "4": {"0": 8.7e-08, "1": 0.165467109, "2": 0.282133497, "3": 0.1534505783, "4": 0.0247515125}, "5": {"0": 0.0, "1": 0.0175092926, "2": 0.0813660216, "3": 0.0273710168, "4": 0.268644211}, "6": {"0": 0.0, "1": 0.1549640077, "2": 0.3516745957, "3": 0.0102159188, "4": 0.7065705107}}}