{
    "source_schema": "SARA_v1.0",
    "source_taxonomy": "CR-LFM-DNO-SOS-H1-3",
    "target_schema": "Medina_2019",
    "target_taxonomy": "M-PCP3",
    "source_damage_states": [
        0,
        1,
        2,
        3,
        4
    ],
    "target_damage_states": [
        0,
        1,
        2,
        3,
        4
    ],
    "conv_matrix": {
        "0": {
            "0": 1.0,
            "1": 1.645929309e-25,
            "2": 1.263136746e-60,
            "3": 9.210735702e-83,
            "4": 1.259544169e-110
        },
        "1": {
            "0": 1.973929182e-22,
            "1": 0.9443290979,
            "2": 0.3323890549,
            "3": 0.007831052,
            "4": 0.0084277947
        },
        "2": {
            "0": 0.0,
            "1": 0.0452004399,
            "2": 0.1202112716,
            "3": 0.0435626539,
            "4": 0.0069669421
        },
        "3": {
            "0": 1.916779682e-88,
            "1": 0.0063200904,
            "2": 0.3366918001,
            "3": 0.1805949902,
            "4": 0.0904952169
        },
        "4": {
            "0": 9.881115807e-86,
            "1": 0.0041503718,
            "2": 0.2107078734,
            "3": 0.7680113039,
            "4": 0.8941100463
        }
    }
}