{"source_schema": "SARA_v1.0", "source_taxonomy": "ER-ETR-H1-2", "target_schema": "Medina_2019", "target_taxonomy": "M-PCP1-T1", "source_damage_states": [0, 1, 2, 3, 4], "target_damage_states": [0, 1, 2, 3, 4], "conv_matrix": {"0": {"0": 1.0, "1": 0.0, "2": 0.0059477247, "3": 2.992e-06, "4": 0.0}, "1": {"0": 0.0, "1": 0.4980703635, "2": 0.0308348347, "3": 6.253e-07, "4": 0.0}, "2": {"0": 0.0, "1": 6.45068e-05, "2": 0.0342700298, "3": 2.7832e-06, "4": 0.0}, "3": {"0": 4.700561884e-16, "1": 0.5018637034, "2": 0.9208700387, "3": 0.8962332478, "4": 0.7772684931}, "4": {"0": 1.085987967e-28, "1": 1.4263e-06, "2": 0.0080773721, "3": 0.1037603516, "4": 0.2227315069}}}