{"source_schema": "SARA_v1.0", "source_taxonomy": "CR-LFM-DNO-H4-7", "target_schema": "SUPPASRI2013_v2.0", "target_taxonomy": "RC3", "source_damage_states": [0, 1, 2, 3, 4], "target_damage_states": [0, 1, 2, 3, 4, 5, 6], "conv_matrix": {"0": {"0": 6.23661e-05, "1": 0.0005673793, "2": 5.5e-09, "3": 0.0, "4": 0.0}, "1": {"0": 0.0248526214, "1": 0.0895138105, "2": 0.3971069018, "3": 0.3269208508, "4": 5.337118041e-20}, "2": {"0": 0.9711036917, "1": 0.0562439096, "2": 0.1073888887, "3": 0.0162182577, "4": 0.0}, "3": {"0": 0.0039812862, "1": 0.393721262, "2": 0.4449502497, "3": 0.416008287, "4": 3.97435e-05}, "4": {"0": 3.46e-08, "1": 0.2109197806, "2": 0.0483612222, "3": 0.1931316936, "4": 0.0258903792}, "5": {"0": 0.0, "1": 0.0414050907, "2": 0.0005355013, "3": 0.034035836, "4": 0.2258914906}, "6": {"0": 0.0, "1": 0.2076287673, "2": 0.0016572308, "3": 0.0136850748, "4": 0.7481783867}}}