{
    "source_schema": "SARA_v1.0",
    "source_taxonomy": "CR-LFINF-DNO-H1-3",
    "target_schema": "Medina_2019",
    "target_taxonomy": "M-PCP1-T2",
    "source_damage_states": [
        0,
        1,
        2,
        3,
        4
    ],
    "target_damage_states": [
        0,
        1,
        2,
        3,
        4
    ],
    "conv_matrix": {
        "0": {
            "0": 1.0,
            "1": 2.383816546e-24,
            "2": 5.850833926e-55,
            "3": 1.603271526e-90,
            "4": 3.290225439e-121
        },
        "1": {
            "0": 2.048960702e-22,
            "1": 0.6674956854,
            "2": 0.2610953007,
            "3": 0.0154039861,
            "4": 0.0176301801
        },
        "2": {
            "0": 0.0,
            "1": 0.0499004223,
            "2": 0.1251685529,
            "3": 0.0512401726,
            "4": 0.0133546726
        },
        "3": {
            "0": 3.479716879e-105,
            "1": 0.1272234797,
            "2": 0.6008290485,
            "3": 0.6114995002,
            "4": 0.5292476798
        },
        "4": {
            "0": 5.299064891e-140,
            "1": 0.1553804126,
            "2": 0.0129070979,
            "3": 0.3218563411,
            "4": 0.4397674675
        }
    }
}