{
    "source_schema": "SARA_v1.0",
    "source_taxonomy": "CR-LFM-DNO-H4-7",
    "target_schema": "Medina_2019",
    "target_taxonomy": "M-PN",
    "source_damage_states": [
        0,
        1,
        2,
        3,
        4
    ],
    "target_damage_states": [
        0,
        1,
        2,
        3,
        4
    ],
    "conv_matrix": {
        "0": {
            "0": 1.0,
            "1": 9.464217222e-25,
            "2": 4.45245843e-59,
            "3": 7.787031836e-81,
            "4": 4.525351045e-30
        },
        "1": {
            "0": 1.048612935e-21,
            "1": 0.9920432572,
            "2": 0.0716757079,
            "3": 2e-10,
            "4": 0.0793987584
        },
        "2": {
            "0": 1.133174647e-51,
            "1": 0.0079567428,
            "2": 0.9283239704,
            "3": 0.5738447296,
            "4": 0.4176429437
        },
        "3": {
            "0": 1.633089332e-115,
            "1": 7.981228481e-27,
            "2": 3.217e-07,
            "3": 0.4261552701,
            "4": 0.27108422
        },
        "4": {
            "0": 6.58768022e-140,
            "1": 1.84371625e-48,
            "2": 1.077562758e-19,
            "3": 1e-10,
            "4": 0.231874078
        }
    }
}