{
    "source_schema": "SARA_v1.0",
    "source_taxonomy": "MCF-DNO-H1-3",
    "target_schema": "Medina_2019",
    "target_taxonomy": "M-PCP2",
    "source_damage_states": [
        0,
        1,
        2,
        3,
        4
    ],
    "target_damage_states": [
        0,
        1,
        2,
        3,
        4
    ],
    "conv_matrix": {
        "0": {
            "0": 1.0,
            "1": 3.025223763e-25,
            "2": 8.89144171e-61,
            "3": 0.0,
            "4": 3.823176783e-163
        },
        "1": {
            "0": 1.704829703e-22,
            "1": 0.9624068292,
            "2": 0.1323455679,
            "3": 0.0085088957,
            "4": 5.54341e-05
        },
        "2": {
            "0": 0.0,
            "1": 0.0318281463,
            "2": 0.0698483768,
            "3": 0.041726864,
            "4": 0.0050409709
        },
        "3": {
            "0": 2.096517282e-102,
            "1": 4.5e-09,
            "2": 0.2439879902,
            "3": 0.1827467965,
            "4": 0.0293741519
        },
        "4": {
            "0": 1.185337528e-87,
            "1": 0.00576502,
            "2": 0.5538180651,
            "3": 0.7670174438,
            "4": 0.9655294431
        }
    }
}