{
    "source_schema": "SARA_v1.0",
    "source_taxonomy": "CR-LFM-DNO-SOS-H1-3",
    "target_schema": "Medina_2019",
    "target_taxonomy": "M-PN",
    "source_damage_states": [
        0,
        1,
        2,
        3,
        4
    ],
    "target_damage_states": [
        0,
        1,
        2,
        3,
        4
    ],
    "conv_matrix": {
        "0": {
            "0": 1.0,
            "1": 1.645929309e-25,
            "2": 1.263134513e-60,
            "3": 9.207547936e-83,
            "4": 1.259544169e-110
        },
        "1": {
            "0": 1.048612935e-21,
            "1": 0.8388295959,
            "2": 0.0807543531,
            "3": 0.0003486384,
            "4": 0.0427023351
        },
        "2": {
            "0": 1.133174647e-51,
            "1": 0.161170404,
            "2": 0.9027116032,
            "3": 0.4701712822,
            "4": 0.2020631077
        },
        "3": {
            "0": 1.633089332e-115,
            "1": 9.135559561e-19,
            "2": 0.0124092657,
            "3": 0.2567882994,
            "4": 0.4274245472
        },
        "4": {
            "0": 6.58768022e-140,
            "1": 0.0,
            "2": 0.0041247779,
            "3": 0.27269178,
            "4": 0.32781001
        }
    }
}