{
    "source_schema": "SARA_v1.0",
    "source_taxonomy": "MUR-STRUB-H1-2",
    "target_schema": "Medina_2019",
    "target_taxonomy": "M-PCP3",
    "source_damage_states": [
        0,
        1,
        2,
        3,
        4
    ],
    "target_damage_states": [
        0,
        1,
        2,
        3,
        4
    ],
    "conv_matrix": {
        "0": {
            "0": 1.0,
            "1": 2.106286181e-25,
            "2": 1.958701378e-60,
            "3": 3.909991189e-77,
            "4": 4.896910734e-163
        },
        "1": {
            "0": 1.973929182e-22,
            "1": 0.944375626,
            "2": 0.331989549,
            "3": 0.0273487686,
            "4": 0.0007902972
        },
        "2": {
            "0": 0.0,
            "1": 0.0443874677,
            "2": 0.1140718774,
            "3": 0.0350060065,
            "4": 2.4888e-06
        },
        "3": {
            "0": 1.916779682e-88,
            "1": 0.0070498043,
            "2": 0.3470965663,
            "3": 0.1712703681,
            "4": 0.000279224
        },
        "4": {
            "0": 9.881115807e-86,
            "1": 0.0041871019,
            "2": 0.2068420073,
            "3": 0.7663748567,
            "4": 0.99892799
        }
    }
}