{"source_schema": "SARA_v1.0", "source_taxonomy": "CR-LFM-DUC-H1-3", "target_schema": "Medina_2019", "target_taxonomy": "M-PCP3", "source_damage_states": [0, 1, 2, 3, 4], "target_damage_states": [0, 1, 2, 3, 4], "conv_matrix": {"0": {"0": 0.9999999921, "1": 0.0, "2": 0.0, "3": 0.0064888328, "4": 1.1657e-06}, "1": {"0": 7.9e-09, "1": 0.1683960754, "2": 0.0693350519, "3": 0.0426828113, "4": 3.45e-08}, "2": {"0": 0.0, "1": 0.3567025236, "2": 0.0, "3": 6.828e-07, "4": 2.4e-09}, "3": {"0": 1.84154364e-21, "1": 0.4207310626, "2": 0.5577347304, "3": 0.6094048255, "4": 0.0659701953}, "4": {"0": 1.471754419e-31, "1": 0.0541703384, "2": 0.3729302177, "3": 0.3414228476, "4": 0.9340286021}}}