{"source_schema": "SARA_v1.0", "source_taxonomy": "CR-LFM-DUC-H4-7", "target_schema": "Medina_2019", "target_taxonomy": "M-PCP2", "source_damage_states": [0, 1, 2, 3, 4], "target_damage_states": [0, 1, 2, 3, 4], "conv_matrix": {"0": {"0": 1.0, "1": 0.0, "2": 0.0, "3": 0.006606134, "4": 4e-10}, "1": {"0": 0.0, "1": 0.2309781942, "2": 0.0, "3": 1e-10, "4": 5.12892594e-16}, "2": {"0": 0.0, "1": 2.12417e-05, "2": 0.0910113795, "3": 0.0462904447, "4": 8e-10}, "3": {"0": 2.048480026e-21, "1": 0.5818775558, "2": 0.5293037387, "3": 0.5744414004, "4": 0.0071139485}, "4": {"0": 1.637137173e-31, "1": 0.1871230083, "2": 0.3796848819, "3": 0.3726620209, "4": 0.9928860503}}}