{
    "source_schema": "SARA_v1.0",
    "source_taxonomy": "MCF-DUC-H1-3",
    "target_schema": "Medina_2019",
    "target_taxonomy": "M-PCP1-T2",
    "source_damage_states": [
        0,
        1,
        2,
        3,
        4
    ],
    "target_damage_states": [
        0,
        1,
        2,
        3,
        4
    ],
    "conv_matrix": {
        "0": {
            "0": 1.0,
            "1": 1.652485317e-24,
            "2": 2.843883729e-74,
            "3": 4.713237136e-115,
            "4": 1.09053763e-184
        },
        "1": {
            "0": 2.048960702e-22,
            "1": 0.6329115449,
            "2": 0.0728312099,
            "3": 1.4e-09,
            "4": 3.299058393e-17
        },
        "2": {
            "0": 0.0,
            "1": 0.084067685,
            "2": 0.1351316352,
            "3": 0.0081043398,
            "4": 0.0081238537
        },
        "3": {
            "0": 3.479716879e-105,
            "1": 0.2358196488,
            "2": 0.6746617246,
            "3": 0.6168360111,
            "4": 0.263895496
        },
        "4": {
            "0": 5.299064891e-140,
            "1": 0.0472011213,
            "2": 0.1173754303,
            "3": 0.3750596477,
            "4": 0.7279806502
        }
    }
}