{
    "source_schema": "SARA_v1.0",
    "source_taxonomy": "CR-LFM-DUC-H1-3",
    "target_schema": "Medina_2019",
    "target_taxonomy": "M-PCP2",
    "source_damage_states": [
        0,
        1,
        2,
        3,
        4
    ],
    "target_damage_states": [
        0,
        1,
        2,
        3,
        4
    ],
    "conv_matrix": {
        "0": {
            "0": 1.0,
            "1": 1.005753899e-25,
            "2": 1.532505354e-60,
            "3": 5.483586907e-66,
            "4": 5.763050441e-268
        },
        "1": {
            "0": 1.704829703e-22,
            "1": 0.9665218088,
            "2": 0.4894401565,
            "3": 0.0405992082,
            "4": 8.125762184e-83
        },
        "2": {
            "0": 0.0,
            "1": 0.0334779785,
            "2": 0.1973558895,
            "3": 0.0286258167,
            "4": 7.310381767e-43
        },
        "3": {
            "0": 2.096517282e-102,
            "1": 6e-10,
            "2": 0.2491099679,
            "3": 0.1560080512,
            "4": 1.172006221e-19
        },
        "4": {
            "0": 1.185337528e-87,
            "1": 2.121e-07,
            "2": 0.064093986,
            "3": 0.7747669239,
            "4": 1.0
        }
    }
}