{"source_schema": "SARA_v1.0", "source_taxonomy": "CR-LFM-DNO-H1-3", "target_schema": "Medina_2019", "target_taxonomy": "M-PCP3", "source_damage_states": [0, 1, 2, 3, 4], "target_damage_states": [0, 1, 2, 3, 4], "conv_matrix": {"0": {"0": 0.1111111107, "1": 0.0029373639, "2": 0.0, "3": 0.0042557579, "4": 0.0046275459}, "1": {"0": 0.773780842, "1": 0.1509496666, "2": 0.0011128087, "3": 2.0113e-06, "4": 0.0}, "2": {"0": 0.0039969356, "1": 0.0872522352, "2": 0.0061354794, "3": 0.010432782, "4": 0.0092002102}, "3": {"0": 0.1111111095, "1": 0.7475129257, "2": 0.7476479402, "3": 0.4117949846, "4": 0.0374292376}, "4": {"0": 2.2e-09, "1": 0.0113478085, "2": 0.2451037718, "3": 0.5735144642, "4": 0.9487430063}}}