{
    "source_schema": "SARA_v1.0",
    "source_taxonomy": "MCF-DUC-H1-3",
    "target_schema": "Medina_2019",
    "target_taxonomy": "M-PCP3",
    "source_damage_states": [
        0,
        1,
        2,
        3,
        4
    ],
    "target_damage_states": [
        0,
        1,
        2,
        3,
        4
    ],
    "conv_matrix": {
        "0": {
            "0": 1.0,
            "1": 1.651870449e-24,
            "2": 2.845232281e-74,
            "3": 4.713239385e-115,
            "4": 1.09053763e-184
        },
        "1": {
            "0": 1.973929182e-22,
            "1": 0.5316536959,
            "2": 0.0303107963,
            "3": 0.0,
            "4": 2.587495026e-27
        },
        "2": {
            "0": 0.0,
            "1": 0.0799291225,
            "2": 0.0966810634,
            "3": 0.0022119065,
            "4": 1.003e-07
        },
        "3": {
            "0": 1.916779682e-88,
            "1": 0.1557386215,
            "2": 0.4344827705,
            "3": 0.0553867052,
            "4": 4.139e-07
        },
        "4": {
            "0": 9.881115807e-86,
            "1": 0.23267856,
            "2": 0.4385253699,
            "3": 0.9424013883,
            "4": 0.9999994858
        }
    }
}