{
    "source_schema": "SARA_v1.0",
    "source_taxonomy": "CR-LFINF-DUC-H4-7",
    "target_schema": "Medina_2019",
    "target_taxonomy": "M-MP",
    "source_damage_states": [
        0,
        1,
        2,
        3,
        4
    ],
    "target_damage_states": [
        0,
        1,
        2,
        3,
        4
    ],
    "conv_matrix": {
        "0": {
            "0": 1.0,
            "1": 1.037558333e-25,
            "2": 1.590298131e-60,
            "3": 6.628964366e-66,
            "4": 7.5471498e-83
        },
        "1": {
            "0": 3.897079565e-21,
            "1": 0.9887850941,
            "2": 0.3826795215,
            "3": 0.1018806766,
            "4": 0.0796337916
        },
        "2": {
            "0": 6.085313483e-58,
            "1": 0.0112149032,
            "2": 0.6159689393,
            "3": 0.4864694022,
            "4": 0.4201303193
        },
        "3": {
            "0": 6.924985142e-108,
            "1": 2.7e-09,
            "2": 0.0013515392,
            "3": 0.3654723496,
            "4": 0.3462900275
        },
        "4": {
            "0": 9.220030642e-171,
            "1": 1.058971259e-36,
            "2": 2.780275263e-26,
            "3": 0.0461775716,
            "4": 0.1539458616
        }
    }
}