{"source_schema": "SARA_v1.0", "source_taxonomy": "CR-LFLS-DUC-H1-3", "target_schema": "Medina_2019", "target_taxonomy": "M-PN", "source_damage_states": [0, 1, 2, 3, 4], "target_damage_states": [0, 1, 2, 3, 4], "conv_matrix": {"0": {"0": 1.0, "1": 0.0, "2": 0.0, "3": 0.0056355531, "4": 3e-10}, "1": {"0": 0.0, "1": 0.2202871099, "2": 0.0, "3": 3.1e-08, "4": 2.22585145e-19}, "2": {"0": 0.0, "1": 0.0628596188, "2": 0.0769508812, "3": 0.0280216689, "4": 1e-10}, "3": {"0": 1.592218279e-18, "1": 0.6780651271, "2": 0.6361250363, "3": 0.7538441402, "4": 0.1171794124}, "4": {"0": 1.061641676e-28, "1": 0.0387881442, "2": 0.2869240826, "3": 0.2124986069, "4": 0.8828205872}}}