{"source_schema": "SARA_v1.0", "source_taxonomy": "MUR-STDRE-H1-2", "target_schema": "Medina_2019", "target_taxonomy": "M-PCP2", "source_damage_states": [0, 1, 2, 3, 4], "target_damage_states": [0, 1, 2, 3, 4], "conv_matrix": {"0": {"0": 1.0, "1": 0.0, "2": 0.0073382198, "3": 0.0001512996, "4": 0.0}, "1": {"0": 0.0, "1": 0.6113615949, "2": 0.0423523992, "3": 5.2456e-06, "4": 0.0}, "2": {"0": 0.0, "1": 5.62233e-05, "2": 0.0810574773, "3": 0.000166318, "4": 0.0}, "3": {"0": 2.048480026e-21, "1": 0.3885585202, "2": 0.7418381346, "3": 0.306850951, "4": 0.0070086269}, "4": {"0": 1.637137173e-31, "1": 2.36617e-05, "2": 0.1274137691, "3": 0.6928261858, "4": 0.9929913731}}}