{
    "source_schema": "SARA_v1.0",
    "source_taxonomy": "W-WBB-H1",
    "target_schema": "Medina_2019",
    "target_taxonomy": "M-PCP1-T1",
    "source_damage_states": [
        0,
        1,
        2,
        3,
        4
    ],
    "target_damage_states": [
        0,
        1,
        2,
        3,
        4
    ],
    "conv_matrix": {
        "0": {
            "0": 1.0,
            "1": 1.610169113e-25,
            "2": 7.287810512e-50,
            "3": 9.833598016e-59,
            "4": 1.293699665e-184
        },
        "1": {
            "0": 2.048960702e-22,
            "1": 0.9580463215,
            "2": 0.7359395966,
            "3": 0.0943580713,
            "4": 2.214868988e-39
        },
        "2": {
            "0": 0.0,
            "1": 0.0419536785,
            "2": 0.1460546936,
            "3": 0.0510718094,
            "4": 2.333494248e-21
        },
        "3": {
            "0": 3.479716879e-105,
            "1": 0.0,
            "2": 0.1180057099,
            "3": 0.5760922211,
            "4": 0.0200880903
        },
        "4": {
            "0": 5.299064891e-140,
            "1": 1.365711994e-22,
            "2": 0.0,
            "3": 0.2784778982,
            "4": 0.9799119097
        }
    }
}