{
    "source_schema": "SARA_v1.0",
    "source_taxonomy": "W-WHE-H1-3",
    "target_schema": "Medina_2019",
    "target_taxonomy": "M-MP",
    "source_damage_states": [
        0,
        1,
        2,
        3,
        4
    ],
    "target_damage_states": [
        0,
        1,
        2,
        3,
        4
    ],
    "conv_matrix": {
        "0": {
            "0": 1.0,
            "1": 1.610169113e-25,
            "2": 7.287810512e-50,
            "3": 9.832439729e-59,
            "4": 1.293699665e-184
        },
        "1": {
            "0": 3.897079565e-21,
            "1": 0.9818714881,
            "2": 0.6282617023,
            "3": 0.1093798071,
            "4": 3.555120828e-21
        },
        "2": {
            "0": 6.085313483e-58,
            "1": 0.0181285111,
            "2": 0.3717382954,
            "3": 0.5042041748,
            "4": 1.6425e-06
        },
        "3": {
            "0": 6.924985142e-108,
            "1": 8e-10,
            "2": 2.3e-09,
            "3": 0.3447487665,
            "4": 0.3492210495
        },
        "4": {
            "0": 9.220030642e-171,
            "1": 1.171006673e-36,
            "2": 8.845251839e-36,
            "3": 0.0416672516,
            "4": 0.650777308
        }
    }
}