{
    "source_schema": "SARA_v1.0",
    "source_taxonomy": "CR-LFM-DNO-H1-3",
    "target_schema": "Medina_2019",
    "target_taxonomy": "M-PCP2",
    "source_damage_states": [
        0,
        1,
        2,
        3,
        4
    ],
    "target_damage_states": [
        0,
        1,
        2,
        3,
        4
    ],
    "conv_matrix": {
        "0": {
            "0": 1.0,
            "1": 2.106286181e-25,
            "2": 1.958701364e-60,
            "3": 3.909991197e-77,
            "4": 4.896910734e-163
        },
        "1": {
            "0": 1.704829703e-22,
            "1": 0.9635721952,
            "2": 0.3819556493,
            "3": 0.0163214648,
            "4": 9.95665e-05
        },
        "2": {
            "0": 0.0,
            "1": 0.0319712142,
            "2": 0.1150658389,
            "3": 0.038721143,
            "4": 0.0002331157
        },
        "3": {
            "0": 2.096517282e-102,
            "1": 2.6e-09,
            "2": 0.2178012445,
            "3": 0.1973564408,
            "4": 2.06092e-05
        },
        "4": {
            "0": 1.185337528e-87,
            "1": 0.004456588,
            "2": 0.2851772673,
            "3": 0.7476009514,
            "4": 0.9996467087
        }
    }
}