{"source_schema": "SARA_v1.0", "source_taxonomy": "CR-LFM-DNO-SOS-H4-7", "target_schema": "Medina_2019", "target_taxonomy": "M-PCP1-T2", "source_damage_states": [0, 1, 2, 3, 4], "target_damage_states": [0, 1, 2, 3, 4], "conv_matrix": {"0": {"0": 0.1111111111, "1": 0.0030748309, "2": 0.0, "3": 0.0042731154, "4": 0.0046273119}, "1": {"0": 0.2222017876, "1": 0.1118575845, "2": 0.0037756535, "3": 1.42633e-05, "4": 8.3e-09}, "2": {"0": 0.6660526014, "1": 0.1116885617, "2": 0.02116788, "3": 0.0010853472, "4": 0.0}, "3": {"0": 0.0006344998, "1": 0.7616128602, "2": 0.7383095944, "3": 0.422478195, "4": 0.0437818139}, "4": {"0": 0.0, "1": 0.0117661626, "2": 0.2367468721, "3": 0.5721490791, "4": 0.9515908659}}}