{
    "source_schema": "SARA_v1.0",
    "source_taxonomy": "UNK",
    "target_schema": "Medina_2019",
    "target_taxonomy": "M-MP",
    "source_damage_states": [
        0,
        1,
        2,
        3,
        4
    ],
    "target_damage_states": [
        0,
        1,
        2,
        3,
        4
    ],
    "conv_matrix": {
        "0": {
            "0": 1.0,
            "1": 1.005753899e-25,
            "2": 1.532505354e-60,
            "3": 5.482920956e-66,
            "4": 5.763050441e-268
        },
        "1": {
            "0": 3.897079565e-21,
            "1": 0.9887851025,
            "2": 0.383732401,
            "3": 0.0991131376,
            "4": 3.838792841e-54
        },
        "2": {
            "0": 6.085313483e-58,
            "1": 0.0112148947,
            "2": 0.6149239917,
            "3": 0.4809987535,
            "4": 1.267142969e-21
        },
        "3": {
            "0": 6.924985142e-108,
            "1": 2.7e-09,
            "2": 0.0013436074,
            "3": 0.3663986457,
            "4": 0.0007420877
        },
        "4": {
            "0": 9.220030642e-171,
            "1": 1.058969958e-36,
            "2": 2.764049287e-26,
            "3": 0.0534894632,
            "4": 0.9992579123
        }
    }
}