{
    "source_schema": "SARA_v1.0",
    "source_taxonomy": "CR-LWAL-DNO-H4-7",
    "target_schema": "Medina_2019",
    "target_taxonomy": "M-PCP1-T1",
    "source_damage_states": [
        0,
        1,
        2,
        3,
        4
    ],
    "target_damage_states": [
        0,
        1,
        2,
        3,
        4
    ],
    "conv_matrix": {
        "0": {
            "0": 1.0,
            "1": 8.911002032e-26,
            "2": 1.357809407e-60,
            "3": 6.01693812e-66,
            "4": 1.05868062e-79
        },
        "1": {
            "0": 2.048960702e-22,
            "1": 0.9668165878,
            "2": 0.5548180767,
            "3": 0.0899003256,
            "4": 0.0038051068
        },
        "2": {
            "0": 0.0,
            "1": 0.0331834103,
            "2": 0.1974309499,
            "3": 0.050814044,
            "4": 0.0055545088
        },
        "3": {
            "0": 3.479716879e-105,
            "1": 1.9e-09,
            "2": 0.2477509726,
            "3": 0.5938364849,
            "4": 0.4778579202
        },
        "4": {
            "0": 5.299064891e-140,
            "1": 2.931479494e-22,
            "2": 8e-10,
            "3": 0.2654491455,
            "4": 0.5127824642
        }
    }
}