{"source_schema": "SUPPASRI2013_v2.0", "source_taxonomy": "S3", "target_schema": "HAZUS_v1.0", "target_taxonomy": "C2L", "source_damage_states": [0, 1, 2, 3, 4, 5, 6], "target_damage_states": [0, 1, 2, 3, 4], "conv_matrix": {"0": {"0": 0.9927421976, "1": 7.3642e-06, "2": 0.0381992228, "3": 0.0054321973, "4": 0.004392514, "5": 0.000224802, "6": 0.0190878925}, "1": {"0": 0.0071961373, "1": 0.2418064832, "2": 0.7036868755, "3": 0.2520939441, "4": 0.118623336, "5": 0.0110979951, "6": 0.0677591472}, "2": {"0": 6.16566e-05, "1": 0.158607629, "2": 0.118005808, "3": 0.2809293019, "4": 0.3673094165, "5": 0.2900611308, "6": 0.4249034396}, "3": {"0": 8.5e-09, "1": 0.5799823099, "2": 0.1399066063, "3": 0.3338033628, "4": 0.2932412652, "5": 0.2118808931, "6": 0.1773914846}, "4": {"0": 0.0, "1": 0.0195962137, "2": 0.0002014874, "3": 0.127741194, "4": 0.2164334681, "5": 0.486735179, "6": 0.3108580361}}}