{"source_schema": "SUPPASRI2013_v2.0", "source_taxonomy": "RC3", "target_schema": "SARA_v1.0", "target_taxonomy": "MCF-DUC-H1-3", "source_damage_states": [0, 1, 2, 3, 4, 5, 6], "target_damage_states": [0, 1, 2, 3, 4], "conv_matrix": {"0": {"0": 0.9999566296, "1": 7.6797e-06, "2": 0.0788368752, "3": 0.0207686031, "4": 0.018546141, "5": 0.0010076888, "6": 0.0493419089}, "1": {"0": 1.09127e-05, "1": 0.9998326376, "2": 0.9052201067, "3": 0.1589683199, "4": 3.27991e-05, "5": 1.66e-08, "6": 0.0}, "2": {"0": 3.24546e-05, "1": 2.34672e-05, "2": 0.0154264588, "3": 0.5211226278, "4": 0.4696790651, "5": 0.2084239373, "6": 0.3020423112}, "3": {"0": 3.1e-09, "1": 0.0001361216, "2": 0.0005159167, "3": 0.2443653277, "4": 0.2970177481, "5": 0.3038537061, "6": 0.3374796177}, "4": {"0": 0.0, "1": 9.39e-08, "2": 6.426e-07, "3": 0.0547751216, "4": 0.2147242466, "5": 0.4867146513, "6": 0.3111361622}}}