{"source_schema": "SUPPASRI2013_v2.0", "source_taxonomy": "RC1", "target_schema": "HAZUS_v1.0", "target_taxonomy": "S1L", "source_damage_states": [0, 1, 2, 3, 4, 5, 6], "target_damage_states": [0, 1, 2, 3, 4], "conv_matrix": {"0": {"0": 0.988350048, "1": 0.0755873121, "2": 0.0051557018, "3": 0.0393585461, "4": 0.0074844774, "5": 0.0033243073, "6": 0.0300357781}, "1": {"0": 0.0113901289, "1": 0.3376277869, "2": 0.0974357284, "3": 0.039099851, "4": 0.0023552661, "5": 1.8117e-06, "6": 9.122e-07}, "2": {"0": 8.18387e-05, "1": 0.5867846313, "2": 0.8974081321, "3": 0.4605074732, "4": 0.1345757414, "5": 4.58866e-05, "6": 3.0636e-06}, "3": {"0": 0.0001774148, "1": 2.698e-07, "2": 4.337e-07, "3": 0.4029833019, "4": 0.5860878643, "5": 0.3158263123, "6": 0.5624357824}, "4": {"0": 5.695e-07, "1": 0.0, "2": 3.9e-09, "3": 0.0580508277, "4": 0.2694966507, "5": 0.6808016822, "6": 0.4075244637}}}