{"source_schema": "SUPPASRI2013_v2.0", "source_taxonomy": "RC1", "target_schema": "HAZUS_v1.0", "target_taxonomy": "S4M", "source_damage_states": [0, 1, 2, 3, 4, 5, 6], "target_damage_states": [0, 1, 2, 3, 4], "conv_matrix": {"0": {"0": 0.8751798564, "1": 0.0395546831, "2": 0.0025308113, "3": 0.0087269434, "4": 0.001142162, "5": 0.000318981, "6": 0.0042586492}, "1": {"0": 0.0107574902, "1": 0.954394487, "2": 0.9903290757, "3": 0.1805244227, "4": 0.0221736432, "5": 2.058e-07, "6": 2.5e-09}, "2": {"0": 0.114060791, "1": 0.0060072361, "2": 0.0012180454, "3": 0.2754774052, "4": 0.0633249211, "5": 0.0121833904, "6": 0.0750406268}, "3": {"0": 1.6646e-06, "1": 4.35939e-05, "2": 0.0059220607, "3": 0.4773663679, "4": 0.6445393239, "5": 0.3052874067, "6": 0.511337787}, "4": {"0": 1.979e-07, "1": 0.0, "2": 6.9e-09, "3": 0.0579048608, "4": 0.2688199497, "5": 0.6822100161, "6": 0.4093629345}}}