{"source_schema": "SUPPASRI2013_v2.0", "source_taxonomy": "RC3", "target_schema": "SARA_v1.0", "target_taxonomy": "CR-LFM-DNO-H4-7", "source_damage_states": [0, 1, 2, 3, 4, 5, 6], "target_damage_states": [0, 1, 2, 3, 4], "conv_matrix": {"0": {"0": 0.0018661831, "1": 0.0006367618, "2": 0.1179025658, "3": 6.17102e-05, "4": 1.2e-09, "5": 0.0, "6": 7.087929152e-16}, "1": {"0": 0.9981294859, "1": 0.1348349538, "2": 0.4014586194, "3": 0.3587816908, "4": 0.445220336, "5": 0.2999168069, "6": 0.509979214}, "2": {"0": 4.321e-06, "1": 0.2651103354, "2": 0.3397280543, "3": 0.1797047831, "4": 0.0452440765, "5": 0.0017191522, "6": 0.0018040756}, "3": {"0": 1e-08, "1": 0.599417949, "2": 0.1409107605, "3": 0.4614430006, "4": 0.496233304, "5": 0.3000945881, "6": 0.0409154002}, "4": {"0": 0.0, "1": 1.956812961e-20, "2": 0.0, "3": 8.8153e-06, "4": 0.0133022822, "5": 0.3982694527, "6": 0.4473013102}}}