{"source_schema": "SUPPASRI2013_v2.0", "source_taxonomy": "S2", "target_schema": "HAZUS_v1.0", "target_taxonomy": "URML", "source_damage_states": [0, 1, 2, 3, 4, 5, 6], "target_damage_states": [0, 1, 2, 3, 4], "conv_matrix": {"0": {"0": 0.9978652516, "1": 7.3679e-06, "2": 0.0383007388, "3": 0.0130381402, "4": 0.0094045276, "5": 0.0003108225, "6": 0.0223337455}, "1": {"0": 0.0021284979, "1": 0.5200409727, "2": 0.8865272544, "3": 0.3432331865, "4": 0.054726681, "5": 0.0014381253, "6": 0.0020631433}, "2": {"0": 6.2455e-06, "1": 0.2698573264, "2": 0.0588891578, "3": 0.3305120912, "4": 0.4311888901, "5": 0.2114147768, "6": 0.3322451361}, "3": {"0": 5e-09, "1": 0.210094333, "2": 0.0162828482, "3": 0.3087979439, "4": 0.3445673625, "5": 0.2084838571, "6": 0.1726042541}, "4": {"0": 0.0, "1": 0.0, "2": 7e-10, "3": 0.0044186382, "4": 0.1601125388, "5": 0.5783524183, "6": 0.470753721}}}