{"source_schema": "SUPPASRI2013_v2.0", "source_taxonomy": "RC1", "target_schema": "HAZUS_v1.0", "target_taxonomy": "C1H", "source_damage_states": [0, 1, 2, 3, 4, 5, 6], "target_damage_states": [0, 1, 2, 3, 4], "conv_matrix": {"0": {"0": 0.9121318241, "1": 0.0395152029, "2": 0.0025281533, "3": 0.0146246555, "4": 0.0018674717, "5": 0.0004773985, "6": 0.0058746638}, "1": {"0": 0.0867314063, "1": 0.8694901331, "2": 0.2274921267, "3": 0.1476696801, "4": 0.0207337364, "5": 0.0038252191, "6": 0.0290263231}, "2": {"0": 0.0011326419, "1": 0.0883794173, "2": 0.3417921009, "3": 0.3788695745, "4": 0.2133984254, "5": 0.1055018493, "6": 0.3077693926}, "3": {"0": 1.5457e-06, "1": 0.0026152468, "2": 0.4281876188, "3": 0.3981957656, "4": 0.4986562915, "5": 0.0617832641, "6": 0.0128770812}, "4": {"0": 2.582e-06, "1": 0.0, "2": 3e-10, "3": 0.0606403243, "4": 0.265344075, "5": 0.828412269, "6": 0.6444525393}}}