{"source_schema": "SUPPASRI2013_v2.0", "source_taxonomy": "S2", "target_schema": "HAZUS_v1.0", "target_taxonomy": "S3", "source_damage_states": [0, 1, 2, 3, 4, 5, 6], "target_damage_states": [0, 1, 2, 3, 4], "conv_matrix": {"0": {"0": 0.9941627454, "1": 7.3639e-06, "2": 0.0415415313, "3": 0.0088071499, "4": 0.0041466483, "5": 0.000116874, "6": 0.0105045487}, "1": {"0": 4.97532e-05, "1": 0.4127577089, "2": 0.6557459352, "3": 0.065890151, "4": 3.33484e-05, "5": 1.8e-09, "6": 1e-10}, "2": {"0": 0.0057875013, "1": 0.1991497458, "2": 0.2973561199, "3": 0.5112508116, "4": 0.4721943461, "5": 0.2447162827, "6": 0.5022241271}, "3": {"0": 1e-10, "1": 0.3880851813, "2": 0.0053564133, "3": 0.4104203032, "4": 0.3794734659, "5": 0.1720059865, "6": 0.0801291671}, "4": {"0": 0.0, "1": 1e-10, "2": 3e-10, "3": 0.0036315843, "4": 0.1441521913, "5": 0.5831608549, "6": 0.407142157}}}