{"source_schema": "SUPPASRI2013_v2.0", "source_taxonomy": "RC2", "target_schema": "HAZUS_v1.0", "target_taxonomy": "RM2L", "source_damage_states": [0, 1, 2, 3, 4, 5, 6], "target_damage_states": [0, 1, 2, 3, 4], "conv_matrix": {"0": {"0": 0.4901981651, "1": 0.0395146104, "2": 0.0025280331, "3": 0.0013955952, "4": 2.61743e-05, "5": 5.4e-09, "6": 6.2e-09}, "1": {"0": 0.002870746, "1": 0.8005024945, "2": 0.9803887819, "3": 0.2278132522, "4": 0.0727837527, "5": 1.62195e-05, "6": 1.495e-07}, "2": {"0": 0.5056622896, "1": 0.1599293045, "2": 0.0142426566, "3": 0.4305819078, "4": 0.2917336992, "5": 0.2416761593, "6": 0.5320185526}, "3": {"0": 0.0012687993, "1": 5.35906e-05, "2": 0.002840525, "3": 0.3292387402, "4": 0.5190277732, "5": 0.4537802683, "6": 0.3744764686}, "4": {"0": 3.396567183e-17, "1": 0.0, "2": 3.5e-09, "3": 0.0109705046, "4": 0.1164286006, "5": 0.3045273476, "6": 0.093504823}}}