{"source_schema": "SUPPASRI2013_v2.0", "source_taxonomy": "BRICK", "target_schema": "HAZUS_v1.0", "target_taxonomy": "PC1", "source_damage_states": [0, 1, 2, 3, 4, 5, 6], "target_damage_states": [0, 1, 2, 3, 4], "conv_matrix": {"0": {"0": 0.2080737363, "1": 5.08865e-05, "2": 0.1030757065, "3": 0.0199438927, "4": 0.0116157848, "5": 0.0005641302, "6": 0.0075120062}, "1": {"0": 0.0026713883, "1": 0.1139457955, "2": 0.5079906615, "3": 0.1645923678, "4": 0.0005806991, "5": 1.271e-07, "6": 2.6e-09}, "2": {"0": 0.7892547956, "1": 1.764e-06, "2": 0.0002028591, "3": 0.2393622254, "4": 0.4917318367, "5": 0.4110395928, "6": 0.6613924662}, "3": {"0": 7.97e-08, "1": 0.886001554, "2": 0.3887307729, "3": 0.5760946897, "4": 0.4884226735, "5": 0.2996479983, "6": 0.0392706689}, "4": {"0": 0.0, "1": 1.083833016e-19, "2": 0.0, "3": 6.8243e-06, "4": 0.0076490059, "5": 0.2887481516, "6": 0.2918248561}}}