{"source_schema": "SUPPASRI2013_v2.0", "source_taxonomy": "S1", "target_schema": "HAZUS_v1.0", "target_taxonomy": "W1", "source_damage_states": [0, 1, 2, 3, 4, 5, 6], "target_damage_states": [0, 1, 2, 3, 4], "conv_matrix": {"0": {"0": 0.9977355623, "1": 7.4228e-06, "2": 0.0484889461, "3": 0.0133546575, "4": 0.0071626446, "5": 0.0002813517, "6": 0.0218369165}, "1": {"0": 0.0022435651, "1": 0.2490967031, "2": 0.457876247, "3": 0.2077862521, "4": 0.0588684924, "5": 0.002648902, "6": 0.0306719313}, "2": {"0": 2.08599e-05, "1": 0.5818402732, "2": 0.493106159, "3": 0.449607799, "4": 0.3012034453, "5": 0.1653323592, "6": 0.1529144621}, "3": {"0": 1.27e-08, "1": 0.1690555985, "2": 0.0005286415, "3": 0.3190718312, "4": 0.4463970566, "5": 0.2424819164, "6": 0.3632958419}, "4": {"0": 0.0, "1": 2.4e-09, "2": 6.5e-09, "3": 0.0101794602, "4": 0.186368361, "5": 0.5892554707, "6": 0.4312808482}}}