{"source_schema": "SUPPASRI2013_v2.0", "source_taxonomy": "S1", "target_schema": "HAZUS_v1.0", "target_taxonomy": "RM1L", "source_damage_states": [0, 1, 2, 3, 4, 5, 6], "target_damage_states": [0, 1, 2, 3, 4], "conv_matrix": {"0": {"0": 0.9999731351, "1": 1.05037e-05, "2": 0.1202917749, "3": 0.0547007934, "4": 0.053989172, "5": 0.0049891457, "6": 0.0871720882}, "1": {"0": 1.06744e-05, "1": 0.9942698503, "2": 0.8372113484, "3": 0.1988205346, "4": 0.0008325048, "5": 6.18e-07, "6": 2e-10}, "2": {"0": 1.51703e-05, "1": 0.0056152712, "2": 0.042371654, "3": 0.5099822347, "4": 0.2804171592, "5": 0.038492279, "6": 0.0167942054}, "3": {"0": 1.0198e-06, "1": 0.0001043748, "2": 0.0001252223, "3": 0.2332856337, "4": 0.5598519551, "5": 0.4732057757, "6": 0.4251417247}, "4": {"0": 4e-10, "1": 1.818468029e-16, "2": 5e-10, "3": 0.0032108035, "4": 0.1049092088, "5": 0.4833121816, "6": 0.4708919815}}}