{"source_schema": "SUPPASRI2013_v2.0", "source_taxonomy": "RC1", "target_schema": "SARA_v1.0", "target_taxonomy": "MUR-STDRE-H1-2", "source_damage_states": [0, 1, 2, 3, 4, 5, 6], "target_damage_states": [0, 1, 2, 3, 4], "conv_matrix": {"0": {"0": 0.977727591, "1": 0.0405949382, "2": 0.0026614781, "3": 0.0231943916, "4": 0.0036158851, "5": 0.0013574075, "6": 0.0145207908}, "1": {"0": 0.0159983455, "1": 0.928838752, "2": 0.3829055701, "3": 0.0580366328, "4": 0.0025703131, "5": 4.18e-08, "6": 8.9e-09}, "2": {"0": 0.0061881303, "1": 0.030496321, "2": 0.5291698222, "3": 0.5787910709, "4": 0.3119875825, "5": 0.1322828237, "6": 0.3433728645}, "3": {"0": 8.51093e-05, "1": 6.99887e-05, "2": 0.0852631235, "3": 0.2902343344, "4": 0.4543748465, "5": 0.2106270036, "6": 0.2468030314}, "4": {"0": 8.239e-07, "1": 0.0, "2": 6.1e-09, "3": 0.0497435702, "4": 0.2274513727, "5": 0.6557327234, "6": 0.3953033045}}}