{"source_schema": "SUPPASRI2013_v2.0", "source_taxonomy": "W3", "target_schema": "SARA_v1.0", "target_taxonomy": "CR-LFM-DUC-H1-3", "source_damage_states": [0, 1, 2, 3, 4, 5, 6], "target_damage_states": [0, 1, 2, 3, 4], "conv_matrix": {"0": {"0": 0.9964998308, "1": 7.3669e-06, "2": 0.0382358762, "3": 0.0108638653, "4": 0.0093139608, "5": 0.0003107741, "6": 0.0223331058}, "1": {"0": 0.0034981824, "1": 0.1226308059, "2": 0.6740409788, "3": 0.2072487942, "4": 0.1332884912, "5": 0.0238590767, "6": 0.1575221517}, "2": {"0": 1.9813e-06, "1": 0.5579649388, "2": 0.260561147, "3": 0.3919397597, "4": 0.244176325, "5": 0.1127367533, "6": 0.1474610241}, "3": {"0": 5.5e-09, "1": 0.3193968884, "2": 0.0271619971, "3": 0.3849836747, "4": 0.4336914832, "5": 0.2674028411, "6": 0.205386608}, "4": {"0": 0.0, "1": 0.0, "2": 1e-09, "3": 0.0049639061, "4": 0.1795297397, "5": 0.5956905548, "6": 0.4672971104}}}