{"source_schema": "SUPPASRI2013_v2.0", "source_taxonomy": "RC1", "target_schema": "HAZUS_v1.0", "target_taxonomy": "W1", "source_damage_states": [0, 1, 2, 3, 4, 5, 6], "target_damage_states": [0, 1, 2, 3, 4], "conv_matrix": {"0": {"0": 0.9465040262, "1": 0.044934281, "2": 0.0029130535, "3": 0.0146139513, "4": 0.0016924532, "5": 0.0004702699, "6": 0.0058212304}, "1": {"0": 0.0447058296, "1": 0.125057761, "2": 0.4780521894, "3": 0.1536975199, "4": 0.0268842739, "5": 0.0017530132, "6": 0.0088285562}, "2": {"0": 0.0083393332, "1": 0.8299578615, "2": 0.451374846, "3": 0.4383450417, "4": 0.2495763888, "5": 0.1000295807, "6": 0.213175862}, "3": {"0": 0.0004506383, "1": 5.00965e-05, "2": 0.0676599091, "3": 0.3389927693, "4": 0.4627897549, "5": 0.2029979149, "6": 0.3439686602}, "4": {"0": 1.727e-07, "1": 0.0, "2": 2e-09, "3": 0.0543507178, "4": 0.2590571291, "5": 0.6947492213, "6": 0.4282056911}}}