{"source_schema": "SUPPASRI2013_v2.0", "source_taxonomy": "W2", "target_schema": "HAZUS_v1.0", "target_taxonomy": "S4M", "source_damage_states": [0, 1, 2, 3, 4, 5, 6], "target_damage_states": [0, 1, 2, 3, 4], "conv_matrix": {"0": {"0": 0.9939251664, "1": 7.373e-06, "2": 0.0385528173, "3": 0.0067119374, "4": 0.0055623855, "5": 0.0002115244, "6": 0.0158954053}, "1": {"0": 3.91462e-05, "1": 0.8110256318, "2": 0.9256133404, "3": 0.1493896682, "4": 3.07965e-05, "5": 2e-09, "6": 0.0}, "2": {"0": 0.0060356874, "1": 0.0053998763, "2": 0.0354294926, "3": 0.3531139316, "4": 0.1667525639, "5": 0.0118622869, "6": 0.1386830308}, "3": {"0": 0.0, "1": 0.1835671185, "2": 0.0004043266, "3": 0.4755142643, "4": 0.6310882588, "5": 0.4051145271, "6": 0.4326647493}, "4": {"0": 0.0, "1": 4e-10, "2": 2.31e-08, "3": 0.0152701984, "4": 0.1965659954, "5": 0.5828116595, "6": 0.4127568146}}}