{"source_schema": "SUPPASRI2013_v2.0", "source_taxonomy": "RC2", "target_schema": "SARA_v1.0", "target_taxonomy": "CR-LFM-DUC-H4-7", "source_damage_states": [0, 1, 2, 3, 4, 5, 6], "target_damage_states": [0, 1, 2, 3, 4], "conv_matrix": {"0": {"0": 0.8496073721, "1": 0.0394952597, "2": 0.0025267732, "3": 0.0043517144, "4": 0.0003552559, "5": 6.82601e-05, "6": 0.00107809}, "1": {"0": 0.1243348351, "1": 0.9479947113, "2": 0.4100994858, "3": 0.3167672025, "4": 0.1000082301, "5": 0.0268236901, "6": 0.0609410104}, "2": {"0": 0.0260081672, "1": 0.0088265639, "2": 0.1284476539, "3": 0.2164872542, "4": 0.1999199981, "5": 0.1842535234, "6": 0.433993706}, "3": {"0": 4.94983e-05, "1": 0.0036826172, "2": 0.4579968818, "3": 0.3355878649, "4": 0.3489356234, "5": 0.2209686492, "6": 0.2127115999}, "4": {"0": 1.274e-07, "1": 8.479e-07, "2": 0.0009292053, "3": 0.126805964, "4": 0.3507808925, "5": 0.5678858772, "6": 0.2912755937}}}