{"source_schema": "SUPPASRI2013_v2.0", "source_taxonomy": "S1", "target_schema": "SARA_v1.0", "target_taxonomy": "UNK", "source_damage_states": [0, 1, 2, 3, 4, 5, 6], "target_damage_states": [0, 1, 2, 3, 4], "conv_matrix": {"0": {"0": 0.2208025462, "1": 4.0579e-06, "2": 0.0182553637, "3": 0.0010036481, "4": 0.0001759745, "5": 1.3433e-06, "6": 3.33148e-05}, "1": {"0": 0.5723613868, "1": 0.0379873497, "2": 0.4828993829, "3": 0.0182783036, "4": 0.0009316251, "5": 7.1736e-06, "6": 0.0001795116}, "2": {"0": 0.206836052, "1": 0.2856637516, "2": 0.4710244586, "3": 0.3245074051, "4": 0.1262181213, "5": 0.0085897053, "6": 0.1427531888}, "3": {"0": 1.5e-08, "1": 0.6303606516, "2": 0.0278085772, "3": 0.5839261488, "4": 0.6402644967, "5": 0.3322989432, "6": 0.6193153391}, "4": {"0": 0.0, "1": 0.0459841892, "2": 1.22175e-05, "3": 0.0722844944, "4": 0.2324097823, "5": 0.6591028346, "6": 0.2377186456}}}