{"source_schema": "SUPPASRI2013_v2.0", "source_taxonomy": "S2", "target_schema": "SARA_v1.0", "target_taxonomy": "CR-LFINF-DUC-H1-3", "source_damage_states": [0, 1, 2, 3, 4, 5, 6], "target_damage_states": [0, 1, 2, 3, 4], "conv_matrix": {"0": {"0": 0.946740462, "1": 7.3579e-06, "2": 0.0380299225, "3": 0.0038811413, "4": 0.0017396043, "5": 4.10509e-05, "6": 0.0045952919}, "1": {"0": 0.0532559818, "1": 0.1943598638, "2": 0.5711171052, "3": 0.3718199279, "4": 0.4636719089, "5": 0.3011792912, "6": 0.5069837449}, "2": {"0": 3.5272e-06, "1": 0.6945844682, "2": 0.3781360216, "3": 0.29000768, "4": 0.025789471, "5": 0.0002841227, "6": 0.0001273172}, "3": {"0": 2.9e-08, "1": 0.1110483101, "2": 0.0127169504, "3": 0.3308886309, "4": 0.3627766052, "5": 0.11721266, "6": 0.0244345828}, "4": {"0": 0.0, "1": 0.0, "2": 4e-10, "3": 0.0034026199, "4": 0.1460224106, "5": 0.5812828752, "6": 0.4638590632}}}