{"source_schema": "SUPPASRI2013_v2.0", "source_taxonomy": "S1", "target_schema": "SARA_v1.0", "target_taxonomy": "CR-LWAL-DNO-H4-7", "source_damage_states": [0, 1, 2, 3, 4, 5, 6], "target_damage_states": [0, 1, 2, 3, 4], "conv_matrix": {"0": {"0": 0.0042945045, "1": 0.0342605723, "2": 0.3133857564, "3": 0.0003516894, "4": 1.23e-08, "5": 0.0, "6": 0.0}, "1": {"0": 0.9957011941, "1": 0.1167775435, "2": 0.3813556847, "3": 0.3367440402, "4": 0.2643378451, "5": 0.0959855034, "6": 0.2880618685}, "2": {"0": 4.2382e-06, "1": 0.0014255402, "2": 0.002676956, "3": 0.1021047466, "4": 0.2370441448, "5": 0.2345886756, "6": 0.3438134362}, "3": {"0": 6.33e-08, "1": 0.8475363441, "2": 0.3025816029, "3": 0.5607936682, "4": 0.4886752558, "5": 0.2991108266, "6": 0.0378561565}, "4": {"0": 0.0, "1": 9.71913755e-20, "2": 0.0, "3": 5.8555e-06, "4": 0.009942742, "5": 0.3703149945, "6": 0.3302685388}}}