{"source_schema": "SUPPASRI2013_v2.0", "source_taxonomy": "RC2", "target_schema": "HAZUS_v1.0", "target_taxonomy": "RM1L", "source_damage_states": [0, 1, 2, 3, 4, 5, 6], "target_damage_states": [0, 1, 2, 3, 4], "conv_matrix": {"0": {"0": 0.9919359158, "1": 0.1116318775, "2": 0.0080551511, "3": 0.0603073433, "4": 0.0129168663, "5": 0.0062986688, "6": 0.0488935255}, "1": {"0": 0.003361611, "1": 0.8878847236, "2": 0.9634249415, "3": 0.2744914485, "4": 0.0753763421, "5": 1.01467e-05, "6": 1.961e-07}, "2": {"0": 0.0042411791, "1": 0.0004832426, "2": 0.0283947807, "3": 0.3610521705, "4": 0.2050341048, "5": 0.0149564182, "6": 0.0169842564}, "3": {"0": 0.000431059, "1": 1.563e-07, "2": 0.0001251265, "3": 0.2630271961, "4": 0.5473049338, "5": 0.3329816533, "6": 0.4786747692}, "4": {"0": 3.0235e-05, "1": 0.0, "2": 2e-10, "3": 0.0411218415, "4": 0.1593677528, "5": 0.6457531129, "6": 0.4554472529}}}