{"source_schema": "SUPPASRI2013_v2.0", "source_taxonomy": "S1", "target_schema": "SARA_v1.0", "target_taxonomy": "CR-LFINF-DNO-H1-3", "source_damage_states": [0, 1, 2, 3, 4, 5, 6], "target_damage_states": [0, 1, 2, 3, 4], "conv_matrix": {"0": {"0": 0.0059368453, "1": 0.3452105897, "2": 0.677864767, "3": 0.1371349238, "4": 0.0029644479, "5": 3.4244e-05, "6": 1.208e-07}, "1": {"0": 0.9937051765, "1": 0.0007717088, "2": 0.1187919988, "3": 0.2190290409, "4": 0.1937406724, "5": 0.0738870089, "6": 0.1725689202}, "2": {"0": 0.0003579694, "1": 9.21791e-05, "2": 0.0112521115, "3": 0.1301307362, "4": 0.2936953889, "5": 0.2278327755, "6": 0.3431279376}, "3": {"0": 8.8e-09, "1": 0.6539255224, "2": 0.1920911228, "3": 0.5136959026, "4": 0.4963301351, "5": 0.3001210153, "6": 0.04086418}, "4": {"0": 0.0, "1": 1.10974575e-19, "2": 0.0, "3": 9.3966e-06, "4": 0.0132693557, "5": 0.3981249563, "6": 0.4434388414}}}