{"source_schema": "SUPPASRI2013_v2.0", "source_taxonomy": "BRICK", "target_schema": "SARA_v1.0", "target_taxonomy": "MUR-STDRE-H1-2", "source_damage_states": [0, 1, 2, 3, 4, 5, 6], "target_damage_states": [0, 1, 2, 3, 4], "conv_matrix": {"0": {"0": 0.9999250011, "1": 7.3743e-06, "2": 0.0476037985, "3": 0.0192062711, "4": 0.0142653506, "5": 0.0008096838, "6": 0.0416539954}, "1": {"0": 4.88984e-05, "1": 0.2683182192, "2": 0.7454794424, "3": 0.0600672213, "4": 4.74663e-05, "5": 6.7e-09, "6": 2.9e-09}, "2": {"0": 2.60935e-05, "1": 0.5819188649, "2": 0.1916011387, "3": 0.6038702079, "4": 0.4540093927, "5": 0.1949765428, "6": 0.3090480882}, "3": {"0": 6.9e-09, "1": 0.1497555414, "2": 0.0153156001, "3": 0.308026115, "4": 0.3663704309, "5": 0.2563504907, "6": 0.2464538723}, "4": {"0": 0.0, "1": 2e-10, "2": 2.03e-08, "3": 0.0088301847, "4": 0.1653073595, "5": 0.547863276, "6": 0.4028440413}}}