{"source_schema": "SUPPASRI2013_v2.0", "source_taxonomy": "RC2", "target_schema": "SARA_v1.0", "target_taxonomy": "MR-DNO-H1-3", "source_damage_states": [0, 1, 2, 3, 4, 5, 6], "target_damage_states": [0, 1, 2, 3, 4], "conv_matrix": {"0": {"0": 0.989006365, "1": 0.0604324372, "2": 0.0114378184, "3": 0.0961541404, "4": 0.0346877624, "5": 0.0291501185, "6": 0.1456141492}, "1": {"0": 0.0109461166, "1": 0.8701618248, "2": 0.2146854664, "3": 0.2028193882, "4": 0.0670757807, "5": 0.032286419, "6": 0.1103316492}, "2": {"0": 4.55738e-05, "1": 0.0690557869, "2": 0.5539313966, "3": 0.3456411574, "4": 0.2440275835, "5": 0.1562295218, "6": 0.2572435976}, "3": {"0": 1.8586e-06, "1": 0.00018966, "2": 0.0277596776, "3": 0.1965867453, "4": 0.3046184591, "5": 0.227061646, "6": 0.1993817018}, "4": {"0": 8.6e-08, "1": 0.0001602911, "2": 0.192185641, "3": 0.1587985688, "4": 0.3495904143, "5": 0.5552722947, "6": 0.2874289022}}}