{"source_schema": "SUPPASRI2013_v2.0", "source_taxonomy": "RC1", "target_schema": "HAZUS_v1.0", "target_taxonomy": "URMM", "source_damage_states": [0, 1, 2, 3, 4, 5, 6], "target_damage_states": [0, 1, 2, 3, 4], "conv_matrix": {"0": {"0": 0.9127363713, "1": 0.039506799, "2": 0.0025278637, "3": 0.0146756992, "4": 0.0018695596, "5": 0.0004774246, "6": 0.0058749225}, "1": {"0": 0.0853568214, "1": 0.9588479186, "2": 0.6176695143, "3": 0.2866144432, "4": 0.0493016458, "5": 0.0002948603, "6": 0.0003826687}, "2": {"0": 0.001822409, "1": 0.0014952296, "2": 0.2038573983, "3": 0.3649627386, "4": 0.2908208888, "5": 0.1429694604, "6": 0.3591033453}, "3": {"0": 8.14251e-05, "1": 0.0001500528, "2": 0.1759452234, "3": 0.2829263807, "4": 0.4326344713, "5": 0.1537412558, "6": 0.1739888836}, "4": {"0": 2.9732e-06, "1": 0.0, "2": 3e-10, "3": 0.0508207383, "4": 0.2253734346, "5": 0.7025169989, "6": 0.4606501798}}}