{"source_schema": "SUPPASRI2013_v2.0", "source_taxonomy": "S1", "target_schema": "SARA_v1.0", "target_taxonomy": "W-WS-H1-2", "source_damage_states": [0, 1, 2, 3, 4, 5, 6], "target_damage_states": [0, 1, 2, 3, 4], "conv_matrix": {"0": {"0": 0.9920914574, "1": 7.3733e-06, "2": 0.0382158884, "3": 0.0044927135, "4": 0.0019217361, "5": 4.83542e-05, "6": 0.00555934}, "1": {"0": 0.0006006876, "1": 0.2530373822, "2": 0.5030804345, "3": 0.1639051293, "4": 0.0254767547, "5": 0.0014704948, "6": 0.0136685377}, "2": {"0": 0.0073078549, "1": 0.249854924, "2": 0.4497099991, "3": 0.4707308489, "4": 0.4873641973, "5": 0.3771310295, "6": 0.5410551052}, "3": {"0": 0.0, "1": 0.4971003128, "2": 0.0089936027, "3": 0.3257777423, "4": 0.2705110239, "5": 0.1228613776, "6": 0.1089567766}, "4": {"0": 0.0, "1": 7.7e-09, "2": 7.53e-08, "3": 0.035093566, "4": 0.214726288, "5": 0.4984887438, "6": 0.3307602406}}}