{"source_schema": "SUPPASRI2013_v2.0", "source_taxonomy": "RC1", "target_schema": "SARA_v1.0", "target_taxonomy": "UNK", "source_damage_states": [0, 1, 2, 3, 4, 5, 6], "target_damage_states": [0, 1, 2, 3, 4], "conv_matrix": {"0": {"0": 0.2255752216, "1": 0.0196853962, "2": 0.0012615992, "3": 0.0007818026, "4": 2.45773e-05, "5": 2.919e-07, "6": 3.3753e-06}, "1": {"0": 0.5742909484, "1": 0.4206437074, "2": 0.1178338671, "3": 0.0146563027, "4": 0.0004205011, "5": 1.8742e-06, "6": 2.1397e-05}, "2": {"0": 0.2001265517, "1": 0.4695889242, "2": 0.4376207175, "3": 0.2636146562, "4": 0.0460447698, "5": 0.0111948157, "6": 0.0684736316}, "3": {"0": 7.2764e-06, "1": 0.0900195139, "2": 0.4365996501, "3": 0.6325872661, "4": 0.5791071573, "5": 0.3755089653, "6": 0.6071345957}, "4": {"0": 1.9e-09, "1": 6.24583e-05, "2": 0.0066841661, "3": 0.0883599725, "4": 0.3744029946, "5": 0.6132940528, "6": 0.3243670004}}}