{"source_schema": "SUPPASRI2013_v2.0", "source_taxonomy": "RC1", "target_schema": "SARA_v1.0", "target_taxonomy": "CR-LFINF-DUC-H1-3", "source_damage_states": [0, 1, 2, 3, 4, 5, 6], "target_damage_states": [0, 1, 2, 3, 4], "conv_matrix": {"0": {"0": 0.8144878652, "1": 0.039370368, "2": 0.0025222378, "3": 0.0040275093, "4": 0.0003095332, "5": 5.63023e-05, "6": 0.0008879236}, "1": {"0": 0.1842625745, "1": 0.7854568842, "2": 0.1532317722, "3": 0.4019939803, "4": 0.2587642271, "5": 0.2416727559, "6": 0.5333499322}, "2": {"0": 0.0012315169, "1": 0.1751396909, "2": 0.8107108605, "3": 0.2594541193, "4": 0.0892076666, "5": 0.0002272204, "6": 2.53154e-05}, "3": {"0": 1.55358e-05, "1": 3.30568e-05, "2": 0.0335351293, "3": 0.2885581424, "4": 0.428215939, "5": 0.0528335516, "6": 0.0104649627}, "4": {"0": 2.5075e-06, "1": 0.0, "2": 2e-10, "3": 0.0459662487, "4": 0.2235026341, "5": 0.7052101699, "6": 0.455271866}}}