{"source_schema": "SUPPASRI2013_v2.0", "source_taxonomy": "RC3", "target_schema": "SARA_v1.0", "target_taxonomy": "CR-LWAL-DUC-H4-7", "source_damage_states": [0, 1, 2, 3, 4, 5, 6], "target_damage_states": [0, 1, 2, 3, 4], "conv_matrix": {"0": {"0": 0.9724998034, "1": 3.46626e-05, "2": 0.0491098351, "3": 0.0040216749, "4": 0.0017948087, "5": 3.98689e-05, "6": 0.0043501029}, "1": {"0": 0.0274948309, "1": 0.2419849308, "2": 0.6473381302, "3": 0.3591523741, "4": 0.3170924062, "5": 0.160410475, "6": 0.3308697206}, "2": {"0": 5.3577e-06, "1": 0.2538715446, "2": 0.2274832577, "3": 0.1840447756, "4": 0.1591448282, "5": 0.0600117035, "6": 0.1074124131}, "3": {"0": 8e-09, "1": 0.1030374212, "2": 0.0368463297, "3": 0.160552769, "4": 0.183013248, "5": 0.2555539639, "6": 0.235995429}, "4": {"0": 0.0, "1": 0.4010714408, "2": 0.0392224473, "3": 0.2922284065, "4": 0.3389547088, "5": 0.5239839887, "6": 0.3213723344}}}