{"source_schema": "SUPPASRI2013_v2.0", "source_taxonomy": "RC2", "target_schema": "HAZUS_v1.0", "target_taxonomy": "PC1", "source_damage_states": [0, 1, 2, 3, 4, 5, 6], "target_damage_states": [0, 1, 2, 3, 4], "conv_matrix": {"0": {"0": 0.4450268374, "1": 0.0674713087, "2": 0.0148517109, "3": 0.0173117227, "4": 0.0028142581, "5": 0.0005968852, "6": 0.002233618}, "1": {"0": 0.0615222831, "1": 0.7061497406, "2": 0.0906105761, "3": 0.1242224649, "4": 0.0136748361, "5": 2.1025e-06, "6": 1.059e-07}, "2": {"0": 0.4932088922, "1": 6.2506e-06, "2": 7.527e-07, "3": 0.2929754717, "4": 0.2889148691, "5": 0.3856348926, "6": 0.696917341}, "3": {"0": 0.0002419112, "1": 0.2263727001, "2": 0.8945369603, "3": 0.5553255983, "4": 0.6442165644, "5": 0.1555204337, "6": 0.0207896697}, "4": {"0": 7.6e-08, "1": 0.0, "2": 0.0, "3": 0.0101647425, "4": 0.0503794723, "5": 0.458245686, "6": 0.2800592654}}}