{"source_schema": "SUPPASRI2013_v2.0", "source_taxonomy": "RC1", "target_schema": "HAZUS_v1.0", "target_taxonomy": "S5M", "source_damage_states": [0, 1, 2, 3, 4, 5, 6], "target_damage_states": [0, 1, 2, 3, 4], "conv_matrix": {"0": {"0": 0.8496060259, "1": 0.0395147659, "2": 0.0025280412, "3": 0.0043514342, "4": 0.0003552187, "5": 6.82576e-05, "6": 0.0010780623}, "1": {"0": 0.0108101206, "1": 0.9584511531, "2": 0.7747219407, "3": 0.1718734655, "4": 0.0262103839, "5": 3.75e-07, "6": 2.1e-09}, "2": {"0": 0.1394072142, "1": 0.0016502606, "2": 0.0004129107, "3": 0.3955906477, "4": 0.2743212707, "5": 0.1889185667, "6": 0.4200725375}, "3": {"0": 0.0001765654, "1": 0.0003838203, "2": 0.2223371073, "3": 0.3899376649, "4": 0.4822950546, "5": 0.1372931602, "6": 0.1848533281}, "4": {"0": 7.39e-08, "1": 0.0, "2": 1e-10, "3": 0.0382467876, "4": 0.2168180721, "5": 0.6737196405, "6": 0.39399607}}}