{"source_schema": "SUPPASRI2013_v2.0", "source_taxonomy": "S3", "target_schema": "SARA_v1.0", "target_taxonomy": "CR-PC-LWAL-H1-3", "source_damage_states": [0, 1, 2, 3, 4, 5, 6], "target_damage_states": [0, 1, 2, 3, 4], "conv_matrix": {"0": {"0": 0.001838728, "1": 0.0001020144, "2": 0.0787755964, "3": 7.1629e-05, "4": 9.1e-09, "5": 0.0, "6": 0.0}, "1": {"0": 0.2000671716, "1": 0.1044521528, "2": 0.3821709836, "3": 0.1698320471, "4": 0.0008313211, "5": 2.166e-07, "6": 4e-10}, "2": {"0": 0.7980926497, "1": 5.727e-07, "2": 0.0002139, "3": 0.2255106651, "4": 0.4947177711, "5": 0.4115171375, "6": 0.6693524211}, "3": {"0": 1.4508e-06, "1": 0.8841382949, "2": 0.5385790311, "3": 0.4772785278, "4": 0.3104182978, "5": 0.1298715656, "6": 0.021800313}, "4": {"0": 0.0, "1": 0.0113069651, "2": 0.0002604889, "3": 0.127307131, "4": 0.1940326009, "5": 0.4586110804, "6": 0.3088472654}}}