{"source_schema": "SUPPASRI2013_v2.0", "source_taxonomy": "RC1", "target_schema": "SARA_v1.0", "target_taxonomy": "CR-LWAL-DUC-H8-19", "source_damage_states": [0, 1, 2, 3, 4, 5, 6], "target_damage_states": [0, 1, 2, 3, 4], "conv_matrix": {"0": {"0": 0.8636583417, "1": 0.0394887076, "2": 0.0025264469, "3": 0.0082733513, "4": 0.0012513419, "5": 0.000405736, "6": 0.0050979659}, "1": {"0": 0.1331053694, "1": 0.9199572927, "2": 0.2662300589, "3": 0.2243532116, "4": 0.0509268209, "5": 0.0077005684, "6": 0.0454392195}, "2": {"0": 0.0031847868, "1": 0.0324737604, "2": 0.1517321592, "3": 0.2987806802, "4": 0.2519008174, "5": 0.2337526553, "6": 0.4836909151}, "3": {"0": 5.13759e-05, "1": 0.0080797785, "2": 0.579026159, "3": 0.3456137068, "4": 0.3480102322, "5": 0.1902449946, "6": 0.1744746435}, "4": {"0": 1.262e-07, "1": 4.608e-07, "2": 0.000485176, "3": 0.1229790501, "4": 0.3479107876, "5": 0.5678960457, "6": 0.291297256}}}