{"source_schema": "SUPPASRI2013_v2.0", "source_taxonomy": "RC1", "target_schema": "HAZUS_v1.0", "target_taxonomy": "PC2M", "source_damage_states": [0, 1, 2, 3, 4, 5, 6], "target_damage_states": [0, 1, 2, 3, 4], "conv_matrix": {"0": {"0": 0.0225490445, "1": 0.0830460926, "2": 0.0084731167, "3": 0.0001224035, "4": 1.1151e-06, "5": 0.0, "6": 0.0}, "1": {"0": 0.4704619257, "1": 0.6543404208, "2": 0.0772489826, "3": 0.12462167, "4": 0.0185292037, "5": 4.6218e-06, "6": 2.202e-07}, "2": {"0": 0.5059163268, "1": 4.0691e-06, "2": 7.218e-07, "3": 0.2860496074, "4": 0.2748469813, "5": 0.3860095984, "6": 0.6991410208}, "3": {"0": 0.0010725755, "1": 0.2626071256, "2": 0.9118902842, "3": 0.4647868191, "4": 0.3806479453, "5": 0.062043923, "6": 0.0121644601}, "4": {"0": 1.276e-07, "1": 2.2918e-06, "2": 0.0023868948, "3": 0.1244195001, "4": 0.3259747545, "5": 0.5519418568, "6": 0.2886942989}}}