{"source_schema": "SUPPASRI2013_v2.0", "source_taxonomy": "S1", "target_schema": "HAZUS_v1.0", "target_taxonomy": "W2", "source_damage_states": [0, 1, 2, 3, 4, 5, 6], "target_damage_states": [0, 1, 2, 3, 4], "conv_matrix": {"0": {"0": 0.9999753112, "1": 7.7378e-06, "2": 0.0787385548, "3": 0.0328946953, "4": 0.0276871971, "5": 0.0019610316, "6": 0.0723992114}, "1": {"0": 2.46565e-05, "1": 0.0160579096, "2": 0.4830783881, "3": 0.0571419, "4": 0.0018419329, "5": 2.1425e-06, "6": 3.7289e-06}, "2": {"0": 7e-10, "1": 0.9838036527, "2": 0.4381641594, "3": 0.520912848, "4": 0.0085913407, "5": 2.06955e-05, "6": 3.1498e-06}, "3": {"0": 3.17e-08, "1": 0.0001306995, "2": 1.88845e-05, "3": 0.3736114759, "4": 0.7648343048, "5": 0.4160251711, "6": 0.5161919088}, "4": {"0": 0.0, "1": 4e-10, "2": 1.31e-08, "3": 0.0154390808, "4": 0.1970452245, "5": 0.5819909593, "6": 0.4114020011}}}