{"source_schema": "SUPPASRI2013_v2.0", "source_taxonomy": "RC3", "target_schema": "HAZUS_v1.0", "target_taxonomy": "S5M", "source_damage_states": [0, 1, 2, 3, 4, 5, 6], "target_damage_states": [0, 1, 2, 3, 4], "conv_matrix": {"0": {"0": 0.991873535, "1": 7.373e-06, "2": 0.0382109234, "3": 0.0040375177, "4": 0.0018997118, "5": 4.82909e-05, "6": 0.0055586556}, "1": {"0": 3.91096e-05, "1": 0.7055938317, "2": 0.8857475531, "3": 0.1223776936, "4": 1.44782e-05, "5": 2e-10, "6": 0.0}, "2": {"0": 0.0080870251, "1": 1.76125e-05, "2": 0.023589096, "3": 0.4393963992, "4": 0.4799260917, "5": 0.2647187154, "6": 0.3867298398}, "3": {"0": 3.303e-07, "1": 0.2943811824, "2": 0.0524524273, "3": 0.4303449279, "4": 0.3772636692, "5": 0.1651228657, "6": 0.2220863937}, "4": {"0": 0.0, "1": 4e-10, "2": 2e-10, "3": 0.0038434615, "4": 0.1408960491, "5": 0.5701101279, "6": 0.3856251109}}}