{"source_schema": "SUPPASRI2013_v2.0", "source_taxonomy": "RC2", "target_schema": "HAZUS_v1.0", "target_taxonomy": "S3", "source_damage_states": [0, 1, 2, 3, 4, 5, 6], "target_damage_states": [0, 1, 2, 3, 4], "conv_matrix": {"0": {"0": 0.8851793298, "1": 0.0397130472, "2": 0.0025951074, "3": 0.0089306799, "4": 0.0008550827, "5": 0.0001908219, "6": 0.0023162336}, "1": {"0": 0.0105116355, "1": 0.5776975896, "2": 0.7164620887, "3": 0.0469883724, "4": 0.0029541648, "5": 5.63e-08, "6": 2.9e-09}, "2": {"0": 0.1043075057, "1": 0.3813717669, "2": 0.097230951, "3": 0.5012733713, "4": 0.2739403476, "5": 0.2050712722, "6": 0.5088820205}, "3": {"0": 1.4484e-06, "1": 0.0012175964, "2": 0.1837118528, "3": 0.4024756898, "4": 0.5043565306, "5": 0.1045711795, "6": 0.0727211692}, "4": {"0": 8.06e-08, "1": 0.0, "2": 1e-10, "3": 0.0403318866, "4": 0.2178938744, "5": 0.6901666701, "6": 0.4160805739}}}