{"source_schema": "SUPPASRI2013_v2.0", "source_taxonomy": "RC1", "target_schema": "SARA_v1.0", "target_taxonomy": "CR-LFINF-DNO-H1-3", "source_damage_states": [0, 1, 2, 3, 4, 5, 6], "target_damage_states": [0, 1, 2, 3, 4], "conv_matrix": {"0": {"0": 0.0446132653, "1": 0.9634268217, "2": 0.368888455, "3": 0.1282234352, "4": 0.0194157927, "5": 3.00916e-05, "6": 3.9408e-06}, "1": {"0": 0.9487101064, "1": 0.022334122, "2": 0.025467795, "3": 0.1914575821, "4": 0.0908171588, "5": 0.0484168951, "6": 0.1753288379}, "2": {"0": 0.0066229251, "1": 0.0007406136, "2": 0.0023597829, "3": 0.1642256898, "4": 0.1791884854, "5": 0.1941076225, "6": 0.3608346741}, "3": {"0": 5.20875e-05, "1": 0.0134984427, "2": 0.6032839671, "3": 0.4984869737, "4": 0.6367404285, "5": 0.1556770605, "6": 0.0209592931}, "4": {"0": 1.6156e-06, "1": 0.0, "2": 0.0, "3": 0.0176063192, "4": 0.0738381347, "5": 0.6017683303, "6": 0.4428732541}}}