{"source_schema": "SUPPASRI2013_v2.0", "source_taxonomy": "W1", "target_schema": "HAZUS_v1.0", "target_taxonomy": "S2H", "source_damage_states": [0, 1, 2, 3, 4, 5, 6], "target_damage_states": [0, 1, 2, 3, 4], "conv_matrix": {"0": {"0": 0.9999769601, "1": 7.7416e-06, "2": 0.0825313812, "3": 0.0367368976, "4": 0.0372170259, "5": 0.0023990532, "6": 0.0740649048}, "1": {"0": 1.08856e-05, "1": 0.6776880343, "2": 0.8831171154, "3": 0.1258641804, "4": 1.38534e-05, "5": 2e-10, "6": 0.0}, "2": {"0": 1.21543e-05, "1": 0.0094860118, "2": 0.0304529492, "3": 0.3759656706, "4": 0.3520667758, "5": 0.13271932, "6": 0.3797383025}, "3": {"0": 0.0, "1": 0.3128182118, "2": 0.0038985524, "3": 0.4497020059, "4": 0.4442794241, "5": 0.32823709, "6": 0.2119887224}, "4": {"0": 0.0, "1": 5e-10, "2": 1.8e-09, "3": 0.0117312455, "4": 0.1664229207, "5": 0.5366445366, "6": 0.3342080703}}}