{"source_schema": "SUPPASRI2013_v2.0", "source_taxonomy": "RC1", "target_schema": "SARA_v1.0", "target_taxonomy": "CR-PC-LWAL-H1-3", "source_damage_states": [0, 1, 2, 3, 4, 5, 6], "target_damage_states": [0, 1, 2, 3, 4], "conv_matrix": {"0": {"0": 0.0224915251, "1": 0.0835867748, "2": 0.0085114312, "3": 0.0001186778, "4": 1.0385e-06, "5": 0.0, "6": 0.0}, "1": {"0": 0.4688564296, "1": 0.6466080928, "2": 0.074731595, "3": 0.1203102959, "4": 0.0168963932, "5": 3.7457e-06, "6": 1.647e-07}, "2": {"0": 0.5074480656, "1": 5.5385e-06, "2": 1.1813e-06, "3": 0.2885528961, "4": 0.2742946593, "5": 0.3860103581, "6": 0.6991640034}, "3": {"0": 0.0012038521, "1": 0.2697989482, "2": 0.9161042073, "3": 0.4740250515, "4": 0.3880114054, "5": 0.0615904991, "6": 0.0117822738}, "4": {"0": 1.276e-07, "1": 6.457e-07, "2": 0.0006515851, "3": 0.1169930787, "4": 0.3207965036, "5": 0.5523953972, "6": 0.2890535581}}}