{"source_schema": "SUPPASRI2013_v2.0", "source_taxonomy": "RC2", "target_schema": "SARA_v1.0", "target_taxonomy": "MCF-DUC-H1-3", "source_damage_states": [0, 1, 2, 3, 4, 5, 6], "target_damage_states": [0, 1, 2, 3, 4], "conv_matrix": {"0": {"0": 0.9848423015, "1": 0.0756637934, "2": 0.0051782687, "3": 0.0265892811, "4": 0.0045061829, "5": 0.0017209131, "6": 0.017433353}, "1": {"0": 0.0044235951, "1": 0.9235777747, "2": 0.994092908, "3": 0.2501284052, "4": 0.0615679798, "5": 1.8745e-06, "6": 7.9e-09}, "2": {"0": 0.0106452523, "1": 0.0007571257, "2": 0.0004450146, "3": 0.4313786512, "4": 0.2903727297, "5": 0.1387447409, "6": 0.3432733258}, "3": {"0": 8.87496e-05, "1": 1.3059e-06, "2": 0.0002836182, "3": 0.2137911677, "4": 0.3448208512, "5": 0.2916142584, "6": 0.3478289281}, "4": {"0": 1.015e-07, "1": 2e-10, "2": 1.905e-07, "3": 0.0781124949, "4": 0.2987322564, "5": 0.5679182132, "6": 0.2914643851}}}