{"source_schema": "SUPPASRI2013_v2.0", "source_taxonomy": "S2", "target_schema": "SARA_v1.0", "target_taxonomy": "MUR-STRUB-H1-2", "source_damage_states": [0, 1, 2, 3, 4, 5, 6], "target_damage_states": [0, 1, 2, 3, 4], "conv_matrix": {"0": {"0": 0.9999261536, "1": 7.3751e-06, "2": 0.0476391435, "3": 0.0196288352, "4": 0.0157729265, "5": 0.0008694693, "6": 0.043742686}, "1": {"0": 4.90135e-05, "1": 0.2796987126, "2": 0.7549994113, "3": 0.0654360197, "4": 5.54824e-05, "5": 8.5e-09, "6": 3.3e-09}, "2": {"0": 2.48263e-05, "1": 0.5697184658, "2": 0.1820290461, "3": 0.5979733512, "4": 0.4536111028, "5": 0.1957800281, "6": 0.3071353041}, "3": {"0": 6.7e-09, "1": 0.1505754463, "2": 0.0153323793, "3": 0.3082513736, "4": 0.3653704439, "5": 0.2548379136, "6": 0.2450806434}, "4": {"0": 0.0, "1": 2e-10, "2": 1.98e-08, "3": 0.0087104203, "4": 0.1651900444, "5": 0.5485125806, "6": 0.4040413632}}}