{"source_schema": "SUPPASRI2013_v2.0", "source_taxonomy": "RC1", "target_schema": "HAZUS_v1.0", "target_taxonomy": "S2L", "source_damage_states": [0, 1, 2, 3, 4, 5, 6], "target_damage_states": [0, 1, 2, 3, 4], "conv_matrix": {"0": {"0": 0.9911110447, "1": 0.0761649893, "2": 0.0052019306, "3": 0.0444418468, "4": 0.0085509067, "5": 0.0035487971, "6": 0.0319378836}, "1": {"0": 0.0043801584, "1": 0.9152859617, "2": 0.9097887153, "3": 0.1357836693, "4": 0.0122879075, "5": 7.75e-08, "6": 9e-10}, "2": {"0": 0.0045081823, "1": 0.0083740626, "2": 0.0012780073, "3": 0.3386868223, "4": 0.1743415457, "5": 0.1216373561, "6": 0.3745401885}, "3": {"0": 5.308e-07, "1": 0.0001749864, "2": 0.0837313461, "3": 0.4354654839, "4": 0.563026551, "5": 0.254962965, "6": 0.2628043191}, "4": {"0": 8.38e-08, "1": 0.0, "2": 6e-10, "3": 0.0456221777, "4": 0.2417930891, "5": 0.6198508044, "6": 0.3307176079}}}