{"source_schema": "SUPPASRI2013_v2.0", "source_taxonomy": "RC1", "target_schema": "SARA_v1.0", "target_taxonomy": "CR-LFM-DUC-H1-3", "source_damage_states": [0, 1, 2, 3, 4, 5, 6], "target_damage_states": [0, 1, 2, 3, 4], "conv_matrix": {"0": {"0": 0.8986758936, "1": 0.0394995388, "2": 0.0025271544, "3": 0.0133404687, "4": 0.0018039965, "5": 0.0004773585, "6": 0.0058746067}, "1": {"0": 0.1006525458, "1": 0.8103379112, "2": 0.1720082404, "3": 0.1904907987, "4": 0.0478025582, "5": 0.0235969744, "6": 0.1263074035}, "2": {"0": 0.0005811811, "1": 0.1498413633, "2": 0.5991863613, "3": 0.3675213095, "4": 0.1901974256, "5": 0.077336925, "6": 0.1862966158}, "3": {"0": 8.79058e-05, "1": 0.0003211867, "2": 0.2262782436, "3": 0.3740708978, "4": 0.5149286633, "5": 0.1887174948, "6": 0.2256716695}, "4": {"0": 2.4737e-06, "1": 0.0, "2": 3e-10, "3": 0.0545765253, "4": 0.2452673564, "5": 0.7098712473, "6": 0.4558497044}}}