{
    "source_schema": "Torres_Corredor_et_al_2017",
    "source_taxonomy": "L_R",
    "target_schema": "Mavrouli_et_al_2014",
    "target_taxonomy": "W_MR_HD",
    "source_damage_states": [
        0,
        1,
        2,
        3
    ],
    "target_damage_states": [
        0,
        2,
        3,
        4
    ],
    "conv_matrix": {
        "0": {
            "0": 0.2444155308,
            "1": 0.0001348041,
            "2": 6.277e-07,
            "3": 1e-10
        },
        "2": {
            "0": 0.7555844692,
            "1": 0.9998651959,
            "2": 0.8588893399,
            "3": 0.3752512621
        },
        "3": {
            "0": 7.261052874e-16,
            "1": 8.831175607e-21,
            "2": 0.1404964833,
            "3": 0.3768255663
        },
        "4": {
            "0": 3.373819093e-35,
            "1": 3.657239573e-63,
            "2": 0.0006135491,
            "3": 0.2479231716
        }
    }
}