{
    "source_schema": "Torres_Corredor_et_al_2017",
    "source_taxonomy": "L_B",
    "target_schema": "Mavrouli_et_al_2014",
    "target_taxonomy": "RC_MD",
    "source_damage_states": [
        0,
        1,
        2,
        3
    ],
    "target_damage_states": [
        0,
        2,
        3,
        4
    ],
    "conv_matrix": {
        "0": {
            "0": 0.3521205692,
            "1": 0.0106964539,
            "2": 0.0004224677,
            "3": 8.94e-08
        },
        "2": {
            "0": 0.6478794291,
            "1": 0.9893035461,
            "2": 0.9099027465,
            "3": 0.4735464786
        },
        "3": {
            "0": 1.7e-09,
            "1": 2.011961645e-18,
            "2": 0.0896747858,
            "3": 0.3477545329
        },
        "4": {
            "0": 7.720786288e-43,
            "1": 1.502071186e-51,
            "2": 0.0,
            "3": 0.1786988991
        }
    }
}