{
    "source_schema": "Torres_Corredor_et_al_2017",
    "source_taxonomy": "L_R",
    "target_schema": "Mavrouli_et_al_2014",
    "target_taxonomy": "RC_MD",
    "source_damage_states": [
        0,
        1,
        2,
        3
    ],
    "target_damage_states": [
        0,
        2,
        3,
        4
    ],
    "conv_matrix": {
        "0": {
            "0": 1.0,
            "1": 0.0,
            "2": 0.0,
            "3": 9.81495842e-59
        },
        "2": {
            "0": 0.0,
            "1": 0.8646930448,
            "2": 0.0374309133,
            "3": 1e-10
        },
        "3": {
            "0": 0.0,
            "1": 0.1353069498,
            "2": 0.9353768824,
            "3": 0.0018843399
        },
        "4": {
            "0": 9.016327701e-55,
            "1": 5.4e-09,
            "2": 0.0271922043,
            "3": 0.99811566
        }
    }
}