{
    "source_schema": "Torres_Corredor_et_al_2017",
    "source_taxonomy": "P_B",
    "target_schema": "Mavrouli_et_al_2014",
    "target_taxonomy": "W_MR_MD",
    "source_damage_states": [
        0,
        1,
        2,
        3
    ],
    "target_damage_states": [
        0,
        2,
        3,
        4
    ],
    "conv_matrix": {
        "0": {
            "0": 0.0957330486,
            "1": 0.0222170796,
            "2": 1.056e-06,
            "3": 6.357990751e-22
        },
        "2": {
            "0": 0.9042669514,
            "1": 0.9777829204,
            "2": 0.6510267649,
            "3": 0.5687770147
        },
        "3": {
            "0": 3.692333849e-27,
            "1": 5.319612546e-24,
            "2": 0.3389862734,
            "3": 0.2540822737
        },
        "4": {
            "0": 2.477894818e-27,
            "1": 4.855079906e-46,
            "2": 0.0099859057,
            "3": 0.1771407116
        }
    }
}