{
    "source_schema": "Torres_Corredor_et_al_2017",
    "source_taxonomy": "L_B",
    "target_schema": "Mavrouli_et_al_2014",
    "target_taxonomy": "W_MR_MD",
    "source_damage_states": [
        0,
        1,
        2,
        3
    ],
    "target_damage_states": [
        0,
        2,
        3,
        4
    ],
    "conv_matrix": {
        "0": {
            "0": 0.2370085202,
            "1": 0.0106050257,
            "2": 5.67e-07,
            "3": 0.0
        },
        "2": {
            "0": 0.7629914798,
            "1": 0.9893949743,
            "2": 0.9970079028,
            "3": 0.3649370407
        },
        "3": {
            "0": 1.147276932e-26,
            "1": 2.186035076e-23,
            "2": 2.8e-09,
            "3": 0.3945454769
        },
        "4": {
            "0": 5.895666149e-25,
            "1": 4.018834746e-34,
            "2": 0.0029915274,
            "3": 0.2405174824
        }
    }
}