{
    "source_schema": "Torres_Corredor_et_al_2017",
    "source_taxonomy": "L_M",
    "target_schema": "Mavrouli_et_al_2014",
    "target_taxonomy": "RC_MD",
    "source_damage_states": [
        0,
        1,
        2,
        3
    ],
    "target_damage_states": [
        0,
        2,
        3,
        4
    ],
    "conv_matrix": {
        "0": {
            "0": 0.3208297667,
            "1": 7.2932e-06,
            "2": 1.38123e-05,
            "3": 1e-10
        },
        "2": {
            "0": 0.6791702333,
            "1": 0.9999927068,
            "2": 0.8615525854,
            "3": 0.3637562152
        },
        "3": {
            "0": 3.791884305e-18,
            "1": 1.493916158e-21,
            "2": 0.1382284978,
            "3": 0.3848013315
        },
        "4": {
            "0": 6.210124076e-39,
            "1": 1.117365547e-79,
            "2": 0.0002051046,
            "3": 0.2514424532
        }
    }
}