{
    "source_schema": "Torres_Corredor_et_al_2017",
    "source_taxonomy": "L_M",
    "target_schema": "Mavrouli_et_al_2014",
    "target_taxonomy": "RC_LD",
    "source_damage_states": [
        0,
        1,
        2,
        3
    ],
    "target_damage_states": [
        0,
        2,
        3,
        4
    ],
    "conv_matrix": {
        "0": {
            "0": 0.2479251795,
            "1": 7.156e-06,
            "2": 0.0,
            "3": 1.052438794e-17
        },
        "2": {
            "0": 0.7520748205,
            "1": 0.999992844,
            "2": 0.941657275,
            "3": 0.1698184552
        },
        "3": {
            "0": 1.466404567e-17,
            "1": 3.805265872e-20,
            "2": 0.003209501,
            "3": 0.552039183
        },
        "4": {
            "0": 6.35066868e-30,
            "1": 3.49890348e-70,
            "2": 0.055133224,
            "3": 0.2781423618
        }
    }
}