{
    "source_schema": "Torres_Corredor_et_al_2017",
    "source_taxonomy": "P_B",
    "target_schema": "Mavrouli_et_al_2014",
    "target_taxonomy": "RC_S_HD",
    "source_damage_states": [
        0,
        1,
        2,
        3
    ],
    "target_damage_states": [
        0,
        2,
        3,
        4
    ],
    "conv_matrix": {
        "0": {
            "0": 0.047903916,
            "1": 5.0172e-06,
            "2": 0.0,
            "3": 4.721881494e-34
        },
        "2": {
            "0": 0.9520960834,
            "1": 0.9999949828,
            "2": 0.8671666864,
            "3": 0.5842167666
        },
        "3": {
            "0": 6e-10,
            "1": 1.538629307e-20,
            "2": 0.1104303228,
            "3": 0.2680427818
        },
        "4": {
            "0": 2.959223883e-38,
            "1": 7.371604803e-52,
            "2": 0.0224029908,
            "3": 0.1477404517
        }
    }
}