{
    "source_schema": "Torres_Corredor_et_al_2017",
    "source_taxonomy": "P_M",
    "target_schema": "Mavrouli_et_al_2014",
    "target_taxonomy": "RC_LD",
    "source_damage_states": [
        0,
        1,
        2,
        3
    ],
    "target_damage_states": [
        0,
        2,
        3,
        4
    ],
    "conv_matrix": {
        "0": {
            "0": 0.4112319346,
            "1": 0.004584736,
            "2": 0.0013921661,
            "3": 1.438715195e-23
        },
        "2": {
            "0": 0.5887680654,
            "1": 0.8201045336,
            "2": 0.8964983738,
            "3": 0.0719682289
        },
        "3": {
            "0": 1.766229999e-21,
            "1": 0.1753107304,
            "2": 0.0295298368,
            "3": 0.5914342234
        },
        "4": {
            "0": 2.899097492e-35,
            "1": 1.602859363e-54,
            "2": 0.0725796233,
            "3": 0.3365975476
        }
    }
}