{
    "source_schema": "Torres_Corredor_et_al_2017",
    "source_taxonomy": "P_R",
    "target_schema": "Mavrouli_et_al_2014",
    "target_taxonomy": "W_MR_LD",
    "source_damage_states": [
        0,
        1,
        2,
        3
    ],
    "target_damage_states": [
        0,
        2,
        3,
        4
    ],
    "conv_matrix": {
        "0": {
            "0": 0.1532533628,
            "1": 0.0022748264,
            "2": 1.098e-07,
            "3": 0.0
        },
        "2": {
            "0": 0.8467466371,
            "1": 0.8450845373,
            "2": 0.8112453528,
            "3": 0.4562615065
        },
        "3": {
            "0": 0.0,
            "1": 0.1526406364,
            "2": 0.1488272746,
            "3": 0.3120312277
        },
        "4": {
            "0": 5.254984201e-25,
            "1": 5.385695676e-47,
            "2": 0.0399272628,
            "3": 0.2317072658
        }
    }
}