{
    "source_schema": "Torres_Corredor_et_al_2017",
    "source_taxonomy": "LM_B",
    "target_schema": "Mavrouli_et_al_2014",
    "target_taxonomy": "W_MR_LD",
    "source_damage_states": [
        0,
        1,
        2,
        3
    ],
    "target_damage_states": [
        0,
        2,
        3,
        4
    ],
    "conv_matrix": {
        "0": {
            "0": 0.1612402329,
            "1": 0.0227131498,
            "2": 0.0,
            "3": 9.032e-07
        },
        "2": {
            "0": 0.8387597671,
            "1": 0.9772809829,
            "2": 0.3016228089,
            "3": 0.7427406935
        },
        "3": {
            "0": 3.197580878e-19,
            "1": 5.8647e-06,
            "2": 0.5548986381,
            "3": 0.0883220659
        },
        "4": {
            "0": 2.804766306e-22,
            "1": 2.6e-09,
            "2": 0.143478553,
            "3": 0.1689363374
        }
    }
}