{
    "source_schema": "Torres_Corredor_et_al_2017",
    "source_taxonomy": "L_R",
    "target_schema": "Mavrouli_et_al_2014",
    "target_taxonomy": "RC_S_HD",
    "source_damage_states": [
        0,
        1,
        2,
        3
    ],
    "target_damage_states": [
        0,
        2,
        3,
        4
    ],
    "conv_matrix": {
        "0": {
            "0": 0.0636008809,
            "1": 2.96824e-05,
            "2": 4.736732443e-23,
            "3": 1.831117224e-37
        },
        "2": {
            "0": 0.9363991191,
            "1": 0.9999703176,
            "2": 0.8680132318,
            "3": 0.3362694328
        },
        "3": {
            "0": 0.0,
            "1": 1.145374491e-17,
            "2": 0.1318773192,
            "3": 0.3804822051
        },
        "4": {
            "0": 4.638062475e-36,
            "1": 1.174184156e-57,
            "2": 0.0001094491,
            "3": 0.2832483621
        }
    }
}