{
    "source_schema": "Torres_Corredor_et_al_2017",
    "source_taxonomy": "P_R",
    "target_schema": "Mavrouli_et_al_2014",
    "target_taxonomy": "RC_S_HD",
    "source_damage_states": [
        0,
        1,
        2,
        3
    ],
    "target_damage_states": [
        0,
        2,
        3,
        4
    ],
    "conv_matrix": {
        "0": {
            "0": 0.0612977916,
            "1": 1.6901e-06,
            "2": 0.0,
            "3": 4.835556599e-19
        },
        "2": {
            "0": 0.9387022084,
            "1": 0.999950663,
            "2": 0.8558414578,
            "3": 0.4564891489
        },
        "3": {
            "0": 1.108819841e-16,
            "1": 4.76469e-05,
            "2": 0.1230879693,
            "3": 0.3441205584
        },
        "4": {
            "0": 5.920625946e-28,
            "1": 6.944722942e-27,
            "2": 0.0210705729,
            "3": 0.1993902927
        }
    }
}