{
    "source_schema": "Torres_Corredor_et_al_2017",
    "source_taxonomy": "LM_M",
    "target_schema": "Mavrouli_et_al_2014",
    "target_taxonomy": "W_MR_LD",
    "source_damage_states": [
        0,
        1,
        2,
        3
    ],
    "target_damage_states": [
        0,
        2,
        3,
        4
    ],
    "conv_matrix": {
        "0": {
            "0": 0.2906110243,
            "1": 0.0045011853,
            "2": 4.4817e-05,
            "3": 4.86606429e-20
        },
        "2": {
            "0": 0.7093889757,
            "1": 0.7487748605,
            "2": 0.7374196484,
            "3": 0.5004328179
        },
        "3": {
            "0": 1.143487151e-19,
            "1": 0.2467239542,
            "2": 0.2573157559,
            "3": 0.2493455606
        },
        "4": {
            "0": 6.14323888e-31,
            "1": 3.013893167e-39,
            "2": 0.0052197787,
            "3": 0.2502216215
        }
    }
}