{
    "source_schema": "Torres_Corredor_et_al_2017",
    "source_taxonomy": "LM_R",
    "target_schema": "Mavrouli_et_al_2014",
    "target_taxonomy": "W_MR_HD",
    "source_damage_states": [
        0,
        1,
        2,
        3
    ],
    "target_damage_states": [
        0,
        2,
        3,
        4
    ],
    "conv_matrix": {
        "0": {
            "0": 0.4154877289,
            "1": 0.0051818128,
            "2": 0.0055236716,
            "3": 2e-10
        },
        "2": {
            "0": 0.5845122711,
            "1": 0.9911005936,
            "2": 0.9944763204,
            "3": 0.4147730621
        },
        "3": {
            "0": 3.679364491e-22,
            "1": 0.0037175936,
            "2": 7.9e-09,
            "3": 0.3991339447
        },
        "4": {
            "0": 6.055684625e-46,
            "1": 1.440795757e-32,
            "2": 1.875606551e-20,
            "3": 0.186092993
        }
    }
}