{
    "source_schema": "Torres_Corredor_et_al_2017",
    "source_taxonomy": "LM_R",
    "target_schema": "Mavrouli_et_al_2014",
    "target_taxonomy": "RC_S_HD",
    "source_damage_states": [
        0,
        1,
        2,
        3
    ],
    "target_damage_states": [
        0,
        2,
        3,
        4
    ],
    "conv_matrix": {
        "0": {
            "0": 0.3743563352,
            "1": 8.43e-07,
            "2": 1.135e-07,
            "3": 5.677057567e-28
        },
        "2": {
            "0": 0.6256436648,
            "1": 0.9918566806,
            "2": 0.9999998719,
            "3": 0.3943254835
        },
        "3": {
            "0": 6.730366981e-20,
            "1": 0.0081424764,
            "2": 1.46e-08,
            "3": 0.3935628448
        },
        "4": {
            "0": 7.557020757e-42,
            "1": 2.232162356e-18,
            "2": 8.069920493e-21,
            "3": 0.2121116717
        }
    }
}