{
    "source_schema": "Torres_Corredor_et_al_2017",
    "source_taxonomy": "P_M",
    "target_schema": "Mavrouli_et_al_2014",
    "target_taxonomy": "RC_S_HD",
    "source_damage_states": [
        0,
        1,
        2,
        3
    ],
    "target_damage_states": [
        0,
        2,
        3,
        4
    ],
    "conv_matrix": {
        "0": {
            "0": 0.3667510488,
            "1": 8.926e-06,
            "2": 7.5e-09,
            "3": 6.766954941e-31
        },
        "2": {
            "0": 0.6332489512,
            "1": 0.9999036423,
            "2": 0.8193658496,
            "3": 0.1951165168
        },
        "3": {
            "0": 2.228790845e-22,
            "1": 8.74316e-05,
            "2": 0.1793427891,
            "3": 0.4379348773
        },
        "4": {
            "0": 7.149509407e-41,
            "1": 7.680176381e-24,
            "2": 0.0012913537,
            "3": 0.3669486059
        }
    }
}