{
    "source_schema": "Torres_Corredor_et_al_2017",
    "source_taxonomy": "LM_R",
    "target_schema": "Mavrouli_et_al_2014",
    "target_taxonomy": "W_MR_MD",
    "source_damage_states": [
        0,
        1,
        2,
        3
    ],
    "target_damage_states": [
        0,
        2,
        3,
        4
    ],
    "conv_matrix": {
        "0": {
            "0": 0.415411261,
            "1": 0.0050691349,
            "2": 0.0028092199,
            "3": 1.446090859e-19
        },
        "2": {
            "0": 0.584588739,
            "1": 0.7422064946,
            "2": 0.9971906657,
            "3": 0.3985690508
        },
        "3": {
            "0": 1.240950553e-19,
            "1": 0.2527243706,
            "2": 1.144e-07,
            "3": 0.3496974775
        },
        "4": {
            "0": 1.739421113e-40,
            "1": 6.992569264e-47,
            "2": 0.0,
            "3": 0.2517334718
        }
    }
}