{
    "source_schema": "Torres_Corredor_et_al_2017",
    "source_taxonomy": "P_R",
    "target_schema": "Mavrouli_et_al_2014",
    "target_taxonomy": "W_MR_HD",
    "source_damage_states": [
        0,
        1,
        2,
        3
    ],
    "target_damage_states": [
        0,
        2,
        3,
        4
    ],
    "conv_matrix": {
        "0": {
            "0": 0.2022572427,
            "1": 0.0023481139,
            "2": 0.0002482087,
            "3": 7.31e-08
        },
        "2": {
            "0": 0.7977427573,
            "1": 0.9976510991,
            "2": 0.8529842564,
            "3": 0.4782731761
        },
        "3": {
            "0": 4.885290013e-18,
            "1": 7.87e-07,
            "2": 0.1307313719,
            "3": 0.3459854739
        },
        "4": {
            "0": 3.207788872e-29,
            "1": 3.546015644e-37,
            "2": 0.0160361629,
            "3": 0.1757412769
        }
    }
}