{
    "source_schema": "Torres_Corredor_et_al_2017",
    "source_taxonomy": "P_B",
    "target_schema": "Mavrouli_et_al_2014",
    "target_taxonomy": "RC_MD",
    "source_damage_states": [
        0,
        1,
        2,
        3
    ],
    "target_damage_states": [
        0,
        2,
        3,
        4
    ],
    "conv_matrix": {
        "0": {
            "0": 0.130580617,
            "1": 0.0225069927,
            "2": 0.0011659525,
            "3": 1e-10
        },
        "2": {
            "0": 0.8694193825,
            "1": 0.9774930073,
            "2": 0.8779664489,
            "3": 0.5981524194
        },
        "3": {
            "0": 5e-10,
            "1": 3.903235124e-24,
            "2": 0.1132202191,
            "3": 0.2709258093
        },
        "4": {
            "0": 3.616399501e-48,
            "1": 6.689491643e-53,
            "2": 0.0076473795,
            "3": 0.1309217712
        }
    }
}