{
    "source_schema": "Torres_Corredor_et_al_2017",
    "source_taxonomy": "LM_M",
    "target_schema": "Mavrouli_et_al_2014",
    "target_taxonomy": "RC_S_HD",
    "source_damage_states": [
        0,
        1,
        2,
        3
    ],
    "target_damage_states": [
        0,
        2,
        3,
        4
    ],
    "conv_matrix": {
        "0": {
            "0": 0.1463690257,
            "1": 1.0135e-06,
            "2": 1.5e-09,
            "3": 1.07974138e-30
        },
        "2": {
            "0": 0.8536309743,
            "1": 0.9679412925,
            "2": 0.8268890564,
            "3": 0.4639040776
        },
        "3": {
            "0": 1.961846061e-20,
            "1": 0.032057694,
            "2": 0.148719779,
            "3": 0.3326251339
        },
        "4": {
            "0": 2.921243729e-33,
            "1": 1.642430984e-17,
            "2": 0.0243911631,
            "3": 0.2034707885
        }
    }
}