{
    "source_schema": "Torres_Corredor_et_al_2017",
    "source_taxonomy": "L_B",
    "target_schema": "Mavrouli_et_al_2014",
    "target_taxonomy": "RC_S_HD",
    "source_damage_states": [
        0,
        1,
        2,
        3
    ],
    "target_damage_states": [
        0,
        2,
        3,
        4
    ],
    "conv_matrix": {
        "0": {
            "0": 0.0790216119,
            "1": 0.0036224962,
            "2": 0.0,
            "3": 4.111716908e-26
        },
        "2": {
            "0": 0.9209783862,
            "1": 0.9963775038,
            "2": 0.9263653914,
            "3": 0.4463747952
        },
        "3": {
            "0": 1.9e-09,
            "1": 6.672797103e-16,
            "2": 0.0736346086,
            "3": 0.3499414357
        },
        "4": {
            "0": 9.058182806e-37,
            "1": 9.024323076e-46,
            "2": 0.0,
            "3": 0.2036837691
        }
    }
}