{
    "source_schema": "Torres_Corredor_et_al_2017",
    "source_taxonomy": "LM_M",
    "target_schema": "Mavrouli_et_al_2014",
    "target_taxonomy": "W_MR_HD",
    "source_damage_states": [
        0,
        1,
        2,
        3
    ],
    "target_damage_states": [
        0,
        2,
        3,
        4
    ],
    "conv_matrix": {
        "0": {
            "0": 0.2911191034,
            "1": 0.0046012295,
            "2": 0.0030007563,
            "3": 2e-10
        },
        "2": {
            "0": 0.7088808966,
            "1": 0.9812053347,
            "2": 0.840164499,
            "3": 0.4745816578
        },
        "3": {
            "0": 2.444822389e-22,
            "1": 0.0141934358,
            "2": 0.1526502141,
            "3": 0.3405630398
        },
        "4": {
            "0": 5.150756001e-34,
            "1": 6.072618227e-28,
            "2": 0.0041845305,
            "3": 0.1848553022
        }
    }
}