{
    "source_schema": "Torres_Corredor_et_al_2017",
    "source_taxonomy": "LM_B",
    "target_schema": "Mavrouli_et_al_2014",
    "target_taxonomy": "RC_MD",
    "source_damage_states": [
        0,
        1,
        2,
        3
    ],
    "target_damage_states": [
        0,
        2,
        3,
        4
    ],
    "conv_matrix": {
        "0": {
            "0": 0.172103048,
            "1": 0.0262144448,
            "2": 3.3e-09,
            "3": 0.0007629283
        },
        "2": {
            "0": 0.827896952,
            "1": 0.9737666509,
            "2": 0.554443115,
            "3": 0.6710397321
        },
        "3": {
            "0": 3.809098807e-18,
            "1": 1.89038e-05,
            "2": 0.3007217951,
            "3": 0.2259663297
        },
        "4": {
            "0": 1.318075671e-26,
            "1": 5e-10,
            "2": 0.1448350866,
            "3": 0.1022310099
        }
    }
}