{
    "source_schema": "Torres_Corredor_et_al_2017",
    "source_taxonomy": "P_M",
    "target_schema": "Mavrouli_et_al_2014",
    "target_taxonomy": "RC_MD",
    "source_damage_states": [
        0,
        1,
        2,
        3
    ],
    "target_damage_states": [
        0,
        2,
        3,
        4
    ],
    "conv_matrix": {
        "0": {
            "0": 0.4112974916,
            "1": 0.0046864592,
            "2": 0.0027554806,
            "3": 0.0
        },
        "2": {
            "0": 0.5887025084,
            "1": 0.9953123683,
            "2": 0.8080394824,
            "3": 0.2444159451
        },
        "3": {
            "0": 5.754253492e-25,
            "1": 1.1724e-06,
            "2": 0.1814044004,
            "3": 0.4429284725
        },
        "4": {
            "0": 5.514456171e-40,
            "1": 2.761449237e-38,
            "2": 0.0078006365,
            "3": 0.3126555824
        }
    }
}