{
    "source_schema": "Torres_Corredor_et_al_2017",
    "source_taxonomy": "LM_B",
    "target_schema": "Mavrouli_et_al_2014",
    "target_taxonomy": "RC_S_HD",
    "source_damage_states": [
        0,
        1,
        2,
        3
    ],
    "target_damage_states": [
        0,
        2,
        3,
        4
    ],
    "conv_matrix": {
        "0": {
            "0": 0.0807184142,
            "1": 4.3226e-06,
            "2": 1.839091528e-22,
            "3": 0.0
        },
        "2": {
            "0": 0.9192815858,
            "1": 0.9999820872,
            "2": 0.5109305011,
            "3": 0.6756208597
        },
        "3": {
            "0": 5.410884344e-18,
            "1": 1.35889e-05,
            "2": 0.2775440686,
            "3": 0.2349917042
        },
        "4": {
            "0": 1.658964608e-27,
            "1": 1.3e-09,
            "2": 0.2115254303,
            "3": 0.0893874361
        }
    }
}