{
    "source_schema": "Torres_Corredor_et_al_2017",
    "source_taxonomy": "L_M",
    "target_schema": "Mavrouli_et_al_2014",
    "target_taxonomy": "RC_S_HD",
    "source_damage_states": [
        0,
        1,
        2,
        3
    ],
    "target_damage_states": [
        0,
        2,
        3,
        4
    ],
    "conv_matrix": {
        "0": {
            "0": 0.083647221,
            "1": 5.218e-06,
            "2": 1.197156994e-20,
            "3": 2.463846088e-37
        },
        "2": {
            "0": 0.916352779,
            "1": 0.999994782,
            "2": 0.8706884314,
            "3": 0.3243455568
        },
        "3": {
            "0": 4.105926252e-16,
            "1": 9.651921574e-18,
            "2": 0.1292696767,
            "3": 0.3888395962
        },
        "4": {
            "0": 1.077865394e-39,
            "1": 1.424616724e-61,
            "2": 4.18919e-05,
            "3": 0.286814847
        }
    }
}