{
    "source_schema": "Torres_Corredor_et_al_2017",
    "source_taxonomy": "L_R",
    "target_schema": "Mavrouli_et_al_2014",
    "target_taxonomy": "RC_LD",
    "source_damage_states": [
        0,
        1,
        2,
        3
    ],
    "target_damage_states": [
        0,
        2,
        3,
        4
    ],
    "conv_matrix": {
        "0": {
            "0": 0.1884017941,
            "1": 0.0001302039,
            "2": 0.0,
            "3": 9.134462377e-18
        },
        "2": {
            "0": 0.8115982059,
            "1": 0.9998697961,
            "2": 0.9390375219,
            "3": 0.1831762903
        },
        "3": {
            "0": 3.570797871e-16,
            "1": 8.443986581e-18,
            "2": 0.0052557952,
            "3": 0.5430081863
        },
        "4": {
            "0": 1.26604868e-26,
            "1": 5.764912524e-55,
            "2": 0.0557066829,
            "3": 0.2738155234
        }
    }
}